Name    lms_peak    lms_sigma   lms_chi2/ndf  alpha_peak (g1) alpha_sigma (g2)alpha_chi2/ndf (g3)
LMS1    3911.006    98.983      1.229         4535.674        136.293         1.579           
LMS2    9398.952    134.739     0.853         4002.570        107.679         0.538           
LMS3    2296.154    75.029      1.114         4996.014        141.345         1.422           
W1      10384.503   185.184     1.208         12043.123       4422.270        22594.793       
W2      4119.673    88.721      0.631         4777.669        1754.374        8963.660        
W3      6782.624    121.824     1.129         7865.949        2888.399        14757.757       
W4      8969.421    152.497     1.228         10402.022       3819.653        19515.830       
W5      7184.793    136.021     0.730         8332.353        3059.664        15632.805       
W6      2165.699    76.859      1.283         2511.606        922.269         4712.168        
W7      10002.183   181.395     0.779         11599.738       4259.458        21762.932       
W8      3487.983    88.498      0.940         4045.086        1485.367        7589.217        
W9      1929.220    63.048      0.695         2237.356        821.564         4197.632        
W10     2746.437    75.334      1.158         3185.100        1169.578        5975.749        
W11     5645.193    105.457     0.576         6546.847        2404.021        12282.915       
W12     4044.662    90.566      0.233         4690.678        1722.431        8800.450        
W13     5459.073    115.619     1.991         6331.000        2324.762        11877.952       
W14     4677.080    93.223      1.075         5424.106        1991.748        10176.477       
W15     6631.451    139.171     1.003         7690.630        2824.022        14428.832       
W16     4487.927    96.111      0.423         5204.742        1911.196        9764.914        
W17     7830.350    126.131     0.674         9081.019        3334.576        17037.418       
W18     517.908     49.968      12.939        600.628         220.553         1126.873        
W19     5692.889    114.732     0.634         6602.160        2424.333        12386.691       
W20     4548.438    96.561      0.524         5274.917        1936.965        9896.574        
W21     3683.472    93.694      0.877         4271.799        1568.617        8014.567        
W22     6739.787    146.753     1.134         7816.270        2870.157        14664.551       
W23     4916.814    107.877     1.007         5702.131        2093.839        10698.095       
W24     4960.755    112.983     0.766         5753.090        2112.552        10793.702       
W25     4855.025    92.995      0.784         5630.473        2067.526        10563.653       
W26     6278.188    125.692     0.643         7280.945        2673.584        13660.197       
W27     4047.460    95.181      1.018         4693.923        1723.622        8806.538        
W28     3645.147    81.225      1.163         4227.353        1552.296        7931.179        
W29     4486.069    101.178     0.368         5202.587        1910.405        9760.872        
W30     6105.935    103.583     0.948         7081.179        2600.229        13285.405       
W31     6145.728    115.517     1.198         7127.328        2617.176        13371.988       
W32     7173.821    122.305     1.136         8319.628        3054.992        15608.932       
W33     4828.918    93.474      1.384         5600.196        2056.408        10506.849       
W34     8002.028    132.588     1.084         9280.117        3407.686        17410.959       
W35     6913.047    133.407     1.091         8017.204        2943.940        15041.536       
W36     3743.472    94.338      0.853         4341.382        1594.168        8145.116        
W37     4362.603    97.452      1.090         5059.401        1857.827        9492.231        
W38     4389.961    93.240      0.698         5091.128        1869.477        9551.758        
W39     6487.803    116.116     0.456         7524.040        2762.849        14116.281       
W40     6530.771    110.634     0.536         7573.870        2781.147        14209.771       
W41     4895.630    106.495     0.496         5677.563        2084.818        10652.002       
W42     3046.062    75.167      1.895         3532.581        1297.174        6627.678        
W43     7464.792    128.169     1.116         8657.073        3178.902        16242.030       
W44     7226.354    134.968     1.032         8380.552        3077.363        15723.234       
W45     5259.632    99.982      0.638         6099.704        2239.829        11444.004       
W46     6620.298    118.338     1.233         7677.696        2819.272        14404.565       
W47     6330.696    113.130     0.903         7341.839        2695.945        13774.444       
W48     1773.655    59.939      0.963         2056.944        755.316         3859.151        
W49     4280.411    105.838     1.144         4964.081        1822.825        9313.396        
W50     7018.055    118.727     0.794         8138.983        2988.658        15270.014       
W51     5311.594    108.216     1.145         6159.966        2261.957        11557.064       
W52     5875.917    112.168     0.767         6814.423        2502.276        12784.929       
W53     2050.003    64.407      1.119         2377.431        873.000         4460.435        
W54     5253.522    100.937     1.427         6092.618        2237.227        11430.710       
W55     2494.973    66.109      1.311         2893.471        1062.491        5428.607        
W56     5894.282    117.907     0.989         6835.720        2510.096        12824.887       
W57     4972.822    104.846     0.470         5767.084        2117.690        10819.957       
W58     6744.475    122.650     1.211         7821.707        2872.153        14674.752       
W59     4352.746    93.202      1.173         5047.969        1853.629        9470.785        
W60     7969.545    125.023     0.865         9242.447        3393.853        17340.283       
W61     4461.657    97.522      0.759         5174.276        1900.009        9707.756        
W62     4887.654    93.833      0.809         5668.313        2081.421        10634.647       
W63     6169.721    110.555     0.636         7155.153        2627.393        13424.191       
W64     4934.707    95.726      1.495         5722.882        2101.459        10737.026       
W65     7516.988    137.454     0.687         8717.607        3201.130        16355.602       
W66     7929.182    153.458     0.517         9195.636        3376.664        17252.459       
W67     7677.234    134.918     0.844         8903.446        3269.372        16704.266       
W68     6703.155    126.357     0.682         7773.788        2854.557        14584.848       
W69     4642.806    108.612     1.303         5384.357        1977.152        10101.901       
W70     3898.605    90.781      0.433         4521.293        1660.232        8482.656        
W71     5489.681    99.223      1.122         6366.497        2337.796        11944.549       
W72     4498.857    105.228     0.495         5217.418        1915.851        9788.697        
W73     5490.702    117.492     0.902         6367.680        2338.231        11946.770       
W74     6459.169    119.722     0.691         7490.832        2750.655        14053.979       
W75     8117.958    143.955     1.051         9414.564        3457.055        17663.203       
W76     6526.580    126.500     2.083         7569.009        2779.362        14200.651       
W77     4420.564    96.152      0.578         5126.619        1882.510        9618.344        
W78     6091.918    107.786     0.919         7064.924        2594.260        13254.907       
W79     5731.385    108.435     1.089         6646.805        2440.726        12470.452       
W80     6336.168    112.897     0.693         7348.185        2698.275        13786.351       
W81     4172.874    99.679      0.707         4839.368        1777.030        9079.415        
W82     4134.647    91.614      1.079         4795.036        1760.751        8996.242        
W83     4177.355    92.643      1.177         4844.565        1778.938        9089.165        
W84     3753.129    88.399      1.599         4352.581        1598.280        8166.127        
W85     3120.653    81.956      1.497         3619.086        1328.939        6789.974        
W86     1340.190    62.101      2.490         1554.246        570.723         2916.009        
W87     4589.297    111.890     1.877         5322.302        1954.365        9985.477        
W88     4743.363    103.275     1.026         5500.977        2019.974        10320.697       
W89     6299.068    118.246     0.894         7305.160        2682.476        13705.628       
W90     3427.754    84.863      1.037         3975.237        1459.719        7458.170        
W91     2197.161    69.759      1.178         2548.093        935.667         4780.623        
W92     5390.775    110.263     1.116         6251.793        2295.677        11729.347       
W93     3464.312    77.944      1.148         4017.634        1475.287        7537.713        
W94     8030.114    126.081     0.518         9312.689        3419.646        17472.070       
W95     4144.835    93.829      1.547         4806.851        1765.089        9018.408        
W96     4274.476    94.600      1.252         4957.198        1820.297        9300.482        
W97     6609.193    117.012     0.678         7664.818        2814.543        14380.404       
W98     7154.800    131.251     0.726         8297.569        3046.892        15567.546       
W99     7959.812    140.507     2.333         9231.159        3389.708        17319.105       
W100    6001.423    112.668     0.620         6959.974        2555.723        13058.006       
W101    5461.674    115.192     0.585         6334.016        2325.869        11883.610       
W102    6593.540    124.604     0.731         7646.664        2807.877        14346.344       
W103    8726.159    137.045     1.422         10119.907       3716.059        18986.537       
W104    4582.480    98.952      1.226         5314.396        1951.462        9970.644        
W105    5489.992    115.641     0.969         6366.857        2337.928        11945.225       
W106    4064.401    98.209      0.556         4713.569        1730.836        8843.397        
W107    10214.784   189.244     0.840         11846.297       4349.994        22225.516       
W108    5657.911    104.992     1.260         6561.596        2409.437        12310.587       
W109    5898.209    127.140     1.133         6840.275        2511.769        12833.432       
W110    5518.172    118.703     0.383         6399.539        2349.929        12006.541       
W111    4701.338    100.813     0.520         5452.239        2002.078        10229.259       
W112    5894.106    110.551     0.794         6835.517        2510.021        12824.504       
W113    3440.978    80.089      0.972         3990.574        1465.350        7486.944        
W114    5043.146    105.297     0.812         5848.640        2147.638        10972.969       
W115    5843.657    126.165     1.020         6777.010        2488.538        12714.735       
W116    1749.370    70.687      0.901         2028.781        744.974         3806.312        
W117    3137.041    82.485      0.666         3638.091        1335.918        6825.631        
W118    6262.128    122.552     0.723         7262.320        2666.745        13625.254       
W119    3232.831    78.299      0.775         3749.181        1376.710        7034.054        
W120    3545.314    86.423      1.197         4111.574        1509.782        7713.959        
W121    7020.689    142.947     0.982         8142.039        2989.780        15275.745       
W122    9129.141    145.321     0.975         10587.253       3887.670        19863.352       
W123    6087.609    110.204     1.325         7059.926        2592.425        13245.531       
W124    4931.128    107.480     0.878         5718.731        2099.935        10729.240       
W125    5905.346    118.490     0.893         6848.552        2514.808        12848.961       
W126    4505.972    97.983      0.585         5225.669        1918.881        9804.177        
W127    3506.494    87.026      0.731         4066.554        1493.250        7629.495        
W128    4186.857    90.878      0.831         4855.584        1782.985        9109.840        
W129    7599.791    123.681     0.473         8813.635        3236.392        16535.766       
W130    1501.737    63.958      1.728         1741.595        639.519         3267.507        
W131    5654.943    107.205     0.714         6558.154        2408.173        12304.128       
W132    4359.928    91.356      1.622         5056.299        1856.688        9486.412        
W133    7106.300    128.498     1.168         8241.323        3026.238        15462.019       
W134    4895.258    109.353     0.844         5677.132        2084.659        10651.193       
W135    7456.417    120.348     0.853         8647.361        3175.336        16223.809       
W136    6323.986    117.332     1.171         7334.058        2693.087        13759.846       
W137    5716.628    103.145     0.565         6629.692        2434.442        12438.345       
W138    7385.072    137.527     0.861         8564.620        3144.954        16068.575       
W139    3399.566    92.443      0.331         3942.547        1447.715        7396.837        
W140    5030.949    105.628     0.974         5834.496        2142.444        10946.432       
W141    4201.530    101.718     0.947         4872.601        1789.233        9141.766        
W142    6608.592    119.020     0.896         7664.121        2814.287        14379.096       
W143    7663.970    130.592     1.222         8888.064        3263.723        16675.406       
W144    5940.542    120.421     1.105         6889.369        2529.796        12925.540       
W145    3200.976    83.150      1.102         3712.238        1363.144        6964.741        
W146    4400.969    93.326      0.438         5103.894        1874.165        9575.709        
W147    3763.783    99.948      0.577         4364.937        1602.817        8189.308        
W148    8076.189    128.075     0.919         9366.123        3439.268        17572.320       
W149    4066.268    92.541      1.026         4715.735        1731.632        8847.461        
W150    2072.264    67.038      0.724         2403.247        882.479         4508.870        
W151    3135.635    77.990      1.335         3636.460        1335.319        6822.572        
W152    6675.698    117.354     0.836         7741.944        2842.865        14525.105       
W153    4464.377    94.750      0.635         5177.431        1901.168        9713.674        
W154    4822.332    106.338     0.951         5592.558        2053.604        10492.519       
W155    6679.262    119.391     0.852         7746.079        2844.382        14532.861       
W156    2858.704    82.462      1.298         3315.298        1217.387        6220.021        
W157    4986.071    109.335     0.623         5782.450        2123.333        10848.785       
W158    5473.322    106.448     0.610         6347.525        2330.830        11908.955       
W159    4433.428    91.962      0.956         5141.538        1887.988        9646.334        
W160    2431.584    73.293      0.691         2819.958        1035.497        5290.685        
W161    6380.855    109.058     1.073         7400.010        2717.305        13883.582       
W162    2702.406    87.710      0.519         3134.037        1150.827        5879.946        
W163    3589.550    86.581      0.755         4162.875        1528.620        7810.208        
W164    8217.965    132.873     1.185         9530.544        3499.643        17880.799       
W165    7430.373    135.182     0.900         8617.156        3164.245        16167.142       
W166    3173.570    87.152      1.016         3680.455        1351.474        6905.112        
W167    1821.636    75.062      2.148         2112.589        775.749         3963.549        
W168    2894.604    80.968      0.918         3356.933        1232.675        6298.134        
W169    4622.968    97.040      0.719         5361.351        1968.704        10058.738       
W170    4161.648    91.677      1.144         4826.349        1772.250        9054.990        
W171    7517.786    124.683     1.099         8718.531        3201.470        16357.336       
W172    3635.732    104.373     1.488         4216.434        1548.287        7910.692        
W173    6559.198    116.576     0.782         7606.838        2793.253        14271.624       
W174    4159.049    93.526      0.840         4823.335        1771.143        9049.336        
W175    7204.053    140.956     1.314         8354.689        3067.866        15674.711       
W176    5316.788    116.156     1.301         6165.989        2264.169        11568.365       
W177    6780.134    114.380     0.896         7863.062        2887.339        14752.341       
W178    6014.572    126.578     1.053         6975.224        2561.322        13086.617       
W179    4694.469    95.082      2.384         5444.272        1999.153        10214.312       
W180    4705.920    93.827      1.358         5457.553        2004.029        10239.227       
W181    4835.523    102.771     0.816         5607.856        2059.221        10521.221       
W182    4446.466    94.953      1.054         5156.658        1893.540        9674.702        
W183    2631.773    81.730      0.277         3052.122        1120.748        5726.260        
W184    4302.258    97.990      1.031         4989.417        1832.129        9360.931        
W185    6758.580    113.768     0.553         7838.065        2878.160        14705.441       
W186    6336.658    118.257     0.968         7348.753        2698.484        13787.417       
W187    2510.213    78.422      0.457         2911.146        1068.981        5461.768        
W188    3650.916    89.299      0.566         4234.043        1554.753        7943.730        
W189    5417.628    104.212     2.278         6282.935        2307.112        11787.774       
W190    5662.791    118.919     0.508         6567.256        2411.515        12321.205       
W191    5887.710    106.227     1.587         6828.100        2507.298        12810.588       
W192    5054.602    103.094     1.008         5861.926        2152.516        10997.896       
W193    3235.738    81.276      1.335         3752.552        1377.948        7040.378        
W194    3143.572    86.849      0.338         3645.665        1338.699        6839.841        
W195    5449.844    112.181     0.768         6320.297        2320.832        11857.871       
W196    2326.227    66.831      1.092         2697.774        990.630         5061.448        
W197    6166.994    120.128     1.915         7151.990        2626.231        13418.258       
W198    2895.257    82.491      2.621         3357.689        1232.953        6299.553        
W199    4882.781    100.367     0.869         5662.662        2079.346        10624.044       
W200    3718.903    86.529      0.996         4312.889        1583.705        8091.657        
W201    8873.883    150.240     0.912         10291.226       3778.968        19307.957       
W202    3224.274    77.209      1.030         3739.258        1373.066        7015.436        
W203    7051.502    127.071     0.713         8177.772        3002.902        15342.788       
W204    5371.488    106.915     0.731         6229.426        2287.463        11687.382       
W205    7284.665    154.816     1.126         8448.176        3102.195        15850.107       
W206    5020.499    99.105      1.513         5822.376        2137.993        10923.693       
W207    7341.665    125.450     0.795         8514.281        3126.469        15974.130       
W208    5029.869    107.208     0.427         5833.243        2141.984        10944.081       
W209    5044.842    111.168     0.855         5850.608        2148.360        10976.661       
W210    3620.667    94.402      0.803         4198.962        1541.871        7877.913        
W211    8505.835    136.417     1.073         9864.393        3622.234        18507.152       
W212    5991.922    116.356     1.862         6948.956        2551.677        13037.334       
W213    7097.896    122.803     0.606         8231.577        3022.659        15443.733       
W214    5590.931    103.689     0.888         6483.918        2380.914        12164.851       
W215    8072.304    130.946     0.678         9361.618        3437.614        17563.869       
W216    7206.893    124.466     0.575         8357.982        3069.075        15680.891       
W217    4090.806    96.317      0.710         4744.192        1742.081        8900.851        
W218    3232.491    85.307      0.415         3748.787        1376.565        7033.313        
W219    4633.908    95.854      1.957         5374.039        1973.363        10082.541       
W220    7683.333    133.969     1.539         8910.520        3271.969        16717.537       
W221    6598.543    99.298      0.644         7652.467        2810.008        14357.231       
W222    3427.193    85.751      1.090         3974.587        1459.480        7456.950        
W223    4380.051    89.826      0.806         5079.636        1865.257        9530.196        
W224    6736.684    124.461     0.977         7812.671        2868.835        14657.801       
W225    3987.738    97.458      1.504         4624.662        1698.189        8676.593        
W226    3608.206    92.144      0.663         4184.511        1536.565        7850.801        
W227    6064.259    116.766     1.994         7032.846        2582.481        13194.726       
W228    3384.289    88.791      0.898         3924.830        1441.209        7363.598        
W229    5857.682    108.193     0.829         6793.275        2494.510        12745.252       
W230    5594.421    105.584     1.596         6487.966        2382.400        12172.443       
W231    7097.625    127.756     1.432         8231.263        3022.543        15443.144       
W232    5848.033    106.290     0.610         6782.084        2490.401        12724.257       
W233    6247.864    116.233     0.668         7245.777        2660.670        13594.217       
W234    4498.454    104.568     1.337         5216.950        1915.679        9787.818        
W235    6880.086    126.632     1.000         7978.979        2929.904        14969.818       
W236    9454.704    165.054     0.665         10964.816       4026.312        20571.719       
W237    4643.824    100.285     1.510         5385.539        1977.585        10104.117       
W238    6823.972    113.541     0.736         7913.901        2906.007        14847.724       
W239    5416.099    110.074     1.665         6281.162        2306.461        11784.447       
W240    9626.829    144.252     1.217         11164.433       4099.612        20946.232       
W241    3481.625    87.372      0.450         4037.712        1482.660        7575.383        
W242    7506.826    136.649     0.267         8705.822        3196.803        16333.489       
W243    2878.581    78.122      1.512         3338.350        1225.852        6263.270        
W244    3228.584    81.891      1.316         3744.255        1374.902        7024.812        
W245    7253.281    126.597     1.351         8411.779        3088.830        15781.821       
W246    5637.550    103.731     0.875         6537.983        2400.767        12266.286       
W247    2848.961    76.515      0.598         3304.000        1213.238        6198.823        
W248    5447.270    97.368      0.690         6317.312        2319.735        11852.271       
W249    6784.198    126.035     0.636         7867.774        2889.070        14761.182       
W250    5553.581    103.718     0.660         6440.602        2365.008        12083.583       
W251    3341.422    94.375      1.186         3875.116        1422.954        7270.328        
W252    4527.644    102.129     1.169         5250.802        1928.110        9851.331        
W253    1906.735    72.676      1.428         2211.280        811.989         4148.709        
W254    6914.824    110.033     0.890         8019.264        2944.697        15045.400       
W255    4529.508    90.777      0.734         5252.964        1928.904        9855.388        
W256    5150.134    113.194     0.720         5972.717        2193.199        11205.756       
W257    6446.664    108.342     0.935         7476.330        2745.330        14026.770       
W258    5812.321    99.458      0.895         6740.668        2475.193        12646.555       
W259    4456.015    97.982      1.269         5167.732        1897.606        9695.479        
W260    4721.322    110.952     0.632         5475.415        2010.588        10272.738       
W261    3871.175    77.362      1.130         4489.482        1648.551        8422.974        
W262    4307.682    88.961      0.929         4995.708        1834.438        9372.733        
W263    7330.661    144.775     1.085         8501.519        3121.782        15950.186       
W264    5311.299    99.891      0.356         6159.624        2261.832        11556.422       
W265    6115.796    105.240     1.751         7092.615        2604.429        13306.862       
W266    7170.439    133.006     1.650         8315.707        3053.552        15601.573       
W267    5068.805    98.347      1.125         5878.398        2158.565        11028.799       
W268    3047.405    75.302      0.581         3534.139        1297.746        6630.601        
W269    5852.018    113.065     1.588         6786.706        2492.098        12732.927       
W270    5221.337    119.814     1.490         6055.293        2223.521        11360.682       
W271    5954.311    99.361      1.278         6905.337        2535.660        12955.498       
W272    4572.237    87.029      1.500         5302.518        1947.100        9948.357        
W273    8182.351    132.875     1.189         9489.242        3484.477        17803.309       
W274    5980.273    104.680     1.457         6935.446        2546.716        13011.987       
W275    7272.686    127.075     1.005         8434.284        3097.094        15824.043       
W276    7513.011    124.369     1.353         8712.994        3199.437        16346.948       
W277    3917.811    92.578      0.678         4543.567        1668.411        8524.445        
W278    5867.435    111.879     1.000         6804.585        2498.664        12766.473       
W279    3305.143    80.477      1.161         3833.043        1407.505        7191.392        
W280    3745.033    81.934      1.338         4343.192        1594.833        8148.512        
W281    3646.404    82.212      0.809         4228.810        1552.831        7933.913        
W282    4779.566    96.147      1.167         5542.961        2035.392        10399.468       
W283    3573.840    78.441      0.194         4144.656        1521.930        7776.026        
W284    3198.927    81.601      2.338         3709.862        1362.272        6960.284        
W285    2555.160    73.537      1.630         2963.272        1088.122        5559.565        
W286    8517.238    131.321     0.943         9877.617        3627.090        18531.965       
W287    4150.176    87.402      0.681         4813.045        1767.364        9030.030        
W288    7681.164    135.366     1.490         8908.005        3271.045        16712.818       
W289    6200.911    108.906     1.335         7191.324        2640.675        13492.056       
W290    5643.099    108.430     0.946         6544.419        2403.130        12278.359       
W291    6114.034    146.030     1.144         7090.571        2603.678        13303.026       
W292    5085.095    102.841     1.039         5897.290        2165.502        11064.244       
W293    4439.814    93.375      1.005         5148.944        1890.707        9660.229        
W294    3128.664    98.906      0.744         3628.376        1332.350        6807.404        
W295    7437.755    126.627     0.430         8625.719        3167.389        16183.205       
W296    5154.314    104.398     0.942         5977.564        2194.979        11214.852       
W297    7677.343    125.351     0.858         8903.573        3269.418        16704.504       
W298    5176.938    97.115      1.195         6003.802        2204.614        11264.078       
W299    6677.558    103.022     0.883         7744.102        2843.657        14529.153       
W300    5582.386    110.977     0.924         6474.009        2377.275        12146.258       
W301    6223.269    113.290     0.841         7217.254        2650.197        13540.703       
W302    3647.162    95.252      1.221         4229.689        1553.154        7935.562        
W303    5756.467    106.387     0.547         6675.894        2451.408        12525.027       
W304    6086.566    116.939     0.771         7058.717        2591.981        13243.263       
W305    4009.744    85.809      0.560         4650.183        1707.561        8724.476        
W306    2362.752    79.589      1.521         2740.132        1006.185        5140.919        
W307    6428.482    114.628     0.808         7455.244        2737.587        13987.211       
W308    9449.880    138.531     1.001         10959.221       4024.258        20561.221       
W309    5568.914    110.732     2.247         6458.385        2371.538        12116.945       
W310    3704.609    85.167      0.674         4296.312        1577.618        8060.556        
W311    5212.657    116.442     0.633         6045.226        2219.824        11341.794       
W312    4699.764    109.546     1.139         5450.414        2001.408        10225.833       
W313    3689.322    87.074      1.456         4278.583        1571.108        8027.293        
W314    5021.878    97.705      1.747         5823.976        2138.581        10926.695       
W315    6594.752    117.116     0.947         7648.070        2808.394        14348.982       
W316    4570.051    98.855      0.333         5299.982        1946.169        9943.601        
W317    4605.883    96.976      0.956         5341.538        1961.428        10021.565       
W318    4623.750    92.902      0.549         5362.258        1969.037        10060.439       
W319    7524.084    118.981     1.310         8725.836        3204.152        16371.041       
W320    5355.504    114.305     1.133         6210.889        2280.656        11652.604       
W321    3232.232    89.122      0.411         3748.486        1376.455        7032.749        
W322    4401.589    101.683     0.660         5104.614        1874.429        9577.058        
W323    5466.897    106.781     0.966         6340.074        2328.094        11894.977       
W324    8076.664    130.862     1.122         9366.674        3439.470        17573.354       
W325    7098.827    115.707     0.994         8232.656        3023.055        15445.758       
W326    5406.271    103.914     0.870         6269.765        2302.276        11763.064       
W327    4759.588    100.598     0.384         5519.792        2026.884        10355.998       
W328    1249.087    62.392      3.974         1448.592        531.927         2717.787        
W329    3562.359    88.062      0.595         4131.341        1517.041        7751.046        
W330    6241.991    110.663     0.914         7238.966        2658.169        13581.438       
W331    6121.565    117.160     0.908         7099.305        2606.885        13319.414       
W332    6838.072    113.618     0.817         7930.253        2912.012        14878.402       
W333    3486.043    84.975      1.122         4042.836        1484.541        7584.996        
W334    5833.314    114.174     1.359         6765.015        2484.133        12692.232       
W335    3324.222    124.116     0.817         3855.169        1415.629        7232.903        
W336    8717.467    134.965     0.530         10109.827       3712.358        18967.625       
W337    5249.550    113.287     0.958         6088.011        2235.535        11422.067       
W338    3777.895    81.710      1.069         4381.303        1608.827        8220.014        
W339    1977.372    61.944      0.697         2293.199        842.069         4302.402        
W340    5577.261    109.356     0.329         6468.064        2375.092        12135.106       
W341    5537.200    113.485     0.826         6421.605        2358.032        12047.940       
W342    2960.998    81.447      0.499         3433.930        1260.949        6442.593        
W343    6110.162    117.186     0.977         7086.081        2602.030        13294.602       
W344    5565.882    114.110     0.668         6454.869        2370.247        12110.349       
W345    5697.019    105.393     1.153         6606.950        2426.091        12395.678       
W346    7270.536    127.046     0.752         8431.790        3096.178        15819.365       
W347    7448.845    127.670     1.086         8638.579        3172.111        16207.332       
W348    6027.285    117.965     0.838         6989.966        2566.736        13114.277       
W349    3293.644    86.040      2.340         3819.706        1402.607        7166.370        
W350    5157.116    106.942     0.790         5980.814        2196.172        11220.947       
W351    7492.307    139.200     0.953         8688.983        3190.620        16301.899       
W352    5232.489    105.518     0.492         6068.225        2228.270        11384.945       
W353    4752.652    97.595      0.783         5511.750        2023.930        10340.908       
W354    5337.042    116.563     1.318         6189.478        2272.794        11612.433       
W355    4562.908    97.069      0.843         5291.699        1943.127        9928.060        
W356    7275.915    120.081     1.062         8438.028        3098.469        15831.068       
W357    1289.192    54.798      0.920         1495.102        549.006         2805.047        
W358    1940.528    65.561      1.029         2250.471        826.379         4222.237        
W359    5628.780    110.108     0.892         6527.812        2397.032        12247.203       
W360    5189.196    110.546     1.143         6018.018        2209.834        11290.748       
W361    4649.939    100.255     0.599         5392.630        1980.189        10117.422       
W362    5437.799    114.274     0.955         6306.328        2315.702        11831.663       
W363    4917.651    103.144     0.915         5703.102        2094.196        10699.916       
W364    4997.964    102.908     0.877         5796.242        2128.397        10874.662       
W365    2311.440    78.982      1.336         2680.625        984.333         5029.273        
W366    11855.788   176.552     0.961         13749.402       5048.821        25796.041       
W367    6565.572    143.920     0.332         7614.229        2795.967        14285.492       
W368    6058.280    111.830     0.717         7025.913        2579.936        13181.718       
W369    7540.027    119.200     1.071         8744.325        3210.942        16405.730       
W370    8148.890    134.216     1.175         9450.437        3470.228        17730.506       
W371    5749.565    112.697     0.777         6667.890        2448.469        12510.010       
W372    3610.118    84.834      0.727         4186.729        1537.379        7854.961        
W373    5678.630    106.915     0.847         6585.625        2418.261        12355.668       
W374    8569.036    143.913     0.957         9937.688        3649.148        18644.666       
W375    6795.342    131.596     1.148         7880.699        2893.815        14785.430       
W376    2982.727    79.163      0.590         3459.131        1270.203        6489.873        
W377    6263.209    120.960     0.960         7263.573        2667.205        13627.604       
W378    5572.812    113.798     0.816         6462.906        2373.198        12125.428       
W379    3678.596    94.035      0.834         4266.144        1566.540        8003.957        
W380    5792.424    108.547     1.138         6717.594        2466.720        12603.264       
W381    6096.779    117.980     0.981         7070.561        2596.330        13265.483       
W382    4837.076    100.080     1.043         5609.657        2059.882        10524.598       
W383    4544.754    102.642     1.090         5270.646        1935.396        9888.561        
W384    5820.295    118.660     0.938         6749.917        2478.589        12663.905       
W385    6855.677    128.157     1.243         7950.670        2919.509        14916.708       
W386    2717.475    75.048      0.298         3151.512        1157.244        5912.732        
W387    5512.980    124.006     0.732         6393.518        2347.718        11995.244       
W388    5346.612    108.209     1.082         6200.576        2276.870        11633.256       
W389    5581.789    118.455     0.848         6473.316        2377.020        12144.958       
W390    4686.030    96.743      0.896         5434.485        1995.559        10195.950       
W391    5751.544    112.865     0.898         6670.185        2449.311        12514.316       
W392    1763.914    59.459      0.516         2045.647        751.168         3837.956        
W393    5146.451    97.914      0.657         5968.446        2191.631        11197.742       
W394    4837.254    91.074      1.142         5609.864        2059.958        10524.987       
W395    3275.010    87.218      1.118         3798.097        1394.672        7125.828        
W396    4975.479    108.901     0.874         5770.166        2118.822        10825.739       
W397    4332.717    94.063      1.502         5024.742        1845.100        9427.205        
W398    7684.855    144.946     0.884         8912.285        3272.617        16720.850       
W399    2898.276    85.568      0.661         3361.191        1234.239        6306.123        
W400    5513.838    108.774     1.626         6394.513        2348.083        11997.110       
W401    5803.473    110.275     1.040         6730.407        2471.425        12627.303       
W402    10193.626   177.518     0.956         11821.759       4340.984        22179.479       
W403    6721.108    123.704     0.622         7794.607        2862.203        14623.911       
W404    5728.768    111.680     1.100         6643.771        2439.612        12464.759       
W405    4126.170    86.081      0.755         4785.205        1757.141        8977.798        
W406    6075.553    110.165     1.236         7045.944        2587.291        13219.300       
W407    5914.780    104.486     0.690         6859.493        2518.826        12869.487       
W408    8460.390    138.189     0.888         9811.688        3602.881        18408.271       
W409    7526.229    133.480     0.988         8728.322        3205.065        16375.706       
W410    6449.107    112.728     0.995         7479.163        2746.370        14032.086       
W411    5564.682    104.825     1.343         6453.477        2369.735        12107.737       
W412    5499.449    114.511     0.715         6377.825        2341.956        11965.803       
W413    7940.207    137.416     1.067         9208.422        3381.359        17276.447       
W414    7649.391    126.741     0.820         8871.156        3257.514        16643.686       
W415    8831.474    140.804     0.666         10242.042       3760.908        19215.684       
W416    5985.166    124.514     1.448         6941.121        2548.800        13022.634       
W417    8588.311    191.003     1.055         9960.041        3657.356        18686.604       
W418    7972.147    129.925     0.984         9245.464        3394.961        17345.943       
W419    7663.421    124.562     0.611         8887.427        3263.489        16674.213       
W420    5517.568    111.978     0.624         6398.838        2349.672        12005.227       
W421    5085.662    100.415     1.569         5897.947        2165.743        11065.477       
W422    4152.300    102.092     0.547         4815.508        1768.269        9034.651        
W423    3831.536    87.428      0.813         4443.511        1631.670        8336.727        
W424    4348.265    84.896      0.857         5042.772        1851.721        9461.034        
W425    2166.512    62.016      0.398         2512.549        922.615         4713.938        
W426    1371.780    52.104      0.706         1590.882        584.176         2984.744        
W427    4742.812    102.398     1.205         5500.336        2019.740        10319.497       
W428    5247.999    123.512     2.149         6086.213        2234.875        11418.693       
W429    5813.758    106.688     0.632         6742.335        2475.805        12649.682       
W430    6961.118    119.155     1.362         8072.952        2964.412        15146.128       
W431    7911.597    129.191     0.692         9175.243        3369.176        17214.199       
W432    6071.967    125.524     0.929         7041.786        2585.764        13211.497       
W433    6831.994    130.451     0.732         7923.205        2909.424        14865.179       
W434    5369.282    99.749      1.314         6226.867        2286.524        11682.582       
W435    6641.975    114.293     1.142         7702.836        2828.504        14451.731       
W436    5640.745    119.400     1.317         6541.688        2402.127        12273.236       
W437    4301.475    93.782      0.985         4988.510        1831.795        9359.229        
W438    8146.965    142.601     1.237         9448.204        3469.408        17726.316       
W439    7250.938    126.844     0.610         8409.062        3087.832        15776.724       
W440    6098.884    113.892     0.879         7073.002        2597.227        13270.064       
W441    8022.295    140.279     1.273         9303.621        3416.317        17455.057       
W442    3793.661    93.913      2.393         4399.587        1615.541        8254.317        
W443    5386.049    104.901     1.209         6246.312        2293.664        11719.063       
W444    7299.975    120.519     0.907         8465.932        3108.715        15883.419       
W445    6504.154    116.172     1.012         7543.002        2769.812        14151.857       
W446    8147.561    144.616     0.893         9448.896        3469.662        17727.613       
W447    5962.671    114.400     0.776         6915.033        2539.220        12973.688       
W448    7888.986    121.860     0.761         9149.021        3359.547        17165.002       
W449    5543.241    108.537     0.697         6428.611        2360.605        12061.086       
W450    6611.252    133.163     1.091         7667.206        2815.420        14384.884       
W451    7040.866    127.644     0.840         8165.438        2998.372        15319.645       
W452    6020.734    122.124     0.691         6982.370        2563.947        13100.024       
W453    3659.954    90.816      0.676         4244.524        1558.602        7963.395        
W454    806.973     45.752      1.268         935.863         343.652         1755.827        
W455    2470.715    66.689      0.462         2865.339        1052.161        5375.826        
W456    3586.380    87.262      0.977         4159.199        1527.270        7803.312        
W457    3835.639    80.170      0.578         4448.270        1633.418        8345.653        
W458    4293.477    76.625      0.828         4979.234        1828.389        9341.826        
W459    2621.600    55.945      0.545         3040.324        1116.416        5704.125        
W460    4020.403    78.026      0.297         4662.544        1712.100        8747.666        
W461    5450.507    104.471     0.756         6321.066        2321.114        11859.314       
W462    2995.485    69.344      0.941         3473.926        1275.636        6517.631        
W463    1759.894    58.511      0.321         2040.985        749.456         3829.209        
W464    2743.671    71.173      0.814         3181.892        1168.400        5969.730        
W465    5790.444    106.699     1.195         6715.298        2465.877        12598.955       
W466    4702.971    105.116     1.029         5454.132        2002.773        10232.810       
W467    3504.838    91.224      0.815         4064.633        1492.545        7625.892        
W468    5567.703    118.026     0.735         6456.980        2371.022        12114.311       
W469    6550.996    131.028     0.790         7597.325        2789.760        14253.776       
W470    8124.223    141.211     1.122         9421.830        3459.723        17676.834       
W471    4673.481    96.736      0.745         5419.933        1990.215        10168.647       
W472    6417.273    107.925     1.059         7442.244        2732.813        13962.820       
W473    4576.649    93.084      0.784         5307.635        1948.979        9957.958        
W474    5535.078    105.609     0.779         6419.144        2357.128        12043.323       
W475    6359.476    119.105     0.661         7375.216        2708.201        13837.064       
W476    5717.096    112.453     1.259         6630.234        2434.641        12439.362       
W477    11011.087   220.794     1.131         12769.785       4689.102        23958.125       
W478    5745.774    109.327     1.462         6663.494        2446.854        12501.762       
W479    6278.343    121.394     0.987         7281.125        2673.650        13660.534       
W480    5201.848    111.671     0.775         6032.690        2215.221        11318.275       
W481    6447.699    115.245     0.761         7477.530        2745.771        14029.021       
W482    7009.318    118.440     0.548         8128.851        2984.938        15251.003       
W483    7331.172    127.503     0.927         8502.111        3122.000        15951.299       
W484    3401.071    77.427      0.436         3944.293        1448.356        7400.113        
W485    4496.119    103.073     0.199         5214.242        1914.685        9782.737        
W486    6770.696    133.866     1.002         7852.116        2883.320        14731.805       
W487    4314.947    94.199      0.921         5004.133        1837.532        9388.541        
W488    6024.791    127.261     0.951         6987.075        2565.674        13108.852       
W489    1036.721    52.164      1.973         1202.306        441.490         2255.716        
W490    1591.587    53.695      0.287         1845.796        677.782         3463.003        
W491    9368.491    149.770     0.817         10864.833       3989.598        20384.137       
W492    7333.036    135.119     0.671         8504.273        3122.794        15955.354       
W493    9977.739    178.415     1.959         11571.391       4249.048        21709.748       
W494    1451.112    70.971      2.266         1682.885        617.960         3157.357        
W495    11200.546   181.409     1.154         12989.505       4769.784        24370.354       
W496    3159.650    78.924      0.722         3664.311        1345.546        6874.824        
W497    2869.962    66.829      1.757         3328.354        1222.181        6244.516        
W498    5584.237    107.344     0.852         6476.155        2378.063        12150.285       
W499    6456.390    125.304     1.776         7487.609        2749.472        14047.932       
W500    5184.964    113.483     0.386         6013.110        2208.032        11281.541       
W501    8420.768    142.037     0.853         9765.738        3586.007        18322.062       
W502    1500.389    57.170      1.798         1740.032        638.945         3264.573        
W503    6978.883    133.798     0.615         8093.555        2971.977        15184.782       
W504    6614.959    118.726     1.231         7671.505        2816.999        14392.950       
W505    6032.700    123.590     1.342         6996.247        2569.042        13126.061       
W506    8483.250    137.112     1.207         9838.200        3612.616        18458.010       
W507    5669.407    109.975     0.749         6574.929        2414.333        12335.600       
W508    4728.267    108.212     0.941         5483.469        2013.546        10287.849       
W509    8441.790    146.401     0.871         9790.119        3594.960        18367.803       
W510    7408.691    130.634     0.829         8592.013        3155.012        16119.967       
W511    6167.574    122.718     0.500         7152.663        2626.479        13419.521       
W512    8170.647    165.367     1.064         9475.669        3479.493        17777.846       
W513    2643.838    72.875      1.016         3066.114        1125.886        5752.512        
W514    6563.860    111.580     0.565         7612.244        2795.238        14281.769       
W515    5953.220    112.072     0.653         6904.072        2535.196        12953.126       
W516    3284.375    83.451      0.900         3808.957        1398.660        7146.203        
W517    8626.197    139.899     1.452         10003.979       3673.490        18769.039       
W518    3879.205    89.734      0.665         4498.794        1651.970        8440.446        
W519    4867.137    99.509      0.796         5644.519        2072.684        10590.006       
W520    6216.259    107.315     1.484         7209.125        2647.211        13525.451       
W521    5508.714    103.980     2.657         6388.570        2345.902        11985.962       
W522    4714.375    100.462     0.462         5467.359        2007.630        10257.624       
W523    2080.837    64.251      0.975         2413.190        886.130         4527.524        
W524    3758.072    73.834      0.543         4358.313        1600.385        8176.882        
W525    4821.657    111.801     1.512         5591.775        2053.316        10491.051       
W526    1463.401    59.936      1.069         1697.136        623.193         3184.095        
W527    3806.046    109.984     1.114         4413.950        1620.815        8281.264        
W528    4466.544    111.945     0.928         5179.943        1902.090        9718.388        
W529    8795.184    169.512     1.141         10199.956       3745.454        19136.721       
W530    2010.326    61.312      0.480         2331.417        856.103         4374.104        
W531    4873.818    93.141      0.601         5652.268        2075.529        10604.544       
W532    3175.645    71.128      0.922         3682.861        1352.357        6909.626        
W533    4467.247    98.356      1.802         5180.759        1902.390        9719.918        
W534    5385.568    108.617     1.392         6245.755        2293.459        11718.019       
W535    4339.633    94.729      1.365         5032.763        1848.045        9442.254        
W536    5181.107    105.438     1.017         6008.637        2206.389        11273.148       
W537    6455.718    114.113     1.242         7486.830        2749.185        14046.470       
W538    5096.543    99.813      1.242         5910.566        2170.377        11089.151       
W539    7871.080    130.166     0.884         9128.253        3351.921        17126.039       
W540    2483.333    74.663      2.088         2879.972        1057.534        5403.281        
W541    7650.008    136.381     0.918         8871.872        3257.777        16645.027       
W542    8688.697    138.203     0.809         10076.462       3700.106        18905.027       
W543    6623.834    121.089     1.574         7681.798        2820.779        14412.261       
W544    5269.891    101.697     0.499         6111.602        2244.198        11466.325       
W545    3704.012    98.855      0.587         4295.619        1577.364        8059.256        
W546    5619.947    105.380     1.706         6517.568        2393.270        12227.983       
W547    7121.757    128.820     1.057         8259.249        3032.820        15495.648       
W548    5687.157    108.643     1.447         6595.513        2421.892        12374.221       
W549    5519.894    110.795     0.853         6401.535        2350.662        12010.285       
W550    6221.000    108.492     1.044         7214.622        2649.230        13535.766       
W551    4816.339    98.811      0.822         5585.607        2051.052        10479.479       
W552    4074.178    92.687      1.250         4724.909        1735.000        8864.673        
W553    6744.326    121.990     0.685         7821.534        2872.090        14674.429       
W554    4387.268    96.765      0.891         5088.005        1868.330        9545.896        
W555    6172.036    120.656     1.161         7157.838        2628.379        13429.229       
W556    2385.414    65.523      1.063         2766.414        1015.835        5190.229        
W557    1793.508    54.179      0.913         2079.968        763.770         3902.348        
W558    3534.742    66.545      1.240         4099.313        1505.280        7690.956        
W559    8149.018    148.464     0.732         9450.584        3470.282        17730.783       
W560    5322.017    141.661     0.830         6172.053        2266.396        11579.742       
W563    3734.030    117.114     1.099         4330.431        1590.147        8124.571        
W564    1814.709    73.265      1.075         2104.555        772.799         3948.477        
W565    2597.405    59.422      0.556         3012.264        1106.112        5651.482        
W566    2138.267    64.682      1.227         2479.792        910.587         4652.481        
W567    5181.742    96.534      0.991         6009.373        2206.659        11274.530       
W568    2770.527    67.604      0.654         3213.038        1179.837        6028.164        
W569    5324.294    108.490     0.775         6174.694        2267.365        11584.696       
W570    3243.883    88.792      1.058         3761.998        1381.416        7058.099        
W571    5761.749    107.710     0.879         6682.020        2453.657        12536.520       
W572    5214.531    125.744     0.898         6047.400        2220.623        11345.873       
W573    6656.203    115.289     0.667         7719.336        2834.563        14482.689       
W574    3779.869    80.769      0.940         4383.592        1609.668        8224.308        
W575    3913.781    95.617      1.467         4538.893        1666.695        8515.677        
W576    7544.645    133.210     0.819         8749.681        3212.908        16415.777       
W577    7336.662    131.590     1.186         8508.479        3124.338        15963.242       
W578    3237.277    90.966      1.216         3754.337        1378.603        7043.727        
W579    3602.185    83.745      1.491         4177.528        1534.000        7837.700        
W580    4265.788    93.479      0.980         4947.122        1816.598        9281.579        
W581    3119.593    72.958      0.392         3617.856        1328.487        6787.667        
W582    7180.054    135.900     0.691         8326.856        3057.646        15622.493       
W583    9243.146    147.271     0.979         10719.469       3936.220        20111.408       
W584    3051.858    84.085      0.772         3539.303        1299.642        6640.289        
W585    4740.627    94.316      1.546         5497.803        2018.809        10314.743       
W586    5397.188    110.992     0.893         6259.230        2298.408        11743.301       
W587    4855.563    107.271     0.883         5631.097        2067.755        10564.823       
W588    3428.119    90.185      1.388         3975.660        1459.874        7458.964        
W589    5858.574    112.843     1.694         6794.310        2494.890        12747.193       
W590    3991.853    86.437      1.019         4629.434        1699.942        8685.546        
W591    5370.135    90.514      0.586         6227.856        2286.887        11684.439       
W592    3272.917    69.115      0.636         3795.670        1393.781        7121.273        
W593    10005.291   172.726     0.447         11603.343       4260.781        21769.695       
W594    4973.007    126.008     1.027         5767.299        2117.769        10820.361       
W597    5020.253    129.743     0.836         5822.091        2137.889        10923.158       
W598    2835.636    100.554     1.622         3288.546        1207.564        6169.829        
W599    4408.656    76.518      1.368         5112.809        1877.438        9592.434        
W600    4355.701    87.426      0.664         5051.396        1854.888        9477.214        
W601    4612.814    93.209      1.327         5349.576        1964.380        10036.646       
W602    2797.716    83.075      0.798         3244.569        1191.415        6087.321        
W603    8133.323    144.154     1.089         9432.383        3463.598        17696.635       
W604    4856.636    107.771     0.610         5632.341        2068.212        10567.157       
W605    4384.706    96.945      0.614         5085.034        1867.239        9540.324        
W606    4493.298    93.310      0.681         5210.971        1913.484        9776.601        
W607    6587.224    109.305     0.862         7639.340        2805.188        14332.603       
W608    7644.558    123.513     0.975         8865.552        3255.456        16633.170       
W609    6230.748    116.517     0.761         7225.927        2653.382        13556.977       
W610    6083.330    110.512     1.190         7054.963        2590.603        13236.222       
W611    8573.323    143.212     0.952         9942.660        3650.974        18653.994       
W612    6662.108    142.486     1.112         7726.185        2837.078        14495.538       
W613    5665.586    120.981     0.695         6570.497        2412.706        12327.286       
W614    6503.643    130.710     0.793         7542.409        2769.595        14150.746       
W615    2245.096    72.376      1.948         2603.685        956.081         4884.922        
W616    6352.905    119.942     0.828         7367.595        2705.402        13822.767       
W617    7417.768    135.447     1.077         8602.538        3158.877        16139.715       
W618    6131.880    111.205     1.326         7111.268        2611.278        13341.856       
W619    6155.810    113.537     1.323         7139.020        2621.469        13393.925       
W620    6468.993    125.796     1.193         7502.225        2754.839        14075.354       
W621    4451.873    103.736     0.453         5162.929        1895.843        9686.467        
W622    8286.125    146.484     0.950         9609.590        3528.669        18029.102       
W623    5708.794    107.469     1.870         6620.606        2431.106        12421.299       
W624    6382.135    108.137     1.166         7401.493        2717.850        13886.366       
W625    2923.942    76.984      1.597         3390.956        1245.169        6361.966        
W626    2441.892    55.148      1.364         2831.913        1039.887        5313.114        
W627    8318.202    148.590     0.865         9646.791        3542.330        18098.896       
W628    3047.964    90.781      1.456         3534.787        1297.984        6631.817        
W629    8024.594    158.305     1.606         9306.287        3417.296        17460.061       
W630    7081.431    163.601     0.689         8212.482        3015.647        15407.909       
W631    4185.761    110.055     0.991         4854.314        1782.518        9107.456        
W632    6772.457    129.637     1.161         7854.158        2884.070        14735.635       
W633    3978.907    91.856      1.375         4614.421        1694.429        8657.380        
W634    3272.365    66.602      0.541         3795.029        1393.546        7120.071        
W635    2621.736    62.190      0.335         3040.482        1116.474        5704.422        
W636    2326.198    63.697      0.850         2697.739        990.618         5061.383        
W637    5078.045    100.901     1.865         5889.114        2162.500        11048.904       
W638    4033.735    84.072      0.936         4678.005        1717.777        8776.674        
W639    6337.022    117.254     1.290         7349.176        2698.639        13788.210       
W640    5718.542    109.342     1.309         6631.911        2435.257        12442.508       
W641    8875.121    132.854     0.635         10292.662       3779.495        19310.652       
W642    4306.428    102.525     1.289         4994.253        1833.904        9370.005        
W643    8849.269    143.157     1.140         10262.680       3768.486        19254.402       
W644    5432.696    106.870     0.370         6300.409        2313.529        11820.560       
W645    8968.136    145.425     1.392         10400.532       3819.106        19513.033       
W646    8690.599    154.069     0.915         10078.667       3700.916        18909.164       
W647    8371.192    145.277     0.634         9708.245        3564.896        18214.193       
W648    4902.858    99.050      0.981         5685.945        2087.896        10667.729       
W649    8158.101    132.650     1.180         9461.118        3474.150        17750.547       
W650    8416.691    143.639     1.233         9761.011        3584.271        18313.191       
W651    6215.952    106.056     0.975         7208.768        2647.080        13524.781       
W652    4696.084    99.055      0.921         5446.146        1999.841        10217.826       
W653    3654.950    95.078      1.702         4238.722        1556.471        7952.508        
W654    9110.374    154.274     1.304         10565.488       3879.678        19822.518       
W655    7003.901    132.690     1.398         8122.569        2982.631        15239.218       
W656    3640.982    83.694      0.538         4222.522        1550.522        7922.116        
W657    4095.683    86.057      0.401         4749.848        1744.158        8911.461        
W658    3716.330    76.860      0.829         4309.904        1582.609        8086.059        
W659    3107.982    76.496      1.300         3604.391        1323.543        6762.405        
W660    3135.604    57.851      0.740         3636.424        1335.306        6822.504        
W661    2623.881    76.876      0.550         3042.969        1117.387        5709.089        
W662    5459.267    107.084     0.904         6331.225        2324.844        11878.374       
W663    4738.198    104.806     0.555         5494.986        2017.775        10309.459       
W664    2858.256    90.461      1.100         3314.779        1217.196        6219.046        
W665    7691.672    160.932     0.919         8920.191        3275.520        16735.682       
W666    7091.584    135.561     1.229         8224.257        3019.971        15430.000       
W667    2648.267    67.910      1.016         3071.250        1127.772        5762.148        
W668    4215.056    86.253      0.954         4888.288        1794.994        9171.196        
W669    5966.143    108.132     0.878         6919.060        2540.699        12981.244       
W670    4822.040    99.019      1.379         5592.220        2053.479        10491.883       
W671    5475.526    105.182     1.083         6350.081        2331.768        11913.749       
W672    2815.248    67.414      1.376         3264.902        1198.881        6125.469        
W673    3979.124    84.694      0.738         4614.672        1694.521        8657.851        
W674    4167.138    87.870      1.092         4832.716        1774.587        9066.935        
W675    5672.884    98.960      0.903         6578.961        2415.813        12343.166       
W676    5565.539    105.877     0.786         6454.471        2370.100        12109.603       
W677    6007.583    113.325     1.264         6967.119        2558.346        13071.410       
W678    5264.532    117.670     1.241         6105.386        2241.916        11454.665       
W679    7438.647    136.372     1.118         8626.753        3167.769        16185.144       
W680    6106.858    122.458     0.612         7082.250        2600.623        13287.415       
W681    6874.514    128.876     0.612         7972.516        2927.531        14957.695       
W682    5735.889    112.254     1.100         6652.029        2442.645        12480.253       
W683    6088.209    113.150     1.026         7060.622        2592.681        13246.837       
W684    7450.564    135.624     1.055         8640.573        3172.844        16211.074       
W685    3331.271    80.043      1.264         3863.344        1418.631        7248.241        
W686    3873.341    87.142      0.809         4491.993        1649.473        8427.686        
W687    3800.029    83.489      1.225         4406.972        1618.253        8268.172        
W688    5693.935    114.186     0.874         6603.375        2424.778        12388.969       
W689    6879.613    132.039     0.659         7978.429        2929.702        14968.788       
W690    3960.230    90.342      0.887         4592.761        1686.475        8616.741        
W691    4928.510    98.213      1.477         5715.695        2098.820        10723.542       
W692    5349.971    107.649     1.267         6204.472        2278.300        11640.565       
W693    2786.565    76.920      1.355         3231.637        1186.667        6063.060        
W694    2851.164    68.175      0.732         3306.554        1214.176        6203.615        
W695    4584.010    84.549      1.110         5316.171        1952.114        9973.974        
W696    2035.993    67.253      1.007         2361.183        867.033         4429.950        
W697    5219.555    133.804     1.779         6053.226        2222.762        11356.805       
W698    2998.127    71.284      1.244         3476.990        1276.761        6523.380        
W699    2606.691    69.425      1.412         3023.033        1110.067        5671.687        
W700    1636.241    57.674      1.124         1897.583        696.798         3560.163        
W701    5282.142    91.249      1.159         6125.809        2249.415        11492.980       
W702    4599.098    94.666      1.006         5333.669        1958.539        10006.802       
W703    4591.023    99.828      0.925         5324.304        1955.100        9989.232        
W704    1827.003    65.460      1.996         2118.813        778.034         3975.227        
W705    8091.597    137.084     1.350         9383.992        3445.829        17605.846       
W706    2589.994    72.408      1.320         3003.670        1102.956        5635.356        
W707    5744.542    114.092     0.769         6662.063        2446.329        12499.078       
W708    4177.618    90.778      1.021         4844.870        1779.050        9089.738        
W709    5353.671    99.398      1.117         6208.763        2279.876        11648.616       
W710    7346.033    134.301     0.791         8519.347        3128.329        15983.633       
W711    5229.693    98.934      1.495         6064.983        2227.080        11378.863       
W712    6712.108    124.599     0.798         7784.170        2858.370        14604.327       
W713    7042.709    127.636     0.545         8167.576        2999.157        15323.656       
W714    7053.832    123.428     0.655         8180.474        3003.894        15347.857       
W715    3827.685    85.679      1.062         4439.046        1630.031        8328.348        
W716    7340.226    126.754     1.051         8512.611        3125.856        15970.998       
W717    9347.404    160.867     1.240         10840.378       3980.618        20338.254       
W718    5544.520    103.433     0.548         6430.094        2361.149        12063.867       
W719    5526.429    119.904     1.133         6409.113        2353.445        12024.505       
W720    2942.276    69.577      0.310         3412.218        1252.976        6401.858        
W721    4458.204    101.228     1.112         5170.271        1898.538        9700.241        
W722    6267.237    117.363     1.352         7268.245        2668.920        13636.370       
W723    3709.869    81.206      0.610         4302.413        1579.858        8072.002        
W724    4866.487    92.720      1.268         5643.766        2072.407        10588.593       
W725    4079.919    89.272      1.203         4731.567        1737.445        8877.164        
W726    4075.028    93.770      0.910         4725.895        1735.362        8866.521        
W727    4364.772    100.454     0.969         5061.917        1858.751        9496.952        
W728    5088.252    112.534     0.399         5900.951        2166.846        11071.111       
W729    2917.312    75.902      0.862         3383.267        1242.345        6347.541        
W730    4590.906    84.939      1.583         5324.169        1955.050        9988.978        
W731    6107.318    109.164     0.869         7082.784        2600.819        13288.416       
W732    2583.516    61.831      0.262         2996.156        1100.197        5621.261        
W733    6116.589    119.051     1.234         7093.535        2604.767        13308.586       
W734    6263.166    105.888     0.698         7263.523        2667.187        13627.511       
W735    3661.936    85.980      1.026         4246.823        1559.446        7967.708        
W736    5468.188    102.940     1.116         6341.570        2328.643        11897.783       
W737    5469.708    119.022     1.419         6343.333        2329.290        11901.090       
W738    5005.347    98.033      1.322         5804.804        2131.541        10890.727       
W739    4390.731    84.626      1.094         5092.022        1869.805        9553.434        
W740    6145.293    112.637     2.566         7126.823        2616.990        13371.041       
W741    3398.660    90.902      0.831         3941.496        1447.329        7394.866        
W742    5936.387    106.455     0.950         6884.550        2528.027        12916.499       
W743    2746.972    71.472      1.551         3185.720        1169.806        5976.912        
W744    5766.383    113.926     0.645         6687.394        2455.631        12546.603       
W745    4861.409    100.040     0.914         5637.876        2070.245        10577.544       
W746    6297.536    111.241     1.229         7303.382        2681.823        13702.295       
W747    5530.419    101.709     0.866         6413.742        2355.145        12033.188       
W748    5004.860    96.200      0.556         5804.239        2131.333        10889.666       
W749    6592.815    110.544     1.116         7645.824        2807.569        14344.768       
W750    4716.684    90.561      0.596         5470.036        2008.613        10262.647       
W751    4938.637    107.011     0.514         5727.439        2103.132        10745.576       
W752    3115.129    85.618      0.685         3612.679        1326.586        6777.955        
W753    5459.211    115.992     1.196         6331.161        2324.820        11878.253       
W754    3503.197    79.313      0.696         4062.730        1491.846        7622.320        
W755    4053.990    91.254      0.279         4701.496        1726.403        8820.745        
W756    6256.515    114.702     0.823         7255.810        2664.354        13613.040       
W757    4639.219    93.231      1.606         5380.199        1975.625        10094.099       
W758    4233.043    94.052      1.304         4909.147        1802.653        9210.332        
W759    3836.079    85.184      0.928         4448.780        1633.605        8346.611        
W760    2363.697    79.402      0.948         2741.228        1006.587        5142.975        
W761    2474.546    71.852      0.753         2869.782        1053.792        5384.162        
W762    4885.282    107.755     0.637         5665.563        2080.411        10629.487       
W763    3305.215    77.225      0.773         3833.126        1407.535        7191.547        
W764    3751.134    79.203      1.345         4350.268        1597.431        8161.786        
W765    3166.313    76.216      0.845         3672.039        1348.383        6889.323        
W766    7390.165    121.141     0.704         8570.526        3147.122        16079.656       
W767    5895.071    107.993     0.795         6836.636        2510.432        12826.604       
W768    5218.657    99.423      0.994         6052.184        2222.380        11354.849       
W769    5338.796    97.578      1.301         6191.512        2273.541        11616.250       
W770    3254.940    79.136      1.536         3774.822        1386.125        7082.159        
W771    3806.591    87.487      0.987         4414.582        1621.047        8282.449        
W772    4917.270    102.034     0.414         5702.660        2094.033        10699.086       
W773    4863.771    102.209     0.721         5640.615        2071.250        10582.681       
W774    7287.868    125.271     0.758         8451.891        3103.559        15857.077       
W775    6589.666    113.284     0.384         7642.171        2806.228        14337.916       
W776    7126.462    122.848     1.088         8264.706        3034.824        15505.889       
W777    6559.643    121.565     1.054         7607.353        2793.442        14272.591       
W778    7717.796    133.827     0.957         8950.488        3286.645        16792.523       
W779    5850.195    114.855     1.004         6784.592        2491.322        12728.962       
W780    5234.672    98.524      0.874         6070.757        2229.200        11389.696       
W782    9998.719    164.806     1.006         11595.721       4257.982        21755.396       
W783    7305.753    128.875     0.599         8472.633        3111.175        15895.991       
W784    3030.766    98.221      0.802         3514.842        1290.660        6594.396        
W785    8563.639    138.431     0.741         9931.429        3646.850        18632.922       
W786    9174.585    173.531     0.882         10639.955       3907.023        19962.230       
W787    7309.282    131.469     1.854         8476.726        3112.678        15903.670       
W788    8648.091    141.385     1.166         10029.370       3682.813        18816.674       
W789    8427.848    133.368     1.043         9773.949        3589.023        18337.467       
W790    6237.196    114.339     1.204         7233.406        2656.128        13571.006       
W791    4588.563    98.198      1.363         5321.452        1954.052        9983.880        
W792    4533.761    102.627     0.943         5257.896        1930.715        9864.640        
W793    5047.179    116.225     0.800         5853.317        2149.355        10981.744       
W794    8082.965    148.764     1.062         9373.981        3442.153        17587.064       
W795    7612.773    128.849     0.853         8828.690        3241.921        16564.010       
W796    8356.681    145.055     1.263         9691.415        3558.716        18182.619       
W797    4186.733    91.661      0.827         4855.440        1782.932        9109.570        
W798    4370.331    99.218      0.801         5068.363        1861.118        9509.047        
W799    4741.046    106.220     1.706         5498.289        2018.988        10315.654       
W800    852.767     46.615      1.618         988.971         363.153         1855.466        
W801    8575.503    133.964     1.089         9945.188        3651.902        18658.738       
W802    3266.895    85.760      1.731         3788.685        1391.216        7108.169        
W803    4159.720    92.221      0.416         4824.113        1771.428        9050.794        
W804    5379.522    117.689     0.918         6238.743        2290.885        11704.862       
W805    4932.691    95.650      0.835         5720.544        2100.600        10732.640       
W806    7282.846    134.600     0.570         8446.067        3101.420        15846.151       
W807    3825.172    85.155      0.745         4436.131        1628.960        8322.879        
W808    2639.577    69.745      0.898         3061.172        1124.071        5743.239        
W809    4356.009    94.747      1.362         5051.753        1855.018        9477.884        
W810    7207.788    133.928     1.454         8359.021        3069.456        15682.836       
W811    5299.689    106.980     0.385         6146.160        2256.887        11531.162       
W812    8043.540    135.502     0.729         9328.259        3425.364        17501.281       
W813    7911.391    165.525     0.787         9175.003        3369.088        17213.750       
W814    5128.538    108.271     0.705         5947.671        2184.002        11158.767       
W815    7324.748    128.144     1.118         8494.661        3119.264        15937.321       
W816    6144.257    114.740     0.876         7125.622        2616.549        13368.787       
W817    6976.409    126.789     0.959         8090.686        2970.923        15179.397       
W818    4289.465    109.952     0.524         4974.581        1826.681        9333.097        
W819    9198.265    166.621     1.225         10667.417       3917.107        20013.754       
W820    7428.025    129.435     1.022         8614.435        3163.245        16162.034       
W821    6857.675    129.324     0.987         7952.988        2920.360        14921.057       
W822    6576.836    124.598     0.548         7627.292        2800.764        14310.001       
W823    3138.448    87.941      1.286         3639.723        1336.517        6828.693        
W824    7922.937    156.062     1.082         9188.394        3374.005        17238.871       
W825    3544.253    79.035      0.974         4110.344        1509.330        7711.651        
W826    3814.584    100.403     1.064         4423.852        1624.451        8299.841        
W827    3878.492    96.623      0.827         4497.967        1651.667        8438.894        
W828    6747.571    133.637     0.834         7825.298        2873.472        14681.489       
W829    4587.741    89.317      0.644         5320.498        1953.702        9982.091        
W830    4878.833    102.907     1.163         5658.084        2077.665        10615.456       
W831    3922.182    97.985      0.911         4548.635        1670.272        8533.955        
W832    5203.401    102.045     0.842         6034.492        2215.883        11321.655       
W833    6543.546    112.494     0.777         7588.686        2786.587        14237.567       
W834    2654.683    75.010      1.239         3078.690        1130.504        5776.107        
W835    6267.184    119.053     0.958         7268.183        2668.898        13636.254       
W836    5177.837    111.192     0.594         6004.845        2204.996        11266.032       
W837    6652.956    126.845     0.725         7715.570        2833.180        14475.623       
W838    6440.594    117.702     1.143         7469.290        2742.745        14013.562       
W839    7884.322    135.708     1.461         9143.612        3357.561        17154.852       
W840    3722.278    90.952      0.581         4316.803        1585.143        8099.002        
W841    3904.229    97.391      0.664         4527.815        1662.627        8494.894        
W842    7015.100    132.406     1.364         8135.557        2987.400        15263.584       
W843    9095.196    156.931     0.934         10547.887       3873.215        19789.494       
W844    8827.663    145.179     1.230         10237.623       3759.285        19207.391       
W845    6189.886    110.684     0.947         7178.539        2635.980        13468.066       
W846    7093.932    126.000     1.148         8226.979        3020.971        15435.107       
W847    6524.188    126.932     0.761         7566.236        2778.344        14195.448       
W848    5386.030    103.888     1.423         6246.291        2293.656        11719.023       
W849    6698.525    128.229     1.073         7768.418        2852.586        14574.773       
W850    5311.960    111.932     0.767         6160.390        2262.113        11557.861       
W851    6026.521    111.578     0.641         6989.082        2566.411        13112.616       
W852    6944.683    130.959     0.892         8053.892        2957.412        15110.368       
W853    4119.134    94.670      0.597         4777.045        1754.145        8962.488        
W854    9139.438    140.272     1.107         10599.195       3892.056        19885.758       
W855    5572.271    111.808     0.694         6462.278        2372.968        12124.251       
W856    7365.970    136.199     0.925         8542.468        3136.819        16027.014       
W857    7875.521    162.423     0.702         9133.405        3353.813        17135.703       
W858    7270.029    128.394     0.917         8431.202        3095.962        15818.263       
W859    4866.689    93.876      0.922         5644.000        2072.493        10589.032       
W860    5790.920    117.836     0.554         6715.850        2466.080        12599.991       
W861    3129.651    88.642      0.911         3629.521        1332.771        6809.552        
W862    3977.560    90.259      0.862         4612.859        1693.855        8654.449        
W863    4024.701    96.393      0.394         4667.529        1713.930        8757.020        
W864    6191.944    112.090     0.493         7180.925        2636.857        13472.546       
W865    5849.624    135.106     1.078         6783.930        2491.079        12727.719       
W866    4758.625    94.171      0.388         5518.676        2026.474        10353.903       
W867    3622.073    82.760      0.770         4200.592        1542.470        7880.972        
W868    3946.325    108.566     1.027         4576.634        1680.553        8586.485        
W869    4088.879    90.351      0.787         4741.957        1741.260        8896.657        
W870    5354.645    101.890     1.130         6209.893        2280.291        11650.734       
W871    2176.467    79.290      1.387         2524.094        926.854         4735.597        
W872    3782.772    87.510      1.098         4386.959        1610.904        8230.625        
W873    6362.726    114.516     1.200         7378.985        2709.585        13844.137       
W874    6372.125    114.294     1.131         7389.885        2713.587        13864.585       
W875    6037.318    105.927     0.957         7001.603        2571.009        13136.107       
W876    8885.937    128.903     1.472         10305.205       3784.101        19334.184       
W877    6987.743    136.888     1.082         8103.831        2975.750        15204.060       
W878    3145.891    88.385      1.291         3648.354        1339.686        6844.887        
W879    8883.480    137.291     1.586         10302.356       3783.055        19328.840       
W880    4210.410    91.532      0.800         4882.899        1793.015        9161.087        
W881    6529.774    116.941     1.460         7572.714        2780.722        14207.602       
W882    7370.665    129.645     0.822         8547.912        3138.818        16037.229       
W883    4848.171    96.774      1.400         5622.524        2064.607        10548.739       
W884    5317.542    108.714     1.287         6166.863        2264.490        11570.006       
W885    4543.561    109.771     1.290         5269.261        1934.888        9885.962        
W886    6484.510    137.710     1.184         7520.220        2761.447        14109.117       
W887    6668.876    126.970     0.876         7734.034        2839.960        14510.265       
W888    6392.859    118.525     1.008         7413.931        2722.417        13909.700       
W889    6269.839    122.184     1.067         7271.262        2670.029        13642.030       
W890    7665.998    146.078     1.436         8890.417        3264.587        16679.820       
W891    5744.236    128.082     1.262         6661.710        2446.199        12498.415       
W892    3062.871    79.336      0.949         3552.074        1304.332        6664.250        
W893    4026.558    81.853      0.461         4669.683        1714.721        8761.060        
W894    3365.415    73.299      1.116         3902.941        1433.172        7322.532        
W895    6827.707    110.248     1.363         7918.233        2907.598        14855.850       
W896    5917.291    102.906     1.236         6862.404        2519.895        12874.950       
W897    6101.580    114.290     0.931         7076.128        2598.375        13275.929       
W898    3516.918    74.599      0.573         4078.643        1497.690        7652.176        
W899    5167.374    114.142     0.720         5992.710        2200.541        11243.267       
W900    6315.964    153.622     0.999         7324.754        2689.671        13742.392       
W901    5378.940    121.189     0.780         6238.068        2290.637        11703.597       
W902    7680.412    138.866     0.854         8907.133        3270.725        16711.182       
W903    5523.990    99.712      0.946         6406.285        2352.406        12019.198       
W904    3432.666    79.223      1.172         3980.933        1461.810        7468.857        
W905    3479.074    87.710      0.805         4034.755        1481.574        7569.834        
W906    3201.922    99.247      0.445         3713.335        1363.547        6966.801        
W907    6100.044    111.724     0.855         7074.347        2597.721        13272.589       
W908    5013.378    117.387     0.420         5814.118        2134.961        10908.200       
W909    5556.810    114.707     0.995         6444.347        2366.383        12090.609       
W910    4791.329    110.749     1.449         5556.604        2040.401        10425.062       
W911    5693.510    126.076     0.822         6602.881        2424.597        12388.043       
W912    5334.576    116.416     1.029         6186.618        2271.744        11607.068       
W913    1463.772    64.177      2.354         1697.567        623.351         3184.902        
W914    8502.333    146.012     1.123         9860.331        3620.742        18499.533       
W915    7352.896    126.273     1.357         8527.306        3131.251        15998.566       
W916    4592.728    104.284     1.457         5326.281        1955.826        9992.941        
W917    9880.415    164.549     0.975         11458.521       4207.602        21497.988       
W918    8418.842    145.777     1.028         9763.505        3585.187        18317.871       
W919    7656.331    134.815     1.236         8879.204        3260.470        16658.785       
W920    4086.355    90.212      1.151         4739.030        1740.186        8891.166        
W921    5202.094    116.662     0.981         6032.976        2215.326        11318.812       
W922    5575.938    114.746     0.858         6466.530        2374.529        12132.229       
W923    6751.441    129.727     0.522         7829.786        2875.120        14689.910       
W924    6182.819    106.571     1.381         7170.343        2632.971        13452.691       
W925    2595.879    86.341      0.660         3010.495        1105.463        5648.162        
W926    6581.700    117.746     0.851         7632.934        2802.835        14320.584       
W927    5346.441    125.624     0.612         6200.378        2276.797        11632.885       
W928    4538.096    95.422      1.963         5262.924        1932.561        9874.072        
W929    4840.428    95.156      1.560         5613.544        2061.310        10531.893       
W930    2814.097    74.097      0.707         3263.566        1198.391        6122.964        
W931    5397.522    96.729      1.018         6259.618        2298.550        11744.027       
W932    2727.556    76.056      0.454         3163.203        1161.537        5934.666        
W933    6723.100    133.507     0.509         7796.917        2863.051        14628.243       
W934    6208.797    119.347     0.643         7200.470        2644.033        13509.215       
W935    3648.864    96.815      0.759         4231.663        1553.879        7939.265        
W936    5183.756    104.579     1.840         6011.708        2207.517        11278.911       
W937    7579.356    140.356     0.846         8789.937        3227.690        16491.303       
W938    4962.756    114.489     1.260         5755.411        2113.404        10798.055       
W939    3476.833    85.444      0.633         4032.155        1480.619        7564.958        
W940    6111.508    113.430     0.860         7087.643        2602.603        13297.532       
W941    5894.733    112.844     1.342         6836.243        2510.289        12825.868       
W942    1864.484    70.082      0.894         2162.280        793.996         4056.778        
W943    6054.861    116.600     0.982         7021.948        2578.479        13174.278       
W944    2685.147    77.365      1.633         3114.021        1143.477        5842.393        
W945    1796.856    67.856      2.324         2083.851        765.196         3909.633        
W946    8663.254    134.694     1.718         10046.955       3689.271        18849.668       
W947    7336.770    126.391     0.879         8508.604        3124.384        15963.479       
W948    7657.703    132.049     0.664         8880.796        3261.054        16661.771       
W949    6646.219    138.534     0.612         7707.757        2830.311        14460.965       
W950    6467.252    127.585     0.938         7500.206        2754.098        14071.566       
W951    4767.454    106.266     1.123         5528.914        2030.234        10373.113       
W952    6580.537    121.095     1.286         7631.585        2802.340        14318.054       
W953    6855.487    120.183     1.129         7950.450        2919.428        14916.294       
W954    5465.152    104.816     0.855         6338.049        2327.350        11891.178       
W955    4835.721    106.879     1.353         5608.085        2059.305        10521.650       
W956    5567.917    118.071     0.842         6457.229        2371.113        12114.776       
W957    6365.403    124.677     0.902         7382.090        2710.725        13849.962       
W958    9059.487    143.836     0.726         10506.475       3858.008        19711.799       
W959    5230.570    110.848     0.698         6066.000        2227.453        11380.770       
W960    6714.748    133.563     0.875         7787.231        2859.494        14610.071       
W961    7063.250    134.193     0.717         8191.397        3007.905        15368.349       
W962    5619.229    120.819     1.618         6516.736        2392.965        12226.423       
W963    7583.851    141.723     1.943         8795.148        3229.604        16501.080       
W964    3976.172    94.826      1.004         4611.249        1693.264        8651.428        
W965    6446.613    126.257     0.368         7476.270        2745.308        14026.658       
W966    7520.170    130.241     1.100         8721.296        3202.486        16362.524       
W967    8366.382    136.056     1.018         9702.666        3562.847        18203.729       
W968    3818.526    98.287      0.461         4428.423        1626.130        8308.419        
W969    8268.521    159.802     1.538         9589.175        3521.173        17990.801       
W970    5125.287    100.952     0.674         5943.900        2182.618        11151.692       
W971    5601.725    113.738     1.324         6496.436        2385.510        12188.336       
W972    5460.282    116.075     1.690         6332.402        2325.276        11880.581       
W973    5950.821    127.091     0.764         6901.291        2534.174        12947.906       
W974    3071.693    82.637      0.830         3562.306        1308.089        6683.447        
W975    3448.006    94.462      0.665         3998.724        1468.343        7502.235        
W976    5347.282    115.640     0.725         6201.353        2277.155        11634.714       
W977    7745.828    133.333     0.859         8982.996        3298.582        16853.514       
W978    3081.440    86.971      0.687         3573.610        1312.240        6704.654        
W979    878.455     68.106      5.256         1018.762        374.092         1911.358        
W980    3926.663    102.256     1.069         4553.832        1672.180        8543.705        
W981    5581.842    110.232     1.153         6473.377        2377.043        12145.073       
W982    6657.230    133.890     0.946         7720.527        2835.000        14484.924       
W983    5429.127    114.727     1.072         6296.271        2312.009        11812.795       
W984    9068.833    157.795     0.847         10517.312       3861.988        19732.135       
W985    6039.287    117.730     1.538         7003.886        2571.847        13140.392       
W986    7328.797    133.241     1.113         8499.357        3120.989        15946.132       
W987    3957.223    90.399      1.060         4589.273        1685.194        8610.198        
W988    2368.967    71.648      0.818         2747.340        1008.831        5154.441        
W989    4744.656    108.704     0.549         5502.476        2020.525        10323.511       
W990    3965.363    98.927      1.655         4598.713        1688.661        8627.909        
W991    5607.532    114.577     0.936         6503.171        2387.983        12200.972       
W992    6606.810    123.610     0.661         7662.054        2813.529        14375.219       
W993    4007.805    92.190      0.511         4647.934        1706.735        8720.255        
W994    4396.539    93.269      0.734         5098.757        1872.278        9566.069        
W995    4900.455    98.189      0.585         5683.159        2086.872        10662.499       
W996    7651.207    118.736     1.328         8873.263        3258.288        16647.637       
W997    5998.788    125.056     1.144         6956.918        2554.601        13052.272       
W998    6311.644    113.738     1.274         7319.744        2687.831        13732.989       
W999    6083.667    113.850     1.466         7055.354        2590.746        13236.953       
W1000   7495.484    129.140     0.646         8692.667        3191.973        16308.812       
W1001   9023.978    148.289     1.281         10465.293       3842.886        19634.537       
W1002   7341.293    132.746     1.009         8513.850        3126.310        15973.320       
W1003   4747.357    116.058     0.875         5505.608        2021.675        10329.386       
W1004   8580.745    157.704     0.608         9951.268        3654.134        18670.143       
W1005   6974.202    124.967     0.985         8088.126        2969.983        15174.597       
W1006   5947.451    115.394     0.485         6897.382        2532.739        12940.572       
W1007   7631.181    140.980     1.670         8850.038        3249.760        16604.064       
W1008   3965.561    90.711      1.106         4598.943        1688.745        8628.341        
W1009   5219.323    114.345     1.481         6052.957        2222.663        11356.299       
W1010   5990.074    116.049     1.430         6946.812        2550.890        13033.312       
W1011   8938.142    152.059     1.123         10365.748       3806.333        19447.773       
W1012   10364.958   172.024     1.148         12020.455       4413.946        22552.266       
W1013   7147.362    132.821     0.214         8288.944        3043.724        15551.362       
W1014   4917.263    106.809     0.829         5702.651        2094.030        10699.070       
W1015   6272.510    121.170     1.038         7274.359        2671.166        13647.842       
W1016   5518.344    112.831     0.402         6399.737        2350.002        12006.914       
W1017   4780.949    104.953     0.895         5544.565        2035.981        10402.478       
W1018   5277.291    112.091     0.912         6120.183        2247.349        11482.426       
W1019   6838.784    98.537      0.377         7931.080        2912.315        14879.953       
W1020   6746.198    105.612     0.730         7823.706        2872.887        14678.501       
W1021   7593.828    128.213     0.707         8806.720        3233.853        16522.791       
W1022   5827.983    117.430     0.984         6758.832        2481.863        12680.633       
W1023   7831.984    124.689     1.499         9082.914        3335.272        17040.975       
W1024   4535.193    102.130     0.977         5259.557        1931.325        9867.756        
W1025   8960.780    142.523     0.778         10392.002       3815.973        19497.029       
W1026   7404.641    135.696     0.816         8587.315        3153.287        16111.154       
W1027   6497.240    118.683     1.520         7534.984        2766.868        14136.814       
W1028   5914.035    113.962     0.866         6858.629        2518.508        12867.866       
W1029   5749.957    110.913     1.485         6668.344        2448.635        12510.861       
W1030   3386.190    95.432      1.661         3927.035        1442.019        7367.736        
W1031   5761.962    100.204     1.498         6682.267        2453.748        12536.983       
W1032   6758.504    125.011     1.663         7837.977        2878.128        14705.276       
W1033   4631.500    100.270     0.958         5371.246        1972.337        10077.302       
W1034   7307.301    135.956     0.952         8474.428        3111.835        15899.360       
W1035   7548.815    118.154     1.242         8754.518        3214.684        16424.852       
W1036   7164.360    123.822     1.315         8308.657        3050.963        15588.346       
W1037   4698.738    111.957     0.599         5449.223        2000.971        10223.600       
W1038   6870.614    128.430     0.846         7967.993        2925.870        14949.208       
W1039   5207.792    101.821     0.434         6039.584        2217.753        11331.210       
W1040   5667.647    114.904     1.016         6572.887        2413.583        12331.771       
W1041   6494.742    119.776     1.558         7532.086        2765.804        14131.379       
W1042   6224.615    114.777     0.705         7218.814        2650.770        13543.631       
W1043   8910.724    150.989     1.049         10333.950       3794.657        19388.115       
W1044   3083.015    85.314      0.425         3575.436        1312.911        6708.081        
W1045   9210.097    156.590     1.298         10681.140       3922.145        20039.496       
W1046   7082.763    132.805     0.618         8214.026        3016.214        15410.806       
W1047   5127.273    117.746     0.757         5946.204        2183.464        11156.015       
W1048   7273.981    132.571     0.832         8435.786        3097.645        15826.861       
W1049   5776.919    111.467     1.931         6699.613        2460.117        12569.527       
W1050   6491.970    121.599     0.950         7528.872        2764.624        14125.349       
W1051   10353.848   165.755     1.000         12007.571       4409.215        22528.092       
W1052   5940.830    123.253     1.303         6889.703        2529.919        12926.168       
W1053   10119.571   159.934     0.839         11735.876       4309.448        22018.348       
W1054   7314.580    124.960     1.987         8482.869        3114.935        15915.197       
W1055   6646.525    119.775     1.146         7708.113        2830.441        14461.632       
W1056   6040.553    114.803     1.201         7005.354        2572.386        13143.146       
W1057   6656.720    119.851     1.167         7719.936        2834.783        14483.813       
W1058   7695.898    123.049     1.396         8925.092        3277.320        16744.877       
W1059   4172.361    97.413      0.457         4838.773        1776.812        9078.300        
W1060   4878.087    114.235     1.357         5657.219        2077.347        10613.832       
W1061   2005.667    75.104      1.873         2326.014        854.119         4363.968        
W1062   6124.814    117.390     0.736         7103.074        2608.270        13326.484       
W1063   5338.444    118.076     0.976         6191.104        2273.391        11615.484       
W1064   4151.787    104.183     0.348         4814.913        1768.050        9033.533        
W1065   6511.715    121.369     0.817         7551.771        2773.032        14168.309       
W1066   6971.733    124.754     0.619         8085.263        2968.932        15169.227       
W1067   5401.637    109.755     0.995         6264.391        2300.302        11752.981       
W1068   4865.942    107.995     1.101         5643.134        2072.175        10587.407       
W1069   7863.857    130.297     1.486         9119.878        3348.846        17110.326       
W1070   5286.729    112.621     0.902         6131.128        2251.368        11502.962       
W1071   2588.771    72.911      0.634         3002.251        1102.435        5632.696        
W1072   2052.271    73.727      1.245         2380.062        873.966         4465.370        
W1073   6598.449    118.028     1.936         7652.358        2809.968        14357.027       
W1074   6022.812    111.216     1.179         6984.780        2564.832        13104.546       
W1075   2188.050    65.637      1.333         2537.527        931.787         4760.799        
W1076   5263.817    100.309     0.760         6104.558        2241.611        11453.109       
W1077   5308.471    104.075     2.014         6156.343        2260.627        11550.268       
W1078   5391.519    124.158     0.652         6252.656        2295.993        11730.967       
W1079   8719.189    144.339     1.720         10111.824       3713.091        18971.371       
W1080   7582.980    128.230     0.969         8794.139        3229.233        16499.188       
W1081   6306.506    118.485     1.079         7313.786        2685.643        13721.812       
W1082   6065.064    119.174     0.996         7033.781        2582.825        13196.479       
W1083   4901.172    109.945     1.653         5683.990        2087.178        10664.060       
W1084   7174.812    120.490     0.816         8320.777        3055.414        15611.089       
W1085   5938.403    109.166     1.010         6886.889        2528.886        12920.888       
W1086   7866.251    129.062     0.863         9122.654        3349.865        17115.535       
W1087   7784.551    130.867     0.906         9027.904        3315.073        16937.770       
W1088   10993.742   166.242     1.113         12749.671       4681.716        23920.387       
W1089   6118.610    117.331     1.005         7095.879        2605.627        13312.984       
W1090   7497.614    123.160     1.149         8695.138        3192.880        16313.447       
W1091   3972.271    94.091      1.072         4606.725        1691.603        8642.939        
W1092   3484.933    83.351      0.689         4041.549        1484.069        7582.582        
W1093   2838.883    75.542      2.606         3292.311        1208.946        6176.894        
W1094   4945.622    100.373     0.899         5735.540        2106.107        10760.774       
W1095   4680.947    99.047      0.737         5428.591        1993.394        10184.890       
W1096   3909.335    79.877      1.077         4533.737        1664.801        8506.003        
W1097   4421.458    86.950      0.325         5127.656        1882.890        9620.289        
W1098   3313.630    84.356      0.623         3842.885        1411.119        7209.857        
W1099   4779.949    96.980      1.828         5543.406        2035.555        10400.302       
W1100   4428.120    93.177      1.102         5135.382        1885.727        9634.784        
W1101   7352.170    159.810     1.268         8526.464        3130.942        15996.987       
W1102   5330.013    102.119     0.718         6181.326        2269.801        11597.139       
W1103   3598.217    91.342      0.714         4172.926        1532.311        7829.066        
W1104   7610.848    129.806     0.600         8826.458        3241.101        16559.822       
W1105   1171.069    54.959      1.963         1358.113        498.703         2548.033        
W1106   3615.051    81.351      0.913         4192.449        1539.479        7865.693        
W1107   5634.081    102.594     0.959         6533.960        2399.289        12258.736       
W1108   2291.630    77.612      0.729         2657.651        975.897         4986.171        
W1109   3340.184    86.593      1.482         3873.680        1422.427        7267.633        
W1110   4316.822    102.550     0.783         5006.308        1838.331        9392.620        
W1111   7095.711    124.962     0.488         8229.043        3021.729        15438.979       
W1112   2302.935    69.648      0.566         2670.761        980.711         5010.769        
W1113   9336.139    173.763     1.026         10827.312       3975.821        20313.742       
W1114   3575.862    90.590      0.334         4147.000        1522.791        7780.426        
W1115   3657.390    97.182      0.468         4241.550        1557.510        7957.816        
W1116   8076.416    123.549     1.409         9366.387        3439.364        17572.814       
W1117   8434.493    127.793     0.365         9781.656        3591.852        18351.926       
W1118   7226.807    119.965     1.054         8381.078        3077.556        15724.221       
W1119   7304.731    160.428     0.431         8471.447        3110.740        15893.769       
W1120   10114.668   186.187     1.138         11730.189       4307.360        22007.680       
W1121   6232.693    114.037     1.224         7228.184        2654.210        13561.209       
W1122   5704.241    110.806     0.860         6615.326        2429.167        12411.392       
W1123   8285.498    131.641     0.711         9608.863        3528.403        18027.738       
W1125   3887.438    86.545      0.923         4508.342        1655.476        8458.359        
W1126   4659.868    94.999      1.005         5404.145        1984.418        10139.025       
W1127   9265.850    157.889     1.031         10745.797       3945.888        20160.807       
W1128   5833.035    103.846     1.203         6764.691        2484.014        12691.625       
W1129   4876.431    92.207      0.971         5655.297        2076.642        10610.228       
W1130   4326.197    95.744      1.361         5017.180        1842.323        9413.019        
W1131   4920.125    107.583     1.018         5705.971        2095.249        10705.298       
W1132   2731.260    80.051      1.258         3167.499        1163.115        5942.726        
W1133   3855.898    95.756      1.558         4471.765        1642.045        8389.733        
W1134   5169.196    108.292     1.075         5994.823        2201.316        11247.231       
W1135   3992.056    103.887     1.999         4629.670        1700.028        8685.989        
W1136   4502.164    115.676     0.876         5221.253        1917.259        9795.892        
W1137   5059.654    109.501     0.681         5867.786        2154.668        11008.889       
W1138   5209.864    123.547     0.944         6041.987        2218.635        11335.719       
W1139   3089.356    93.362      0.623         3582.790        1315.611        6721.877        
W1140   4982.529    123.823     0.628         5778.342        2121.824        10841.078       
W1141   2730.062    79.404      0.964         3166.109        1162.604        5940.118        
W1142   5291.257    111.666     0.529         6136.380        2253.296        11512.813       
W1143   6208.648    126.905     0.779         7200.297        2643.970        13508.891       
W1144   5123.492    120.498     1.190         5941.820        2181.854        11147.789       
W1145   5650.662    120.187     0.927         6553.189        2406.350        12294.813       
W1146   6343.911    127.937     1.039         7357.165        2701.572        13803.198       
W1147   2825.259    77.106      1.087         3276.511        1203.145        6147.251        
W1148   5461.049    104.785     1.588         6333.291        2325.603        11882.251       
W1149   4990.709    98.473      0.924         5787.829        2125.308        10858.878       
W1150   1817.043    58.394      1.862         2107.262        773.793         3953.556        
W1151   5118.420    103.758     1.346         5935.938        2179.694        11136.753       
W1152   6994.880    111.489     0.558         8112.107        2978.789        15219.589       
W1153   5263.548    97.937      1.284         6104.246        2241.497        11452.525       
W1154   8861.702    133.239     0.938         10277.100       3773.781        19281.453       
W1155   6027.109    114.403     0.686         6989.763        2566.661        13113.895       
W1156   7682.133    134.435     0.877         8909.128        3271.458        16714.926       
