Name    lms_peak    lms_sigma   lms_chi2/ndf  alpha_peak (g1) alpha_sigma (g2)alpha_chi2/ndf (g3)
LMS1    3936.015    98.857      2.312         4556.063        129.015         1.891           
LMS2    9487.799    128.692     0.712         4037.159        105.844         1.795           
LMS3    2314.956    75.568      1.315         5025.454        145.055         1.389           
W1      10352.997   176.509     1.109         11983.925       4405.311        22474.947       
W2      4114.780    89.497      0.781         4762.989        1750.883        8932.627        
W3      6762.387    122.217     0.795         7827.679        2877.468        14680.222       
W4      8966.496    148.526     1.186         10379.006       3815.340        19465.043       
W5      7167.285    137.240     0.791         8296.361        3049.756        15559.200       
W6      2164.355    76.178      2.739         2505.310        920.956         4698.520        
W7      9960.003    177.128     1.023         11529.021       4238.087        21621.811       
W8      3478.918    88.124      0.528         4026.959        1480.317        7552.259        
W9      1920.069    65.139      1.263         2222.542        817.010         4168.209        
W10     2737.297    78.573      1.204         3168.509        1164.749        5942.300        
W11     5642.044    104.682     0.713         6530.847        2400.750        12248.111       
W12     4053.438    93.207      0.866         4691.983        1724.781        8799.461        
W13     5443.932    115.422     1.664         6301.525        2316.451        11818.036       
W14     4667.060    93.102      0.709         5402.271        1985.884        10131.552       
W15     6624.089    138.916     1.235         7667.595        2818.620        14379.997       
W16     4457.508    95.974      0.542         5159.708        1896.717        9676.643        
W17     7786.302    125.957     0.803         9012.894        3313.155        16903.002       
W18     519.132     47.854      29.003        600.912         220.896         1126.965        
W19     5678.598    112.399     1.498         6573.159        2416.304        12327.464       
W20     4529.931    97.474      1.050         5243.540        1927.534        9833.863        
W21     3673.064    95.750      0.791         4251.688        1562.928        7973.722        
W22     6742.157    149.011     0.682         7804.263        2868.860        14636.306       
W23     4900.198    111.789     1.898         5672.136        2085.086        10637.662       
W24     4953.266    108.166     1.127         5733.563        2107.667        10752.866       
W25     4834.348    94.029      1.384         5595.912        2057.066        10494.711       
W26     6267.148    125.641     0.591         7254.424        2666.738        13605.125       
W27     4020.581    94.799      0.888         4653.950        1710.800        8728.134        
W28     3640.448    84.261      0.636         4213.935        1549.049        7902.918        
W29     4483.978    101.630     0.877         5190.347        1907.980        9734.105        
W30     6095.709    103.098     0.663         7055.979        2593.789        13232.956       
W31     6137.272    116.291     1.342         7104.088        2611.475        13323.183       
W32     7145.971    117.635     0.929         8271.689        3040.687        15512.932       
W33     4823.291    93.387      0.637         5583.113        2052.361        10470.708       
W34     7956.136    138.342     0.848         9209.481        3385.420        17271.689       
W35     6922.026    130.682     1.020         8012.466        2945.396        15026.776       
W36     3724.448    92.951      1.119         4311.168        1584.792        8085.271        
W37     4348.041    97.501      0.557         5032.996        1850.137        9439.004        
W38     4396.873    93.460      1.323         5089.521        1870.916        9545.014        
W39     6488.756    117.813     0.744         7510.942        2761.035        14086.206       
W40     6525.276    110.631     1.471         7553.216        2776.574        14165.486       
W41     4897.447    104.554     0.873         5668.952        2083.916        10631.691       
W42     3041.473    76.895      1.746         3520.602        1294.179        6602.624        
W43     7440.127    128.398     0.719         8612.185        3165.853        16151.503       
W44     7188.592    134.931     0.963         8321.025        3058.823        15605.455       
W45     5252.969    98.014      2.139         6080.479        2235.194        11403.480       
W46     6602.670    118.171     1.079         7642.801        2809.506        14333.498       
W47     6313.688    114.718     1.595         7308.296        2686.542        13706.159       
W48     1776.394    63.513      0.810         2056.232        755.874         3856.309        
W49     4267.970    106.090     0.591         4940.312        1816.067        9265.183        
W50     6991.477    119.119     0.874         8092.857        2974.948        15177.544       
W51     5277.772    102.545     1.030         6109.190        2245.748        11457.326       
W52     5845.365    111.172     1.906         6766.197        2487.265        12689.492       
W53     2038.416    64.565      1.360         2359.532        867.368         4425.125        
W54     5236.749    100.901     0.698         6061.704        2228.292        11368.269       
W55     2486.319    64.437      1.715         2877.993        1057.955        5397.459        
W56     5846.137    119.516     0.950         6767.091        2487.594        12691.168       
W57     4945.965    99.381      0.998         5725.113        2104.561        10737.018       
W58     6715.475    121.586     0.826         7773.376        2857.506        14578.381       
W59     4326.450    94.799      0.662         5008.004        1840.950        9392.134        
W60     7956.038    124.682     0.555         9209.368        3385.379        17271.477       
W61     4452.062    93.984      1.285         5153.405        1894.400        9664.822        
W62     4897.086    94.580      1.177         5668.533        2083.762        10630.907       
W63     6150.902    114.323     1.585         7119.866        2617.274        13352.772       
W64     4923.469    97.284      1.022         5699.073        2094.989        10688.182       
W65     7512.723    134.497     0.723         8696.217        3196.744        16309.100       
W66     7916.609    152.776     0.778         9163.729        3368.602        17185.881       
W67     7662.464    131.552     1.191         8869.547        3260.460        16634.166       
W68     6693.942    123.905     0.954         7748.451        2848.344        14531.637       
W69     4650.432    105.107     1.234         5383.023        1978.808        10095.454       
W70     3879.494    88.494      1.549         4490.638        1650.766        8421.854        
W71     5479.234    103.991     0.727         6342.388        2331.472        11894.671       
W72     4471.700    102.824     1.263         5176.135        1902.756        9707.452        
W73     5482.423    116.341     1.608         6346.080        2332.829        11901.594       
W74     6443.042    114.827     0.656         7458.026        2741.583        13986.967       
W75     8096.222    136.787     0.939         9371.637        3445.029        17575.797       
W76     6481.354    127.144     0.387         7502.374        2757.885        14070.137       
W77     4414.237    96.732      0.960         5109.620        1878.305        9582.707        
W78     6077.056    110.671     0.474         7034.387        2585.852        13192.462       
W79     5734.741    109.979     0.539         6638.146        2440.193        12449.343       
W80     6308.864    115.715     0.537         7302.712        2684.489        13695.687       
W81     4165.341    95.387      0.612         4821.516        1772.397        9042.390        
W82     4127.412    91.533      0.994         4777.611        1756.258        8960.049        
W83     4157.318    91.836      1.283         4812.229        1768.983        9024.973        
W84     3744.301    90.772      1.150         4334.148        1593.240        8128.369        
W85     3116.722    80.416      0.645         3607.706        1326.198        6765.979        
W86     1335.770    61.729      3.408         1546.197        568.384         2899.775        
W87     4558.279    106.519     1.364         5276.354        1939.596        9895.404        
W88     4696.852    100.278     1.348         5436.756        1998.560        10196.226       
W89     6277.962    116.311     0.633         7266.941        2671.340        13628.602       
W90     3418.277    82.540      1.418         3956.765        1454.513        7420.614        
W91     2182.086    71.807      1.821         2525.835        928.501         4737.013        
W92     5360.593    110.997     0.813         6205.057        2280.989        11637.117       
W93     3450.238    78.311      2.475         3993.760        1468.113        7489.997        
W94     8009.659    125.563     0.723         9271.437        3408.195        17387.881       
W95     4112.171    90.928      1.096         4759.969        1749.772        8926.964        
W96     4255.137    97.300      0.902         4925.458        1810.606        9237.323        
W97     6568.045    114.154     0.983         7602.722        2794.773        14258.333       
W98     7137.712    130.279     0.802         8262.130        3037.173        15495.003       
W99     7962.433    149.073     0.786         9216.771        3388.100        17285.359       
W100    5989.945    109.442     0.885         6933.553        2548.785        13003.356       
W101    5451.704    111.042     0.897         6310.522        2319.758        11834.907       
W102    6567.458    121.581     1.457         7602.042        2794.523        14257.057       
W103    8679.822    136.497     0.983         10047.171       3693.357        18842.713       
W104    4570.988    96.012      1.435         5291.065        1945.004        9922.994        
W105    5460.746    114.493     1.006         6320.987        2323.605        11854.535       
W106    4032.573    95.874      1.296         4667.832        1715.903        8754.167        
W107    10181.848   189.661     1.859         11785.814       4332.485        22103.406       
W108    5628.730    104.478     1.108         6515.435        2395.084        12219.207       
W109    5861.748    126.059     1.008         6785.161        2494.236        12725.058       
W110    5477.451    115.130     0.558         6340.324        2330.714        11890.801       
W111    4698.112    100.843     1.076         5438.215        1999.097        10198.962       
W112    5853.432    113.223     1.077         6775.535        2490.698        12707.005       
W113    3444.907    83.395      0.870         3987.590        1465.845        7478.425        
W114    5032.863    104.937     1.458         5825.700        2141.537        10925.662       
W115    5813.281    125.097     1.719         6729.059        2473.613        12619.843       
W116    1740.045    73.001      1.828         2014.158        740.408         3777.401        
W117    3129.526    79.502      2.051         3622.527        1331.647        6793.776        
W118    6249.247    121.658     1.119         7233.703        2659.121        13566.265       
W119    3209.133    77.994      0.905         3714.674        1365.520        6966.591        
W120    3516.491    83.568      1.169         4070.450        1496.304        7633.823        
W121    6959.344    143.174     0.513         8055.663        2961.275        15107.789       
W122    9092.882    142.546     1.077         10525.302       3869.118        19739.410       
W123    6046.544    109.742     1.042         6999.068        2572.869        13126.225       
W124    4911.891    107.293     0.592         5685.670        2090.062        10663.046       
W125    5863.958    113.860     0.499         6787.718        2495.177        12729.854       
W126    4493.062    95.268      0.389         5200.863        1911.846        9753.828        
W127    3486.925    86.326      0.470         4036.227        1483.724        7569.639        
W128    4157.637    93.612      1.292         4812.597        1769.119        9025.663        
W129    7578.137    127.434     1.190         8771.936        3224.578        16451.105       
W130    1500.704    65.626      2.000         1737.113        638.566         3257.824        
W131    5643.600    110.186     1.169         6532.647        2401.412        12251.488       
W132    4345.055    90.144      1.233         5029.541        1848.867        9432.523        
W133    7084.682    131.685     1.179         8200.746        3014.608        15379.881       
W134    4892.253    107.716     0.923         5662.939        2081.706        10620.417       
W135    7458.012    121.515     0.893         8632.887        3173.464        16190.331       
W136    6303.964    117.150     1.077         7297.040        2682.404        13685.049       
W137    5711.506    101.013     0.532         6611.250        2430.307        12398.902       
W138    7358.106    131.608     0.919         8517.242        3130.952        15973.447       
W139    3379.220    92.134      0.867         3911.555        1437.894        7335.827        
W140    5018.104    102.727     0.769         5808.615        2135.257        10893.619       
W141    4179.763    100.406     1.203         4838.209        1778.534        9073.697        
W142    6576.339    121.711     0.908         7612.322        2798.302        14276.337       
W143    7627.923    127.975     0.839         8829.564        3245.762        16559.182       
W144    5921.766    116.383     0.763         6854.634        2519.775        12855.349       
W145    3177.227    81.442      1.172         3677.741        1351.944        6897.327        
W146    4378.365    92.621      0.584         5068.097        1863.041        9504.835        
W147    3764.283    96.656      0.686         4357.278        1601.743        8171.748        
W148    8043.349    129.675     0.606         9310.434        3422.531        17461.016       
W149    4052.101    93.079      0.358         4690.437        1724.212        8796.561        
W150    2058.363    64.411      0.738         2382.621        875.855         4468.427        
W151    3124.810    80.230      0.898         3617.067        1329.640        6783.538        
W152    6651.830    119.173     0.711         7699.706        2830.425        14440.218       
W153    4455.639    96.122      1.549         5157.544        1895.922        9672.586        
W154    4821.140    101.284     1.048         5580.623        2051.446        10466.038       
W155    6647.334    118.850     0.930         7694.502        2828.512        14430.459       
W156    2848.767    82.305      0.762         3297.538        1212.181        6184.285        
W157    4975.844    109.474     1.028         5759.698        2117.274        10801.880       
W158    5446.865    108.693     1.088         6304.921        2317.699        11824.403       
W159    4440.216    94.338      1.057         5139.692        1889.359        9639.105        
W160    2420.713    73.377      0.758         2802.053        1030.039        5255.039        
W161    6355.670    109.825     0.906         7356.892        2704.405        13797.296       
W162    2688.334    87.027      0.853         3111.832        1143.915        5836.007        
W163    3572.732    86.081      1.378         4135.551        1520.235        7755.915        
W164    8202.130    130.228     0.897         9494.228        3490.094        17805.709       
W165    7403.478    130.014     0.776         8569.763        3150.259        16071.944       
W166    3161.994    86.151      0.516         3660.110        1345.462        6864.260        
W167    1807.936    70.867      1.310         2092.743        769.296         3924.782        
W168    2887.669    79.868      1.326         3342.569        1228.734        6268.736        
W169    4616.687    96.481      0.964         5343.962        1964.450        10022.199       
W170    4162.408    90.939      0.822         4818.120        1771.149        9036.021        
W171    7493.288    126.210     1.016         8673.721        3188.474        16266.907       
W172    3634.772    106.764     1.108         4207.365        1546.634        7890.596        
W173    6549.121    116.197     0.934         7580.817        2786.721        14217.251       
W174    4137.572    95.124      0.695         4789.372        1760.581        8982.106        
W175    7178.473    141.023     0.871         8309.312        3054.517        15583.489       
W176    5287.945    111.585     1.730         6120.965        2250.077        11479.409       
W177    6773.373    115.285     0.714         7840.396        2882.142        14704.071       
W178    6004.734    122.527     1.177         6950.672        2555.078        13035.461       
W179    4680.612    96.805      0.500         5417.958        1991.650        10160.973       
W180    4666.547    94.365      1.466         5401.677        1985.665        10130.438       
W181    4797.197    98.900      1.264         5552.909        2041.259        10414.062       
W182    4417.387    95.101      1.158         5113.266        1879.645        9589.546        
W183    2613.707    79.109      0.669         3025.449        1112.160        5674.002        
W184    4275.702    97.509      0.367         4949.262        1819.357        9281.967        
W185    6717.481    115.086     0.918         7775.699        2858.360        14582.739       
W186    6266.697    114.632     1.256         7253.902        2666.546        13604.147       
W187    2494.052    75.422      0.841         2886.945        1061.246        5414.247        
W188    3653.654    88.982      0.714         4229.221        1554.668        7931.584        
W189    5408.247    107.063     0.787         6260.218        2301.267        11740.567       
W190    5622.463    117.482     0.737         6508.181        2392.418        12205.604       
W191    5859.425    108.724     0.698         6782.472        2493.248        12720.015       
W192    5003.562    99.999      0.817         5791.782        2129.069        10862.051       
W193    3206.872    80.768      0.882         3712.056        1364.558        6961.682        
W194    3119.342    84.989      1.126         3610.738        1327.313        6771.667        
W195    5436.879    110.585     1.177         6293.361        2313.450        11802.726       
W196    2327.008    66.831      1.601         2693.586        990.167         5051.618        
W197    6170.516    123.364     0.635         7142.569        2625.620        13395.351       
W198    2877.249    79.977      1.287         3330.508        1224.300        6246.117        
W199    4874.800    96.920      1.179         5642.736        2074.279        10582.526       
W200    3703.442    88.649      0.750         4286.852        1575.854        8039.668        
W201    8877.002    154.960     0.841         10275.413       3777.259        19270.762       
W202    3204.257    78.985      0.797         3709.030        1363.445        6956.006        
W203    7060.868    121.525     1.326         8173.181        3004.475        15328.184       
W204    5352.233    106.266     0.867         6195.381        2277.432        11618.971       
W205    7247.433    155.313     1.174         8389.136        3083.860        15733.192       
W206    5015.779    101.941     0.940         5805.925        2134.267        10888.574       
W207    7338.431    127.171     0.991         8494.468        3122.580        15930.735       
W208    5023.026    107.006     1.153         5814.313        2137.351        10904.306       
W209    5026.172    106.176     1.087         5817.955        2138.690        10911.136       
W210    3596.459    89.153      1.356         4163.016        1530.331        7807.422        
W211    8489.772    135.275     0.950         9827.184        3612.489        18430.141       
W212    5945.775    113.508     1.621         6882.424        2529.991        12907.468       
W213    7055.399    125.559     0.863         8166.850        3002.147        15316.312       
W214    5594.430    106.291     1.414         6475.731        2380.489        12144.746       
W215    8057.020    133.445     0.507         9326.258        3428.348        17490.693       
W216    7166.501    125.861     0.864         8295.454        3049.422        15557.498       
W217    4078.764    93.580      1.287         4721.299        1735.557        8854.441        
W218    3222.678    83.340      1.450         3730.353        1371.284        6995.996        
W219    4617.125    93.905      0.857         5344.470        1964.636        10023.150       
W220    7643.595    128.678     1.310         8847.705        3252.431        16593.205       
W221    6575.729    108.095     1.273         7611.617        2798.043        14275.014       
W222    3410.002    82.981      0.434         3947.187        1450.992        7402.651        
W223    4377.725    90.464      1.252         5067.357        1862.769        9503.445        
W224    6717.977    120.001     0.881         7776.272        2858.571        14583.813       
W225    3954.686    95.365      0.670         4577.676        1682.761        8585.086        
W226    3590.028    92.922      0.792         4155.572        1527.595        7793.463        
W227    6059.022    113.673     0.690         7013.512        2578.179        13153.313       
W228    3398.812    91.567      0.996         3934.233        1446.230        7378.358        
W229    5831.000    110.012     0.683         6749.569        2481.153        12658.309       
W230    5625.453    107.464     0.889         6511.642        2393.690        12212.093       
W231    7059.753    129.629     0.736         8171.890        3004.000        15325.763       
W232    5830.577    106.801     0.908         6749.079        2480.973        12657.390       
W233    6222.352    113.045     0.855         7202.571        2647.677        13507.880       
W234    4489.613    105.401     0.968         5196.870        1910.378        9746.339        
W235    6852.935    126.816     1.212         7932.491        2915.997        14876.788       
W236    9430.201    162.586     1.021         10915.760       4012.651        20471.684       
W237    4642.990    99.667      1.496         5374.409        1975.642        10079.299       
W238    6796.085    111.407     0.810         7866.686        2891.806        14753.375       
W239    5396.177    106.451     0.856         6246.247        2296.131        11714.365       
W240    9603.313    138.471     1.264         11116.142       4086.312        20847.488       
W241    3475.631    86.816      1.446         4023.154        1478.918        7545.123        
W242    7496.759    138.277     1.042         8677.737        3189.951        16274.442       
W243    2855.143    76.758      0.514         3304.919        1214.894        6198.126        
W244    3218.873    80.536      2.176         3725.948        1369.665        6987.736        
W245    7269.048    129.503     0.470         8414.155        3093.057        15780.114       
W246    5626.931    101.895     1.146         6513.352        2394.319        12215.301       
W247    2821.103    76.811      1.494         3265.517        1200.409        6124.231        
W248    5420.776    96.964      1.165         6274.722        2306.598        11767.768       
W249    6719.194    123.564     1.118         7777.682        2859.088        14586.455       
W250    5549.466    102.087     0.898         6423.684        2361.357        12047.136       
W251    3344.950    94.054      0.775         3871.886        1423.312        7261.431        
W252    4533.781    99.529      1.423         5247.997        1929.172        9842.223        
W253    1904.997    71.006      2.033         2205.095        810.597         4135.489        
W254    6867.779    110.199     1.021         7949.674        2922.313        14909.014       
W255    4503.660    89.479      1.042         5213.130        1916.355        9776.832        
W256    5151.323    112.019     1.620         5962.820        2191.943        11182.821       
W257    6436.718    110.191     1.323         7450.707        2738.892        13973.238       
W258    5763.295    100.086     0.783         6671.198        2452.344        12511.330       
W259    4450.969    95.673      0.860         5152.139        1893.935        9662.448        
W260    4701.513    107.534     0.687         5442.152        2000.544        10206.345       
W261    3840.674    77.710      1.137         4445.702        1634.248        8337.579        
W262    4282.429    87.732      0.669         4957.048        1822.219        9296.569        
W263    7333.842    146.283     1.585         8489.157        3120.628        15920.773       
W264    5283.713    101.610     1.264         6116.067        2248.276        11470.224       
W265    6107.351    109.695     1.071         7069.454        2598.743        13258.228       
W266    7144.029    125.648     0.762         8269.441        3039.860        15508.714       
W267    5062.293    101.299     1.431         5859.767        2154.060        10989.551       
W268    3024.020    73.428      1.189         3500.400        1286.753        6564.736        
W269    5844.575    108.709     1.931         6765.282        2486.929        12687.776       
W270    5206.036    118.455     0.606         6026.153        2215.224        11301.597       
W271    5937.521    100.161     0.513         6872.871        2526.479        12889.552       
W272    4556.278    86.673      1.144         5274.038        1938.745        9891.061        
W273    8135.341    131.955     1.146         9416.917        3461.674        17660.717       
W274    5972.196    101.816     1.438         6913.007        2541.233        12964.824       
W275    7240.650    125.644     0.928         8381.284        3080.974        15718.467       
W276    7497.156    120.244     0.841         8678.197        3190.120        16275.305       
W277    3896.718    89.601      0.406         4510.576        1658.095        8459.245        
W278    5859.124    109.112     0.802         6782.123        2493.119        12719.359       
W279    3297.492    79.902      0.738         3816.952        1403.118        7158.406        
W280    3726.448    83.344      0.770         4313.482        1585.643        8089.610        
W281    3638.674    79.093      0.746         4211.881        1548.294        7899.066        
W282    4758.235    96.365      0.874         5507.810        2024.680        10329.481       
W283    3557.094    81.513      0.591         4117.449        1513.581        7721.966        
W284    3198.448    80.119      0.717         3702.306        1360.974        6943.396        
W285    2564.155    72.305      0.375         2968.092        1091.075        5566.433        
W286    8479.943    130.218     1.019         9815.806        3608.306        18408.805       
W287    4140.561    87.381      0.817         4792.832        1761.853        8988.595        
W288    7622.973    132.579     0.771         8823.835        3243.656        16548.438       
W289    6177.862    108.125     0.700         7151.073        2628.746        13411.299       
W290    5627.910    104.738     1.708         6514.486        2394.736        12217.427       
W291    6108.445    141.717     0.798         7070.721        2599.208        13260.604       
W292    5099.528    102.304     0.624         5902.866        2169.903        11070.382       
W293    4420.197    93.345      0.554         5116.519        1880.841        9595.646        
W294    3132.637    101.056     1.637         3626.127        1332.970        6800.529        
W295    7393.899    119.088     0.601         8558.675        3146.183        16051.150       
W296    5144.328    101.957     1.049         5954.724        2188.966        11167.636       
W297    7618.735    124.980     0.786         8818.929        3241.853        16539.238       
W298    5159.424    96.410      0.443         5972.198        2195.390        11200.407       
W299    6666.409    105.515     0.674         7716.582        2836.628        14471.867       
W300    5568.781    111.895     0.737         6446.042        2369.576        12089.066       
W301    6190.237    115.379     0.926         7165.397        2634.012        13438.163       
W302    3636.987    94.854      0.779         4209.928        1547.577        7895.403        
W303    5755.180    109.928     0.893         6661.805        2448.890        12493.713       
W304    6077.446    114.856     1.084         7034.838        2586.018        13193.308       
W305    3999.457    84.906      1.089         4629.499        1701.811        8682.276        
W306    2350.709    84.379      1.707         2721.021        1000.252        5103.069        
W307    6409.181    113.296     1.690         7418.832        2727.175        13913.460       
W308    9410.797    142.141     1.168         10893.298       4004.394        20429.561       
W309    5551.615    115.469     0.797         6426.172        2362.271        12051.802       
W310    3697.844    87.052      0.717         4280.373        1573.472        8027.517        
W311    5183.449    114.180     1.789         6000.007        2205.613        11252.562       
W312    4663.798    109.691     0.664         5398.496        1984.496        10124.472       
W313    3680.658    87.496      1.063         4260.479        1566.159        7990.208        
W314    4996.377    99.006      0.946         5783.466        2126.011        10846.455       
W315    6557.067    113.103     1.477         7590.015        2790.102        14234.500       
W316    4552.818    95.476      1.198         5270.032        1937.273        9883.549        
W317    4601.424    95.465      0.865         5326.296        1957.955        9989.065        
W318    4646.708    94.427      0.704         5378.712        1977.224        10087.370       
W319    7534.481    119.326     1.394         8721.402        3206.002        16356.333       
W320    5355.707    111.667     0.586         6199.402        2278.910        11626.512       
W321    3229.094    86.274      1.366         3737.780        1374.014        7009.924        
W322    4388.346    99.021      0.795         5079.651        1867.288        9526.502        
W323    5539.090    109.758     0.773         6411.674        2356.942        12024.611       
W324    8042.767    126.663     1.445         9309.760        3422.283        17459.752       
W325    7147.510    125.273     0.896         8273.471        3041.342        15516.272       
W326    5426.503    103.917     0.709         6281.351        2309.035        11780.200       
W327    4735.923    97.139      1.618         5481.982        2015.186        10281.044       
W328    1247.490    63.141      4.159         1444.010        530.820         2708.132        
W329    3578.498    92.979      0.631         4142.226        1522.689        7768.432        
W330    6217.208    113.946     1.410         7196.617        2645.488        13496.712       
W331    6121.297    118.069     0.692         7085.597        2604.677        13288.503       
W332    6823.798    117.542     1.131         7898.764        2903.599        14813.537       
W333    3472.093    86.826      0.408         4019.059        1477.413        7537.442        
W334    5838.865    114.825     1.387         6758.673        2484.499        12675.383       
W335    3307.027    125.189     0.875         3827.990        1407.175        7179.106        
W336    8650.871    131.062     1.229         10013.659       3681.038        18779.865       
W337    5219.476    110.481     1.627         6041.710        2220.943        11330.772       
W338    3792.212    84.590      0.433         4389.607        1613.627        8232.378        
W339    1976.839    60.200      1.001         2288.254        841.166         4291.449        
W340    5572.346    110.516     0.902         6450.168        2371.093        12096.806       
W341    5528.649    114.181     1.455         6399.587        2352.499        12001.945       
W342    2943.819    81.284      0.491         3407.564        1252.626        6390.629        
W343    6087.428    119.825     0.715         7046.392        2590.265        13214.978       
W344    5530.546    112.919     0.823         6401.784        2353.306        12006.062       
W345    5689.550    107.359     0.636         6585.836        2420.964        12351.239       
W346    7225.001    122.342     1.245         8363.170        3074.315        15684.495       
W347    7405.914    125.532     0.960         8572.581        3151.295        16077.231       
W348    5997.273    115.404     0.457         6942.036        2551.904        13019.265       
W349    3272.329    87.063      1.561         3787.826        1392.411        7103.781        
W350    5145.905    103.849     0.397         5956.550        2189.637        11171.060       
W351    7469.606    137.017     0.461         8646.308        3178.397        16215.497       
W352    5245.690    106.830     0.546         6072.054        2232.097        11387.679       
W353    4748.077    100.133     0.989         5496.050        2020.357        10307.429       
W354    5345.471    114.536     0.621         6187.554        2274.555        11604.291       
W355    4578.271    100.373     0.716         5299.496        1948.103        9938.805        
W356    7354.394    124.296     0.657         8512.946        3129.373        15965.388       
W357    1298.713    55.329      1.606         1503.302        552.616         2819.329        
W358    1968.626    67.125      1.574         2278.748        837.671         4273.620        
W359    5625.372    110.348     1.332         6511.548        2393.656        12211.918       
W360    5186.680    107.593     0.854         6003.748        2206.987        11259.575       
W361    4673.014    101.579     0.345         5409.163        1988.417        10144.478       
W362    5449.599    117.986     0.997         6308.085        2318.862        11830.338       
W363    4926.280    103.960     0.538         5702.327        2096.185        10694.284       
W364    4981.003    99.928      0.891         5765.670        2119.470        10813.080       
W365    2304.949    76.098      0.693         2668.052        980.780         5003.731        
W366    11762.185   162.262     1.348         13615.104       5004.935        25534.104       
W367    6592.040    141.789     0.962         7630.497        2804.983        14310.422       
W368    6062.781    109.430     0.490         7017.863        2579.778        13161.473       
W369    7519.370    121.438     0.357         8703.911        3199.572        16323.529       
W370    8092.330    130.789     1.206         9367.130        3443.373        17567.348       
W371    5718.511    111.538     1.052         6619.359        2433.287        12414.109       
W372    3603.114    82.045      0.585         4170.720        1533.164        7821.871        
W373    5669.678    106.268     0.835         6562.833        2412.508        12308.100       
W374    8535.562    145.019     1.053         9880.186        3631.972        18529.543       
W375    6766.155    134.874     0.477         7832.041        2879.071        14688.401       
W376    2957.269    83.605      0.830         3423.133        1258.349        6419.829        
W377    6254.150    118.919     1.012         7239.379        2661.208        13576.910       
W378    5517.274    114.904     0.539         6386.421        2347.659        11977.252       
W379    3656.096    93.052      0.899         4232.048        1555.708        7936.888        
W380    5753.157    109.431     0.920         6659.462        2448.029        12489.321       
W381    6070.922    114.629     1.272         7027.286        2583.242        13179.146       
W382    4823.844    99.536      0.820         5583.753        2052.597        10471.909       
W383    4532.854    103.718     0.593         5246.923        1928.777        9840.209        
W384    5807.171    118.600     1.139         6721.986        2471.013        12606.577       
W385    6851.709    125.819     0.756         7931.072        2915.475        14874.128       
W386    2723.800    74.956      0.766         3152.886        1159.006        5912.999        
W387    5567.520    127.308     1.452         6444.582        2369.039        12086.327       
W388    5275.574    106.842     1.228         6106.646        2244.813        11452.554       
W389    5604.889    117.826     0.703         6487.838        2384.940        12167.450       
W390    4791.965    101.517     1.002         5546.853        2039.032        10402.705       
W391    5760.201    112.315     0.420         6667.617        2451.027        12504.612       
W392    1788.400    61.544      1.853         2070.130        760.983         3882.373        
W393    5238.059    99.798      1.363         6063.220        2228.850        11371.113       
W394    4870.262    96.206      1.206         5637.484        2072.348        10572.675       
W395    3271.057    86.677      0.649         3786.353        1391.870        7101.020        
W396    4995.211    109.942     1.128         5782.117        2125.516        10843.925       
W397    4344.522    95.202      0.729         5028.923        1848.640        9431.366        
W398    7698.738    144.424     0.686         8911.535        3275.895        16712.914       
W399    2880.565    86.309      1.002         3334.346        1225.711        6253.314        
W400    5524.765    111.731     0.734         6395.092        2350.846        11993.513       
W401    5749.120    113.112     0.862         6654.790        2446.312        12480.557       
W402    10129.275   175.248     0.691         11724.960       4310.115        21989.279       
W403    6691.460    120.661     0.548         7745.579        2847.287        14526.249       
W404    5659.027    112.261     0.544         6550.504        2407.976        12284.978       
W405    4115.054    88.594      0.745         4763.306        1750.999        8933.222        
W406    6063.098    107.669     1.016         7018.229        2579.913        13162.159       
W407    5903.971    103.182     0.827         6834.035        2512.202        12816.718       
W408    8446.629    138.553     1.563         9777.242        3594.131        18336.480       
W409    7507.836    130.206     0.373         8690.561        3194.664        16298.491       
W410    6380.009    110.355     1.123         7385.064        2714.762        13850.132       
W411    5549.788    106.506     1.000         6424.057        2361.494        12047.835       
W412    5490.217    114.064     1.274         6355.102        2336.146        11918.515       
W413    7911.646    132.705     1.288         9157.982        3366.490        17175.105       
W414    7601.068    123.461     1.051         8798.479        3234.335        16500.883       
W415    8773.000    140.488     1.362         10155.027       3733.005        19044.988       
W416    5955.248    119.377     1.476         6893.390        2534.021        12928.033       
W417    8614.103    192.562     1.269         9971.099        3665.392        18700.045       
W418    7909.194    130.770     1.015         9155.145        3365.446        17169.785       
W419    7628.002    127.651     0.703         8829.655        3245.796        16559.354       
W420    5545.438    113.079     0.984         6419.021        2359.643        12038.391       
W421    5039.189    99.275      0.760         5833.022        2144.229        10939.395       
W422    4285.103    105.494     0.946         4960.144        1823.357        9302.375        
W423    3853.534    86.943      0.570         4460.589        1639.720        8365.498        
W424    4452.935    86.580      0.812         5154.414        1894.771        9666.715        
W425    2196.562    64.670      1.521         2542.591        934.661         4768.438        
W426    1402.578    53.367      2.382         1623.529        596.812         3044.807        
W427    4873.250    106.649     0.877         5640.943        2073.620        10579.163       
W428    5615.197    109.868     0.825         6499.770        2389.326        12189.828       
W429    5913.580    109.138     1.325         6845.158        2516.291        12837.576       
W430    7021.219    120.409     0.846         8127.286        2987.604        15242.112       
W431    7936.484    128.279     0.447         9186.733        3377.058        17229.027       
W432    6095.881    121.145     0.842         7056.177        2593.862        13233.328       
W433    6838.127    123.380     0.490         7915.351        2909.696        14844.645       
W434    5390.030    100.249     0.546         6239.132        2293.515        11701.021       
W435    6610.066    119.175     0.849         7651.362        2812.653        14349.554       
W436    5625.605    120.553     0.964         6511.818        2393.755        12212.424       
W437    4289.428    92.084      0.680         4965.149        1825.197        9311.764        
W438    8114.674    136.873     0.517         9392.995        3452.880        17615.854       
W439    7233.835    125.269     0.771         8373.396        3078.074        15703.671       
W440    6080.973    106.511     1.425         7038.920        2587.519        13200.964       
W441    8007.076    134.815     0.970         9268.446        3407.096        17382.271       
W442    3790.917    91.031      0.529         4388.107        1613.075        8229.563        
W443    5380.352    106.409     1.110         6227.929        2289.397        11680.012       
W444    7284.573    117.561     0.554         8432.126        3099.664        15813.817       
W445    6491.296    115.379     0.741         7513.882        2762.115        14091.721       
W446    8109.010    144.596     1.543         9386.438        3450.470        17603.559       
W447    5947.719    112.938     1.391         6884.675        2530.818        12911.688       
W448    7843.682    122.215     1.439         9079.312        3337.570        17027.566       
W449    5524.624    105.802     1.038         6394.928        2350.786        11993.206       
W450    6598.472    131.055     0.669         7637.941        2807.720        14324.384       
W451    7040.877    127.130     0.630         8150.041        2995.968        15284.788       
W452    5971.828    120.738     0.601         6912.581        2541.076        12964.025       
W453    3700.173    95.089      1.729         4283.068        1574.463        8032.571        
W454    817.315     47.175      10.136        946.069         347.776         1774.281        
W455    2538.324    67.249      1.714         2938.192        1080.084        5510.357        
W456    3649.057    90.932      1.096         4223.900        1552.713        7921.607        
W457    3940.267    83.794      1.240         4560.985        1676.625        8553.783        
W458    4369.637    81.832      1.752         5057.994        1859.327        9485.887        
W459    2665.616    60.726      1.305         3085.536        1134.248        5786.690        
W460    4088.868    80.462      0.645         4732.995        1739.857        8876.377        
W461    5453.708    110.838     0.994         6312.840        2320.611        11839.257       
W462    3031.785    72.985      0.744         3509.388        1290.057        6581.593        
W463    1795.726    59.413      1.016         2078.610        764.100         3898.276        
W464    2795.134    74.127      1.330         3235.457        1189.359        6067.856        
W465    5783.767    110.457     2.315         6694.895        2461.054        12555.771       
W466    4753.737    101.719     0.638         5502.603        2022.766        10319.717       
W467    3533.203    92.606      0.925         4089.795        1503.415        7670.103        
W468    5572.570    117.066     1.166         6450.428        2371.188        12097.291       
W469    6521.250    129.021     1.138         7548.555        2774.861        14156.745       
W470    8085.500    140.108     1.168         9359.225        3440.466        17552.520       
W471    4641.387    96.763      0.807         5372.554        1974.960        10075.820       
W472    6383.148    109.893     0.949         7388.698        2716.098        13856.947       
W473    4567.836    95.267      1.711         5287.417        1943.663        9916.151        
W474    5531.088    104.531     0.607         6402.412        2353.537        12007.240       
W475    6338.304    116.845     0.700         7336.789        2697.016        13759.595       
W476    5706.022    110.025     1.235         6604.903        2427.973        12386.998       
W477    10960.584   214.999     1.062         12687.227       4663.845        23793.938       
W478    5752.435    109.675     0.542         6658.627        2447.722        12487.754       
W479    6245.438    117.119     1.591         7229.294        2657.500        13557.996       
W480    5176.575    109.315     1.436         5992.051        2202.688        11237.641       
W481    6430.972    114.764     0.766         7444.056        2736.447        13960.766       
W482    6969.756    117.270     0.699         8067.715        2965.706        15130.394       
W483    7304.584    123.667     1.592         8455.289        3108.178        15857.258       
W484    3373.268    79.970      1.553         3904.666        1435.361        7322.906        
W485    4488.757    101.869     1.536         5195.880        1910.014        9744.481        
W486    6767.891    133.847     0.682         7834.050        2879.810        14692.170       
W487    4331.312    95.624      1.185         5013.631        1843.019        9402.688        
W488    6120.565    128.382     0.410         7084.750        2604.365        13286.914       
W489    1056.388    54.089      7.826         1222.803        449.504         2293.274        
W490    1635.463    59.616      1.354         1893.101        695.907         3550.368        
W491    5685.782    94.154      1.396         6581.475        2419.361        12343.060       
W492    4121.959    80.669      1.340         4771.299        1753.938        8948.213        
W493    3493.274    66.411      0.739         4043.577        1486.426        7583.423        
W494    377.188     30.143      22.666        436.608         160.498         818.825         
W495    4837.946    82.569      0.590         5600.077        2058.598        10502.523       
W496    2435.532    65.171      0.404         2819.206        1036.345        5287.209        
W497    2907.816    68.056      0.175         3365.889        1237.307        6312.472        
W498    5689.273    107.108     1.276         6585.515        2420.846        12350.638       
W499    6420.434    123.473     1.061         7431.857        2731.963        13937.888       
W500    5227.768    114.030     0.905         6051.308        2224.471        11348.772       
W501    8385.818    145.428     0.800         9706.853        3568.255        18204.471       
W502    1496.905    57.100      0.657         1732.715        636.949         3249.576        
W503    6947.638    131.256     1.181         8042.113        2956.294        15082.377       
W504    6557.685    117.895     0.691         7590.730        2790.365        14235.843       
W505    6018.397    119.794     1.824         6966.487        2560.892        13065.121       
W506    8444.183    135.776     1.116         9774.411        3593.090        18331.172       
W507    5635.253    115.740     1.002         6522.985        2397.860        12233.367       
W508    4727.863    103.693     0.625         5472.652        2011.756        10263.548       
W509    8435.331    147.647     1.126         9764.165        3589.323        18311.955       
W510    7392.797    135.598     0.561         8557.399        3145.714        16048.757       
W511    6149.061    119.756     1.142         7117.735        2616.491        13348.774       
W512    8142.070    167.690     0.801         9424.706        3464.538        17675.326       
W513    2639.078    70.580      1.213         3054.817        1122.956        5729.079        
W514    6528.889    111.549     1.025         7557.397        2778.112        14173.329       
W515    5944.941    111.200     1.099         6881.460        2529.636        12905.659       
W516    3278.574    87.146      0.298         3795.054        1395.068        7117.337        
W517    8585.180    140.030     1.335         9937.620        3653.085        18637.258       
W518    3871.811    91.141      1.224         4481.745        1647.497        8405.176        
W519    4863.258    102.774     0.908         5629.377        2069.368        10557.473       
W520    6206.844    109.008     0.628         7184.621        2641.078        13474.214       
W521    5574.492    105.678     0.456         6452.652        2372.006        12101.463       
W522    4774.481    99.760      0.738         5526.614        2031.592        10364.748       
W523    2127.550    65.437      0.820         2462.707        905.295         4618.622        
W524    3816.449    74.732      0.649         4417.662        1623.940        8284.993        
W525    3026.845    76.582      0.242         3503.670        1287.955        6570.870        
W526    842.562     47.761      12.231        975.292         358.519         1829.087        
W527    1256.307    56.820      14.905        1454.216        534.572         2727.272        
W528    2003.306    73.679      17.325        2318.891        852.428         4348.905        
W529    3787.564    82.452      2.235         4384.226        1611.649        8222.286        
W530    1165.056    45.138      5.679         1348.589        495.744         2529.177        
W531    4976.163    97.927      0.938         5760.068        2117.410        10802.573       
W532    3250.504    76.722      1.514         3762.562        1383.124        7056.401        
W533    4566.167    99.960      0.657         5285.484        1942.953        9912.528        
W534    5413.025    110.454     0.755         6265.749        2303.300        11750.940       
W535    4336.439    95.868      0.956         5019.567        1845.201        9413.820        
W536    5173.699    100.882     1.255         5988.722        2201.464        11231.396       
W537    6447.077    113.023     0.902         7462.697        2743.300        13995.727       
W538    5034.245    97.911      0.747         5827.300        2142.125        10928.661       
W539    7844.708    126.269     0.843         9080.501        3338.007        17029.795       
W540    2474.773    75.785      0.639         2864.629        1053.042        5372.396        
W541    7577.144    134.011     1.654         8770.786        3224.156        16448.947       
W542    8702.093    137.314     1.204         10072.951       3702.833        18891.059       
W543    6615.863    119.683     1.221         7658.073        2815.120        14362.138       
W544    5268.782    103.095     0.792         6098.783        2241.923        11437.808       
W545    3706.026    99.077      0.837         4289.844        1576.953        8045.277        
W546    5602.864    104.177     1.319         6485.494        2384.078        12163.055       
W547    7088.274    130.625     0.923         8204.903        3016.136        15387.679       
W548    5645.189    107.596     1.412         6534.486        2402.088        12254.938       
W549    5489.004    109.928     0.893         6353.698        2335.630        11915.882       
W550    6203.652    109.634     0.808         7180.926        2639.720        13467.285       
W551    4776.936    100.076     1.251         5529.456        2032.637        10370.078       
W552    4084.947    88.745      0.630         4728.457        1738.188        8867.864        
W553    6762.396    119.027     1.000         7827.690        2877.472        14680.242       
W554    4348.830    99.440      0.377         5033.910        1850.474        9440.719        
W555    6249.648    124.788     1.230         7234.168        2659.292        13567.137       
W556    2430.904    67.964      1.147         2813.849        1034.375        5277.162        
W557    1824.049    54.876      0.447         2111.395        776.152         3959.762        
W558    3620.867    71.135      0.799         4191.269        1540.717        7860.409        
W559    3397.365    67.000      0.992         3932.559        1445.615        7375.218        
W560    2055.260    72.625      16.918        2379.029        874.535         4461.689        
W563    1806.119    74.852      10.215        2090.641        768.523         3920.839        
W564    669.003     37.991      10.287        774.392         284.668         1452.314        
W565    2645.585    62.943      0.692         3062.349        1125.725        5743.206        
W566    2158.499    66.045      2.209         2498.532        918.464         4685.808        
W567    5270.602    99.274      0.817         6100.890        2242.697        11441.760       
W568    2783.160    69.308      1.011         3221.596        1184.264        6041.861        
W569    5292.967    110.278     0.837         6126.778        2252.214        11490.311       
W570    3218.908    90.684      0.209         3725.989        1369.680        6987.811        
W571    5771.375    109.639     0.653         6680.551        2455.781        12528.870       
W572    5198.009    121.107     0.610         6016.862        2211.808        11284.171       
W573    6611.263    115.451     1.299         7652.749        2813.163        14352.153       
W574    3753.029    79.372      0.569         4344.251        1596.954        8147.316        
W575    3898.012    96.040      0.758         4512.073        1658.646        8462.054        
W576    7498.271    130.072     0.915         8679.488        3190.594        16277.726       
W577    7320.752    132.546     1.074         8474.005        3115.058        15892.356       
W578    3231.552    91.437      0.929         3740.624        1375.060        7015.259        
W579    3587.146    84.754      0.959         4152.236        1526.369        7787.206        
W580    4250.422    92.532      0.842         4920.000        1808.600        9227.089        
W581    3091.955    73.728      0.641         3579.037        1315.660        6712.213        
W582    7155.411    136.312     0.732         8282.617        3044.704        15533.425       
W583    9207.355    150.064     1.105         10657.809       3917.828        19987.916       
W584    3021.816    83.378      1.001         3497.848        1285.815        6559.951        
W585    4711.759    94.505      1.018         5454.011        2004.904        10228.588       
W586    5331.576    107.809     0.489         6171.470        2268.642        11574.127       
W587    4854.338    109.195     0.485         5619.051        2065.573        10538.107       
W588    3422.099    90.010      0.656         3961.189        1456.140        7428.913        
W589    5917.467    109.488     0.712         6849.658        2517.945        12846.017       
W590    4012.770    87.281      0.443         4644.909        1707.476        8711.177        
W591    5451.109    90.847      1.809         6309.833        2319.505        11833.616       
W592    3329.669    73.805      1.942         3854.198        1416.810        7228.258        
W593    3929.875    73.763      0.773         4548.956        1672.203        8531.223        
W594    1838.263    60.865      8.789         2127.848        782.201         3990.619        
W597    2768.843    91.642      6.764         3205.024        1178.172        6010.781        
W598    1297.117    54.958      4.405         1501.455        551.937         2815.865        
W599    4579.817    83.057      1.274         5301.284        1948.761        9942.159        
W600    4434.026    86.737      2.023         5132.527        1886.725        9625.667        
W601    4654.958    93.782      0.365         5388.263        1980.734        10105.280       
W602    2813.907    84.528      1.346         3257.187        1197.347        6108.609        
W603    8082.291    143.989     1.000         9355.511        3439.101        17545.555       
W604    4821.769    108.171     0.910         5581.352        2051.714        10467.405       
W605    4360.570    96.741      1.425         5047.500        1855.469        9466.205        
W606    4470.781    91.857      1.322         5175.071        1902.365        9705.457        
W607    6548.922    107.928     0.976         7580.586        2786.636        14216.818       
W608    7606.040    125.670     1.340         8804.234        3236.451        16511.678       
W609    6194.166    112.792     0.966         7169.945        2635.684        13446.692       
W610    6054.739    112.268     1.413         7008.554        2576.356        13144.015       
W611    8569.274    147.680     0.665         9919.208        3646.318        18602.729       
W612    6668.422    138.323     0.672         7718.912        2837.485        14476.237       
W613    5637.596    121.899     0.664         6525.697        2398.857        12238.453       
W614    6493.448    128.718     1.137         7516.373        2763.031        14096.392       
W615    2237.546    72.982      1.392         2590.031        952.100         4857.409        
W616    6326.789    119.767     1.483         7323.460        2692.116        13734.599       
W617    7402.149    135.073     0.506         8568.225        3149.693        16069.061       
W618    6104.714    110.823     0.936         7066.401        2597.621        13252.504       
W619    6134.583    110.448     0.828         7100.975        2610.330        13317.344       
W620    6449.345    122.607     0.920         7465.323        2744.265        14000.650       
W621    4462.429    106.470     0.685         5165.404        1898.811        9687.325        
W622    8266.321    151.228     0.627         9568.531        3517.408        17945.061       
W623    5772.745    106.688     1.659         6682.137        2456.365        12531.845       
W624    6479.206    108.082     0.979         7499.888        2756.971        14065.475       
W625    2926.829    78.403      0.919         3387.898        1245.397        6353.749        
W626    2486.960    58.808      1.374         2878.736        1058.228        5398.853        
W627    2964.270    60.257      0.646         3431.237        1261.328        6435.026        
W628    1598.383    57.446      6.256         1850.180        680.129         3469.873        
W629    2219.143    57.586      2.481         2568.728        944.269         4817.457        
W630    2516.029    71.486      1.893         2912.384        1070.597        5461.956        
W631    2202.828    65.967      0.736         2549.844        937.327         4782.040        
W632    3918.823    80.946      0.683         4536.163        1667.501        8507.232        
W633    3947.073    91.190      1.440         4568.863        1679.522        8568.560        
W634    3345.857    68.935      0.621         3872.936        1423.698        7263.400        
W635    2633.118    64.553      1.149         3047.918        1120.420        5716.140        
W636    2336.309    64.248      0.698         2704.352        994.124         5071.809        
W637    5050.387    98.593      1.810         5845.984        2148.993        10963.702       
W638    4046.717    86.928      1.037         4684.204        1721.921        8784.871        
W639    6347.933    113.641     1.016         7347.936        2701.113        13780.499       
W640    5710.977    111.144     1.136         6610.639        2430.082        12397.755       
W641    8854.297    133.335     0.853         10249.132       3767.598        19221.475       
W642    4284.371    101.791     1.269         4959.296        1823.046        9300.786        
W643    8793.376    138.717     0.542         10178.614       3741.675        19089.223       
W644    5416.865    105.675     0.784         6270.194        2304.934        11759.276       
W645    8962.153    146.326     0.557         10373.979       3813.491        19455.617       
W646    8676.382    151.200     0.985         10043.189       3691.893        18835.244       
W647    8314.807    148.090     1.063         9624.654        3538.039        18050.314       
W648    4899.521    97.974      0.741         5671.352        2084.798        10636.192       
W649    8139.652    130.828     0.785         9421.907        3463.509        17670.078       
W650    8404.025    144.822     1.081         9727.928        3576.002        18243.996       
W651    6180.669    102.581     0.937         7154.323        2629.941        13417.393       
W652    4683.994    100.716     1.044         5421.872        1993.089        10168.313       
W653    3636.531    92.886      0.744         4209.400        1547.382        7894.413        
W654    9115.000    147.649     0.908         10550.904       3878.530        19787.426       
W655    6951.183    132.676     0.914         8046.216        2957.802        15090.073       
W656    3645.594    83.978      1.570         4219.892        1551.239        7914.090        
W657    4138.013    86.105      0.469         4789.882        1760.769        8983.063        
W658    3768.255    80.993      1.577         4361.876        1603.433        8180.370        
W659    3074.266    76.059      1.353         3558.561        1308.133        6673.813        
W660    3200.976    63.973      1.838         3705.231        1362.049        6948.882        
W661    1535.008    49.424      0.503         1776.821        653.162         3332.293        
W662    3611.771    77.932      0.520         4180.740        1536.847        7840.664        
W663    2203.035    56.911      2.681         2550.083        937.415         4782.490        
W664    985.268     38.440      3.712         1140.479        419.242         2138.883        
W665    3523.530    79.646      0.605         4078.599        1499.300        7649.105        
W666    4010.985    79.896      1.443         4642.843        1706.717        8707.303        
W667    2675.040    68.072      0.833         3096.444        1138.258        5807.146        
W668    4290.325    85.535      1.122         4966.188        1825.579        9313.711        
W669    6023.625    109.420     1.362         6972.538        2563.116        13076.469       
W670    4820.631    98.451      0.555         5580.034        2051.230        10464.935       
W671    5467.795    102.115     1.355         6329.148        2326.605        11869.840       
W672    2812.211    68.867      0.648         3255.224        1196.626        6104.927        
W673    3957.441    84.818      0.783         4580.865        1683.933        8591.066        
W674    4146.781    91.681      0.812         4800.032        1764.500        9002.098        
W675    5653.556    98.969      0.873         6544.171        2405.648        12273.100       
W676    5534.801    104.895     0.913         6406.708        2355.117        12015.300       
W677    5996.052    110.863     1.291         6940.622        2551.384        13016.614       
W678    5249.647    110.564     1.002         6076.635        2233.781        11396.271       
W679    7443.085    133.861     1.233         8615.608        3167.112        16157.924       
W680    6085.453    125.212     1.285         7044.106        2589.425        13210.691       
W681    6869.679    128.881     0.759         7951.873        2923.121        14913.139       
W682    5713.590    110.745     0.762         6613.664        2431.194        12403.428       
W683    6074.915    108.720     0.837         7031.908        2584.941        13187.813       
W684    7415.634    129.445     1.289         8583.833        3155.431        16098.332       
W685    3324.671    77.833      0.841         3848.413        1414.683        7217.409        
W686    3868.072    86.892      1.255         4477.417        1645.906        8397.057        
W687    3781.800    81.941      1.299         4377.554        1609.196        8209.773        
W688    5681.109    114.611     0.535         6576.065        2417.372        12332.914       
W689    6884.243    132.362     0.580         7968.731        2929.319        14944.754       
W690    3953.371    89.471      1.178         4576.153        1682.201        8582.230        
W691    4932.498    99.407      0.549         5709.524        2098.830        10707.782       
W692    5389.563    108.847     1.006         6238.591        2293.317        11700.008       
W693    2851.174    80.349      1.849         3300.325        1213.205        6189.510        
W694    2905.601    69.508      0.540         3363.326        1236.364        6307.665        
W695    4734.384    89.789      0.720         5480.200        2014.531        10277.703       
W696    2055.735    67.452      1.406         2379.579        874.737         4462.722        
W697    5493.628    141.031     0.792         6359.050        2337.597        11925.919       
W698    3087.602    74.212      0.864         3573.997        1313.807        6702.763        
W699    2677.317    72.262      1.540         3099.081        1139.227        5812.092        
W700    1642.077    59.399      2.119         1900.756        698.721         3564.725        
W701    5409.893    95.954      1.253         6262.124        2301.967        11744.141       
W702    4617.987    96.227      0.926         5345.468        1965.003        10025.022       
W703    4589.166    98.848      1.773         5312.106        1952.739        9962.454        
W704    1837.312    65.163      1.432         2126.747        781.796         3988.554        
W705    8070.831    137.090     0.841         9342.245        3434.225        17520.676       
W706    2582.662    70.276      1.875         2989.514        1098.950        5606.608        
W707    5700.282    113.057     1.259         6598.258        2425.531        12374.536       
W708    4160.403    90.863      1.085         4815.799        1770.296        9031.669        
W709    5342.324    101.318     0.876         6183.911        2273.216        11597.459       
W710    7312.343    133.534     0.748         8464.271        3111.480        15874.102       
W711    5185.861    100.492     0.352         6002.800        2206.639        11257.800       
W712    6692.565    125.349     0.621         7746.858        2847.758        14528.648       
W713    7024.277    124.633     0.766         8130.825        2988.905        15248.749       
W714    7030.643    124.589     0.963         8138.194        2991.613        15262.570       
W715    3825.786    88.821      1.609         4428.470        1627.913        8305.262        
W716    7356.084    128.437     0.597         8514.902        3130.092        15969.059       
W717    9316.783    158.843     0.976         10784.475       3964.391        20225.469       
W718    5501.925    99.537      0.596         6368.654        2341.128        11943.932       
W719    5493.775    120.158     1.100         6359.220        2337.660        11926.238       
W720    2935.384    68.221      0.601         3397.801        1249.037        6372.319        
W721    4452.088    99.221      0.531         5153.435        1894.411        9664.878        
W722    6242.130    119.650     1.086         7225.464        2656.093        13550.815       
W723    3703.478    83.364      0.269         4286.895        1575.869        8039.748        
W724    4850.150    91.445      1.065         5614.204        2063.791        10529.017       
W725    4065.614    87.065      0.999         4706.078        1729.962        8825.895        
W726    4087.188    91.923      0.936         4731.050        1739.142        8872.729        
W727    4342.863    100.621     1.174         5027.002        1847.934        9427.765        
W728    5091.110    115.118     0.763         5893.123        2166.322        11052.108       
W729    2973.610    80.993      0.589         3442.049        1265.303        6455.303        
W730    4663.836    87.302      0.794         5398.539        1984.512        10124.554       
W731    6043.062    107.110     0.941         6995.038        2571.387        13118.665       
W732    2649.529    63.719      1.103         3066.914        1127.403        5751.766        
W733    6175.310    122.430     0.583         7148.118        2627.660        13405.757       
W734    6346.277    106.759     0.635         7346.019        2700.409        13776.905       
W735    3723.946    90.394      1.398         4310.586        1584.579        8084.179        
W736    5464.037    100.649     1.273         6324.797        2325.006        11861.681       
W737    5436.974    118.678     0.827         6293.471        2313.490        11802.931       
W738    5009.350    96.843      0.826         5798.482        2131.532        10874.617       
W739    4355.406    86.572      1.729         5041.522        1853.272        9454.994        
W740    6136.872    112.754     0.793         7103.625        2611.304        13322.313       
W741    3395.907    91.116      1.543         3930.871        1444.995        7372.052        
W742    5942.841    107.383     1.215         6879.029        2528.742        12901.100       
W743    2748.390    71.784      1.855         3181.349        1169.469        5966.380        
W744    5752.686    110.057     1.150         6658.917        2447.829        12488.298       
W745    4820.511    98.413      1.149         5579.895        2051.179        10464.673       
W746    6302.019    112.791     0.695         7294.789        2681.576        13680.826       
W747    5497.881    101.900     0.821         6363.973        2339.407        11935.151       
W748    5008.611    95.019      1.094         5797.627        2131.217        10873.014       
W749    6568.957    111.711     0.640         7603.777        2795.161        14260.312       
W750    4698.632    91.760      0.858         5438.817        1999.318        10200.092       
W751    4932.692    106.934     0.684         5709.749        2098.913        10708.204       
W752    3105.105    85.246      1.179         3594.258        1321.255        6740.760        
W753    5439.493    113.534     0.793         6296.387        2314.562        11808.398       
W754    3480.835    77.657      0.877         4029.177        1481.132        7556.419        
W755    4050.184    88.671      0.847         4688.217        1723.396        8792.397        
W756    6245.440    113.103     0.786         7229.297        2657.501        13558.001       
W757    4634.058    93.349      1.196         5364.070        1971.841        10059.909       
W758    4224.725    89.745      1.200         4890.254        1797.665        9171.303        
W759    3837.840    86.694      0.669         4442.422        1633.042        8331.428        
W760    2374.194    81.637      1.224         2748.205        1010.245        5154.052        
W761    2492.915    69.311      0.532         2885.629        1060.762        5411.780        
W762    4882.854    101.925     0.685         5652.060        2077.706        10600.012       
W763    3316.610    76.003      0.581         3839.082        1411.253        7199.909        
W764    3817.629    82.455      0.649         4419.028        1624.442        8287.555        
W765    3210.536    77.290      1.706         3716.298        1366.117        6969.637        
W766    7459.828    124.568     0.712         8634.989        3174.236        16194.271       
W767    5907.002    111.772     0.923         6837.544        2513.492        12823.299       
W768    5282.041    102.574     1.261         6114.131        2247.565        11466.592       
W769    5379.220    100.945     0.966         6226.619        2288.916        11677.555       
W770    3244.269    81.023      1.753         3755.345        1380.471        7042.866        
W771    3849.028    86.690      1.146         4455.374        1637.802        8355.717        
W772    4910.066    101.758     0.935         5683.559        2089.285        10659.086       
W773    4856.754    101.012     0.584         5621.848        2066.601        10543.352       
W774    7248.702    119.388     1.138         8390.604        3084.400        15735.946       
W775    6573.028    109.853     0.736         7608.490        2796.893        14269.149       
W776    7080.004    118.731     1.046         8195.331        3012.617        15369.726       
W777    6550.369    120.289     1.144         7582.261        2787.252        14219.960       
W778    7710.991    131.501     0.708         8925.718        3281.109        16739.512       
W779    5824.343    112.487     0.902         6741.863        2478.320        12643.856       
W780    5223.068    100.058     0.653         6045.868        2222.471        11338.569       
W782    9972.615    168.741     0.887         11543.621       4243.454        21649.191       
W783    7271.526    130.942     1.049         8417.024        3094.112        15785.495       
W784    3014.914    99.819      1.578         3489.859        1282.878        6544.967        
W785    8554.548    142.968     0.740         9902.163        3640.051        18570.760       
W786    9152.438    170.570     0.863         10594.240       3894.460        19868.699       
W787    7278.969    132.361     1.267         8425.640        3097.279        15801.651       
W788    8614.582    143.775     0.582         9971.654        3665.596        18701.086       
W789    8423.814    129.406     1.402         9750.834        3584.423        18286.955       
W790    6219.840    114.923     0.993         7199.664        2646.608        13502.427       
W791    4582.774    96.731      0.414         5304.707        1950.019        9948.579        
W792    4483.116    102.261     0.701         5189.350        1907.614        9732.235        
W793    5017.539    109.797     0.408         5807.961        2135.016        10892.394       
W794    8115.639    150.165     0.512         9394.110        3453.291        17617.947       
W795    7643.260    125.556     0.633         8847.318        3252.289        16592.477       
W796    8294.728    152.539     0.647         9601.412        3529.495        18006.725       
W797    4104.615    93.561      2.010         4751.223        1746.557        8910.562        
W798    4336.369    94.507      2.132         5019.485        1845.171        9413.667        
W799    4699.726    103.952     0.724         5440.083        1999.784        10202.466       
W800    854.567     47.720      10.305        989.189         363.627         1855.149        
W801    8559.425    136.454     0.914         9907.808        3642.126        18581.346       
W802    3232.496    85.162      0.717         3741.718        1375.462        7017.310        
W803    4178.208    94.505      1.312         4836.409        1777.872        9070.321        
W804    5412.812    116.896     1.236         6265.503        2303.209        11750.479       
W805    4958.706    96.736      1.065         5739.861        2109.982        10764.677       
W806    7273.318    137.134     0.757         8419.099        3094.875        15789.385       
W807    3807.228    85.717      1.279         4406.988        1620.016        8264.975        
W808    2637.599    72.467      0.637         3053.105        1122.326        5725.868        
W809    4361.314    94.945      0.625         5048.361        1855.786        9467.820        
W810    7171.702    136.178     0.884         8301.475        3051.635        15568.790       
W811    5288.191    104.686     0.478         6121.250        2250.182        11479.944       
W812    7967.771    135.747     0.491         9222.949        3390.371        17296.945       
W813    7913.614    167.760     0.709         9160.261        3367.327        17179.379       
W814    5209.737    109.770     1.524         6030.437        2216.799        11309.630       
W815    7306.901    129.974     0.939         8457.971        3109.164        15862.288       
W816    6133.905    112.981     1.183         7100.190        2610.042        13315.872       
W817    6959.698    126.456     0.761         8056.073        2961.426        15108.558       
W818    4280.982    107.255     0.779         4955.374        1821.603        9293.430        
W819    9173.698    163.178     0.663         10618.849       3903.506        19914.852       
W820    7391.332    131.801     1.063         8555.702        3145.090        16045.574       
W821    6801.918    124.275     1.675         7873.437        2894.289        14766.039       
W822    6570.998    122.062     1.167         7606.140        2796.029        14264.741       
W823    3128.559    90.376      0.517         3621.407        1331.235        6791.676        
W824    7883.846    152.636     0.992         9125.804        3354.660        17114.758       
W825    3537.632    78.934      2.031         4094.921        1505.300        7679.717        
W826    3807.649    97.616      1.252         4407.476        1620.195        8265.889        
W827    3859.487    92.949      1.314         4467.480        1642.253        8378.422        
W828    6746.606    137.254     0.930         7809.412        2870.753        14645.964       
W829    4569.105    88.480      2.207         5288.885        1944.203        9918.905        
W830    4835.107    101.707     1.562         5596.792        2057.390        10496.360       
W831    3936.515    95.802      0.635         4556.641        1675.029        8545.638        
W832    5224.426    105.497     1.201         6047.440        2223.049        11341.519       
W833    6524.946    113.619     0.842         7552.833        2776.434        14164.771       
W834    2653.281    73.898      1.529         3071.257        1128.999        5759.912        
W835    6284.733    117.072     1.004         7274.780        2674.221        13643.302       
W836    5165.169    110.433     1.349         5978.849        2197.834        11212.880       
W837    6638.638    129.691     1.436         7684.436        2824.811        14411.580       
W838    6454.883    115.950     0.866         7471.733        2746.621        14012.673       
W839    7848.768    137.929     0.994         9085.199        3339.734        17038.607       
W840    3708.691    90.417      1.451         4292.928        1578.087        8051.063        
W841    3881.115    96.005      1.029         4492.515        1651.456        8425.373        
W842    6995.049    129.846     1.009         8096.993        2976.468        15185.299       
W843    9050.057    156.108     0.532         10475.729       3850.895        19646.441       
W844    8796.913    146.726     0.714         10182.708       3743.180        19096.902       
W845    6168.457    112.316     1.009         7140.186        2624.744        13390.881       
W846    7079.714    127.521     1.403         8194.995        3012.494        15369.097       
W847    6530.851    124.231     1.219         7559.668        2778.946        14177.588       
W848    5369.644    104.261     1.079         6215.534        2284.841        11656.766       
W849    6697.777    128.453     1.215         7752.892        2849.976        14539.963       
W850    5314.965    109.533     1.273         6152.242        2261.574        11538.065       
W851    6010.541    110.897     1.275         6957.394        2557.549        13048.066       
W852    6934.222    137.180     0.987         8026.583        2950.585        15053.252       
W853    4085.705    96.012      0.783         4729.333        1738.511        8869.509        
W854    9106.595    142.067     1.184         10541.175       3874.953        19769.178       
W855    5563.324    108.361     0.786         6439.726        2367.254        12077.220       
W856    7327.065    130.827     0.756         8481.312        3117.744        15906.062       
W857    7873.923    162.307     0.716         9114.317        3350.438        17093.215       
W858    7257.016    126.743     0.696         8400.228        3087.938        15753.994       
W859    4859.767    94.307      1.657         5625.335        2067.883        10549.893       
W860    5775.048    114.570     1.076         6684.803        2457.344        12536.844       
W861    3122.065    88.130      1.347         3613.890        1328.472        6777.579        
W862    3949.339    91.442      0.966         4571.486        1680.486        8573.478        
W863    4024.396    96.067      1.160         4658.368        1712.424        8736.417        
W864    6198.356    106.022     1.354         7174.795        2637.467        13455.788       
W865    5848.915    135.856     0.974         6770.306        2488.775        12697.198       
W866    4732.833    93.604      0.514         5478.405        2013.871        10274.335       
W867    3612.534    82.809      0.863         4181.624        1537.172        7842.320        
W868    3950.086    110.885     0.952         4572.351        1680.804        8575.100        
W869    4084.122    90.109      0.808         4727.501        1737.837        8866.072        
W870    5341.063    103.045     0.990         6182.451        2272.679        11594.721       
W871    2219.445    81.514      1.051         2569.079        944.398         4818.113        
W872    3783.334    87.803      1.861         4379.331        1609.849        8213.104        
W873    6350.446    108.270     0.908         7350.845        2702.183        13785.955       
W874    6342.957    112.964     0.856         7342.175        2698.995        13769.695       
W875    5994.912    107.688     0.714         6939.303        2550.899        13014.139       
W876    8838.797    128.303     1.186         10231.190       3761.002        19187.826       
W877    6925.948    135.834     0.881         8017.006        2947.065        15035.292       
W878    3138.100    87.280      0.775         3632.451        1335.295        6812.388        
W879    8810.389    140.712     0.597         10198.306       3748.914        19126.154       
W880    4179.197    94.482      1.378         4837.554        1778.293        9072.469        
W881    6499.208    118.109     0.856         7523.042        2765.482        14108.897       
W882    7336.473    129.481     1.501         8492.201        3121.747        15926.484       
W883    4835.236    97.558      0.522         5596.941        2057.445        10496.640       
W884    5322.209    112.184     0.923         6160.627        2264.657        11553.793       
W885    4515.180    112.166     1.366         5226.465        1921.257        9801.841        
W886    6484.575    132.157     0.765         7506.103        2759.256        14077.131       
W887    6608.030    123.151     1.009         7649.005        2811.787        14345.134       
W888    6357.752    118.078     0.681         7359.301        2705.291        13801.814       
W889    6241.968    120.584     0.482         7225.277        2656.024        13550.464       
W890    7639.192    147.229     1.678         8842.608        3250.558        16583.646       
W891    5752.393    129.573     1.083         6658.579        2447.705        12487.663       
W892    3069.650    79.562      0.792         3553.218        1306.169        6663.792        
W893    4034.516    84.308      1.034         4670.082        1716.730        8758.386        
W894    3353.732    76.101      1.261         3882.052        1427.049        7280.496        
W895    6790.198    112.347     1.657         7859.871        2889.301        14740.596       
W896    5893.524    98.674      1.308         6821.942        2507.757        12794.039       
W897    6066.444    112.353     1.135         7022.103        2581.336        13169.425       
W898    3490.701    75.824      1.180         4040.597        1485.330        7577.836        
W899    5151.820    115.218     1.048         5963.396        2192.154        11183.900       
W900    6314.167    156.749     1.019         7308.850        2686.745        13707.196       
W901    5366.829    119.122     0.702         6212.276        2283.643        11650.656       
W902    7685.817    140.168     0.795         8896.579        3270.397        16684.865       
W903    5527.392    100.761     1.303         6398.133        2351.964        11999.217       
W904    3431.552    77.923      1.060         3972.131        1460.162        7449.433        
W905    3481.273    85.173      1.730         4029.685        1481.319        7557.370        
W906    3200.985    98.425      1.878         3705.243        1362.053        6948.903        
W907    6063.244    108.226     1.030         7018.399        2579.975        13162.479       
W908    5017.875    118.921     0.985         5808.351        2135.159        10893.124       
W909    5542.936    113.707     1.285         6416.125        2358.578        12032.959       
W910    4742.829    108.774     1.188         5489.976        2018.124        10296.037       
W911    5678.402    124.123     0.776         6572.932        2416.220        12327.038       
W912    5324.946    114.550     1.553         6163.795        2265.821        11559.732       
W913    1450.598    63.947      1.545         1679.113        617.245         3149.050        
W914    8469.782    146.921     0.568         9804.043        3603.982        18386.744       
W915    7310.081    125.441     0.452         8461.652        3110.517        15869.191       
W916    4571.204    103.351     1.337         5291.315        1945.096        9923.462        
W917    9838.309    158.087     0.996         11388.156       4186.305        21357.629       
W918    8404.719    135.833     0.714         9728.730        3576.297        18245.500       
W919    7632.990    130.779     0.985         8835.430        3247.918        16570.182       
W920    4062.341    90.381      0.803         4702.290        1728.569        8818.789        
W921    5185.520    118.292     0.927         6002.405        2206.494        11257.058       
W922    5568.348    111.012     0.967         6445.540        2369.391        12088.125       
W923    6716.987    131.347     0.766         7775.127        2858.150        14581.666       
W924    6150.500    111.036     0.846         7119.401        2617.104        13351.899       
W925    2579.988    85.313      0.989         2986.418        1097.812        5600.803        
W926    6548.309    115.804     1.396         7579.876        2786.375        14215.487       
W927    5334.847    123.323     0.780         6175.255        2270.034        11581.227       
W928    4514.856    98.160      1.618         5226.090        1921.119        9801.139        
W929    4801.902    97.188      0.355         5558.355        2043.261        10424.276       
W930    2791.238    73.044      0.666         3230.947        1187.702        6059.398        
W931    5384.702    97.465      0.823         6232.964        2291.248        11689.455       
W932    2719.979    74.792      0.669         3148.463        1157.380        5904.705        
W933    6664.546    124.289     1.464         7714.426        2835.835        14467.823       
W934    6219.140    121.598     0.868         7198.854        2646.310        13500.907       
W935    3630.863    99.260      0.724         4202.840        1544.971        7882.110        
W936    5181.311    103.794     1.556         5997.533        2204.703        11247.921       
W937    7588.218    141.419     0.873         8783.604        3228.867        16472.988       
W938    4963.762    116.868     0.974         5745.713        2112.134        10775.651       
W939    3442.955    84.816      0.552         3985.331        1465.014        7474.188        
W940    6078.037    112.637     1.426         7035.522        2586.270        13194.592       
W941    5860.929    115.504     0.831         6784.212        2493.888        12723.278       
W942    1844.876    70.599      0.840         2135.503        785.014         4004.975        
W943    6025.473    118.872     1.268         6974.678        2563.903        13080.482       
W944    2692.963    77.925      1.635         3117.191        1145.884        5846.057        
W945    1789.158    68.725      2.130         2071.008        761.306         3884.020        
W946    8648.547    137.587     1.697         10010.969       3680.049        18774.818       
W947    7317.163    124.813     0.950         8469.850        3113.531        15884.565       
W948    7654.200    137.086     1.161         8859.981        3256.944        16616.227       
W949    6639.213    139.962     0.817         7685.101        2825.056        14412.828       
W950    6431.682    124.566     0.899         7444.877        2736.749        13962.307       
W951    4757.803    109.348     0.923         5507.309        2024.496        10328.543       
W952    6573.624    121.945     0.964         7609.179        2797.147        14270.442       
W953    6830.719    124.620     0.943         7906.775        2906.543        14828.562       
W954    5448.171    105.827     0.912         6306.433        2318.255        11827.239       
W955    4795.070    103.670     0.384         5550.446        2040.353        10409.444       
W956    5547.670    118.531     1.057         6421.605        2360.593        12043.236       
W957    6346.180    124.809     1.011         7345.906        2700.367        13776.694       
W958    9052.089    142.177     1.417         10478.082       3851.760        19650.854       
W959    5203.265    111.582     1.059         6022.945        2214.044        11295.580       
W960    6689.911    134.141     1.790         7743.785        2846.628        14522.887       
W961    7027.542    133.875     1.212         8134.604        2990.294        15255.837       
W962    5604.039    119.099     0.838         6486.854        2384.578        12165.605       
W963    7506.226    140.597     1.024         8688.695        3193.979        16294.994       
W964    3960.475    94.358      0.813         4584.376        1685.224        8597.651        
W965    6423.805    123.599     0.887         7435.760        2733.397        13945.207       
W966    7514.693    129.118     1.220         8698.498        3197.582        16313.376       
W967    8370.550    135.438     1.241         9689.179        3561.758        18171.324       
W968    3798.409    92.569      0.910         4396.780        1616.263        8245.828        
W969    8163.510    158.198     0.503         9449.523        3473.660        17721.869       
W970    5118.724    102.453     0.879         5925.087        2178.072        11112.054       
W971    5602.520    110.975     0.755         6485.095        2383.932        12162.308       
W972    5438.692    112.965     0.808         6295.459        2314.221        11806.660       
W973    5898.376    125.585     1.287         6827.559        2509.822        12804.572       
W974    3057.646    85.908      1.181         3539.323        1301.061        6637.734        
W975    3423.887    92.668      1.440         3963.258        1456.900        7432.792        
W976    5314.331    114.796     0.839         6151.507        2261.304        11536.688       
W977    7726.238    127.892     0.965         8943.367        3287.596        16772.611       
W978    3076.972    89.088      0.992         3561.694        1309.284        6679.688        
W979    877.248     65.281      9.458         1015.443        373.278         1904.386        
W980    3915.191    99.946      0.767         4531.958        1665.955        8499.347        
W981    5566.529    113.390     0.892         6443.436        2368.617        12084.178       
W982    6623.329    131.266     1.159         7666.715        2818.297        14378.346       
W983    5411.706    116.013     1.210         6264.223        2302.739        11748.077       
W984    9026.873    157.973     1.490         10448.895       3841.031        19596.113       
W985    6019.740    117.294     0.996         6968.041        2561.463        13068.036       
W986    7306.454    130.610     0.822         8457.454        3108.974        15861.317       
W987    3948.823    91.297      0.666         4570.889        1680.266        8572.358        
W988    2365.516    70.403      0.903         2738.160        1006.552        5135.214        
W989    4737.870    107.535     0.839         5484.235        2016.014        10285.271       
W990    3947.240    97.348      0.738         4569.057        1679.593        8568.922        
W991    5600.485    115.228     1.046         6482.741        2383.066        12157.892       
W992    6513.426    119.538     0.565         7539.499        2771.532        14139.762       
W993    3996.143    93.835      1.616         4625.664        1700.401        8675.083        
W994    4382.504    93.723      0.801         5072.889        1864.802        9513.820        
W995    4860.272    96.622      1.626         5625.921        2068.098        10550.990       
W996    7570.522    118.616     1.439         8763.121        3221.338        16434.574       
W997    5972.150    121.498     0.483         6912.955        2541.213        12964.726       
W998    6288.878    111.754     1.052         7279.577        2675.984        13652.299       
W999    6095.499    117.169     0.940         7055.734        2593.700        13232.498       
W1000   7476.104    134.818     0.919         8653.829        3181.162        16229.604       
W1001   8989.904    145.064     0.837         10406.102       3825.300        19515.859       
W1002   7286.754    134.081     1.209         8434.651        3100.592        15818.552       
W1003   4721.110    112.789     1.511         5464.835        2008.883        10248.887       
W1004   8550.908    150.260     1.132         9897.949        3638.502        18562.857       
W1005   6929.629    124.795     0.778         8021.267        2948.631        15043.281       
W1006   5907.983    120.204     1.959         6838.679        2513.910        12825.429       
W1007   7587.130    133.396     1.076         8782.346        3228.405        16470.629       
W1008   3947.774    91.242      1.337         4569.675        1679.820        8570.081        
W1009   5189.369    117.337     0.785         6006.860        2208.132        11265.414       
W1010   5944.289    117.574     0.738         6880.705        2529.358        12904.243       
W1011   8925.139    156.330     0.836         10331.133       3797.741        19375.262       
W1012   10329.529   167.116     0.858         11956.761       4395.325        22424.004       
W1013   7114.984    136.121     1.333         8235.821        3027.501        15445.661       
W1014   4910.988    105.273     0.604         5684.626        2089.678        10661.087       
W1015   6242.417    121.316     0.749         7225.796        2656.215        13551.438       
W1016   5498.831    111.795     0.845         6365.072        2339.811        11937.213       
W1017   4775.844    103.672     1.018         5528.192        2032.172        10367.708       
W1018   5264.120    109.864     0.852         6093.387        2239.939        11427.688       
W1019   6880.420    102.612     1.033         7964.306        2927.692        14936.456       
W1020   6671.375    98.924      1.022         7722.330        2838.741        14482.648       
W1021   7573.509    130.892     0.765         8766.579        3222.609        16441.059       
W1022   5821.667    114.842     0.713         6738.765        2477.181        12638.046       
W1023   7807.116    126.659     1.212         9036.986        3322.011        16948.186       
W1024   4525.724    97.977      0.962         5238.670        1925.744        9824.730        
W1025   8918.097    143.352     0.982         10322.982       3794.745        19359.975       
W1026   7390.360    133.526     1.402         8554.578        3144.677        16043.467       
W1027   6471.665    117.904     1.151         7491.159        2753.762        14049.104       
W1028   5895.443    117.582     0.930         6824.164        2508.574        12798.204       
W1029   5729.443    111.431     0.753         6632.013        2437.939        12437.841       
W1030   3367.928    94.054      0.784         3898.484        1433.089        7311.313        
W1031   5726.829    103.340     0.757         6628.987        2436.827        12432.166       
W1032   6744.448    123.373     1.158         7806.915        2869.834        14641.280       
W1033   4625.641    98.491      1.644         5354.327        1968.259        10041.636       
W1034   7282.335    126.162     0.933         8429.535        3098.711        15808.958       
W1035   7526.255    115.781     0.546         8711.881        3202.501        16338.476       
W1036   7130.733    128.150     0.881         8254.052        3034.203        15479.852       
W1037   4675.468    114.538     0.915         5412.003        1989.461        10149.804       
W1038   6851.911    129.156     0.813         7931.306        2915.561        14874.566       
W1039   5186.810    98.976      0.573         6003.898        2207.043        11259.858       
W1040   5647.498    117.451     0.973         6537.159        2403.071        12259.950       
W1041   6447.702    116.700     0.788         7463.420        2743.566        13997.083       
W1042   6193.126    117.665     1.365         7168.742        2635.241        13444.435       
W1043   8825.477    152.132     0.981         10215.771       3755.334        19158.908       
W1044   3070.590    84.912      0.758         3554.306        1306.569        6665.833        
W1045   9137.297    155.038     1.469         10576.713       3888.017        19835.830       
W1046   7063.535    126.723     0.737         8176.267        3005.609        15333.973       
W1047   5091.753    115.636     0.922         5893.868        2166.595        11053.504       
W1048   7253.627    127.395     0.813         8396.306        3086.496        15746.639       
W1049   5758.994    112.062     0.863         6666.219        2450.513        12501.991       
W1050   6470.836    119.717     0.942         7490.200        2753.410        14047.306       
W1051   10338.652   167.833     0.509         11967.320       4399.207        22443.809       
W1052   5915.912    118.600     1.043         6847.857        2517.283        12842.640       
W1053   10110.627   156.446     0.732         11703.373       4302.179        21948.795       
W1054   7291.923    128.769     0.798         8440.634        3102.791        15829.772       
W1055   6628.001    120.933     2.080         7672.123        2820.285        14388.488       
W1056   6014.673    112.327     1.108         6962.176        2559.308        13057.037       
W1057   6654.679    117.852     0.625         7703.004        2831.637        14446.402       
W1058   7665.856    120.451     1.433         8873.474        3261.904        16641.531       
W1059   4168.824    93.802      0.815         4825.547        1773.879        9049.950        
W1060   4850.878    114.037     0.877         5615.046        2064.100        10530.596       
W1061   2000.001    74.511      1.662         2315.065        851.022         4341.730        
W1062   6121.603    116.150     0.686         7085.950        2604.807        13289.166       
W1063   5321.069    118.953     0.783         6159.307        2264.172        11551.316       
W1064   4146.511    103.856     1.057         4799.719        1764.385        9001.512        
W1065   6511.666    120.354     1.218         7537.461        2770.783        14135.940       
W1066   6969.733    124.649     0.932         8067.689        2965.696        15130.343       
W1067   5394.444    109.026     0.382         6244.241        2295.393        11710.604       
W1068   4836.947    110.101     0.667         5598.920        2058.172        10500.354       
W1069   7840.010    130.938     1.065         9075.062        3336.008        17019.594       
W1070   5287.674    113.227     1.032         6120.652        2249.961        11478.820       
W1071   2577.782    74.060      1.782         2983.865        1096.874        5596.014        
W1072   2049.408    73.632      1.084         2372.256        872.045         4448.986        
W1073   6576.634    117.022     1.317         7612.664        2798.428        14276.979       
W1074   6002.820    107.548     1.135         6948.456        2554.264        13031.306       
W1075   2185.373    67.364      0.834         2529.639        929.900         4744.148        
W1076   5236.181    100.384     0.693         6061.046        2228.051        11367.036       
W1077   5283.256    106.119     0.849         6115.538        2248.082        11469.230       
W1078   5391.211    119.717     0.566         6240.499        2294.018        11703.587       
W1079   8695.737    142.962     0.804         10065.594       3700.129        18877.262       
W1080   7564.417    126.046     0.847         8756.055        3218.740        16421.318       
W1081   6309.038    122.725     0.915         7302.913        2684.563        13696.063       
W1082   6043.477    120.741     1.041         6995.517        2571.563        13119.565       
W1083   4889.119    108.159     0.962         5659.311        2080.372        10613.611       
W1084   7151.811    121.232     1.012         8278.450        3043.172        15525.609       
W1085   5948.602    111.664     0.568         6885.697        2531.193        12913.605       
W1086   7836.201    133.404     0.907         9070.652        3334.387        17011.326       
W1087   7773.371    131.630     0.945         8997.926        3307.652        16874.932       
W1088   10969.183   172.223     0.488         12697.180       4667.504        23812.604       
W1089   6091.059    116.885     0.864         7050.595        2591.811        13222.860       
W1090   7486.527    124.546     1.237         8665.894        3185.597        16252.230       
W1091   3981.801    94.050      1.573         4609.062        1694.299        8643.948        
W1092   3470.678    83.535      0.960         4017.420        1476.810        7534.369        
W1093   2832.925    75.430      0.323         3279.201        1205.440        6149.894        
W1094   4942.708    99.431      0.564         5721.343        2103.175        10729.946       
W1095   4650.086    98.189      0.731         5382.624        1978.661        10094.705       
W1096   3907.095    78.564      0.954         4522.587        1662.510        8481.771        
W1097   4402.704    85.614      0.781         5096.271        1873.397        9557.672        
W1098   3299.207    82.337      0.409         3818.938        1403.848        7162.130        
W1099   4766.244    94.050      0.944         5517.080        2028.088        10346.868       
W1100   4401.292    88.495      1.436         5094.636        1872.797        9554.605        
W1101   7325.917    155.330     1.167         8479.982        3117.255        15903.567       
W1102   5314.336    100.472     1.214         6151.514        2261.307        11536.701       
W1103   3596.146    91.553      1.498         4162.653        1530.198        7806.743        
W1104   7579.727    126.109     0.964         8773.775        3225.254        16454.557       
W1105   1170.182    53.193      2.460         1354.523        497.925         2540.306        
W1106   3592.698    81.974      0.883         4158.662        1528.731        7799.257        
W1107   5602.979    102.104     1.007         6485.627        2384.127        12163.306       
W1108   2282.954    73.179      1.631         2642.593        971.421         4955.983        
W1109   3325.976    84.409      1.177         3849.924        1415.238        7220.242        
W1110   4287.375    100.188     1.197         4962.774        1824.324        9307.309        
W1111   7090.599    121.500     0.881         8207.595        3017.125        15392.724       
W1112   2294.412    70.190      1.134         2655.855        976.297         4980.855        
W1113   9315.271    166.467     0.900         10782.724       3963.747        20222.186       
W1114   3580.132    89.544      0.712         4144.118        1523.384        7771.980        
W1115   3634.023    95.667      1.263         4206.498        1546.315        7888.970        
W1116   8060.720    124.593     1.262         9330.541        3429.922        17498.727       
W1117   8429.169    124.634     0.877         9757.032        3586.701        18298.578       
W1118   7212.421    118.675     1.125         8348.608        3068.962        15657.186       
W1119   7290.154    157.671     1.199         8438.586        3102.038        15825.932       
W1120   10128.299   187.368     0.881         11723.830       4309.699        21987.158       
W1121   6227.275    113.515     0.758         7208.270        2649.772        13518.567       
W1122   5678.053    108.396     1.312         6572.527        2416.072        12326.280       
W1123   8259.322    134.550     1.476         9560.430        3514.429        17929.865       
W1125   3869.726    85.762      0.895         4479.332        1646.610        8400.649        
W1126   4656.948    92.953      1.014         5390.566        1981.581        10109.602       
W1127   9230.853    156.652     0.850         10685.006       3927.826        20038.924       
W1128   5828.850    104.162     1.154         6747.080        2480.238        12653.640       
W1129   4864.235    93.158      1.159         5630.508        2069.784        10559.594       
W1130   4311.595    94.763      0.591         4990.809        1834.630        9359.886        
W1131   4909.286    105.227     1.292         5682.655        2088.953        10657.393       
W1132   2718.747    78.861      1.192         3147.036        1156.856        5902.029        
W1133   3840.216    96.264      0.983         4445.173        1634.053        8336.586        
W1134   5152.095    109.971     0.597         5963.714        2192.271        11184.497       
W1135   3978.629    106.320     1.194         4605.390        1692.949        8637.062        
W1136   4499.143    114.652     0.924         5207.901        1914.433        9767.026        
W1137   5046.412    107.317     2.036         5841.383        2147.302        10955.074       
W1138   5161.726    125.740     1.231         5974.862        2196.369        11205.404       
W1139   3086.986    93.641      1.624         3573.285        1313.545        6701.426        
W1140   4978.607    122.351     0.508         5762.896        2118.450        10807.878       
W1141   2728.397    81.698      1.178         3158.206        1160.962        5922.979        
W1142   5279.437    113.322     1.276         6111.117        2246.457        11460.939       
W1143   6196.726    121.684     1.289         7172.908        2636.773        13452.248       
W1144   5120.080    118.253     0.955         5926.656        2178.648        11114.996       
W1145   5635.020    119.436     0.763         6522.716        2397.761        12232.861       
W1146   6340.419    127.877     0.748         7339.237        2697.916        13764.187       
W1147   2823.563    77.315      1.331         3268.365        1201.456        6129.572        
W1148   5454.582    104.906     0.701         6313.853        2320.983        11841.154       
W1149   4984.262    96.769      0.847         5769.442        2120.856        10820.154       
W1150   1806.929    59.530      0.992         2091.578        768.868         3922.597        
W1151   5108.444    102.466     0.600         5913.188        2173.698        11089.737       
W1152   6977.835    110.894     1.031         8077.067        2969.143        15147.932       
W1153   5249.449    97.951      1.319         6076.405        2233.697        11395.840       
W1154   8858.557    133.521     1.417         10254.062       3769.410        19230.721       
W1155   6011.292    113.261     0.839         6958.263        2557.869        13049.698       
W1156   7645.781    133.992     1.351         8850.235        3253.361        16597.949       
