Name    lms_peak    lms_sigma   lms_chi2/ndf  alpha_peak (g1) alpha_sigma (g2)alpha_chi2/ndf (g3)
LMS1    4129.071    104.690     2.330         4748.396        140.910         1.336           
LMS2    10156.682   142.088     1.248         4302.621        114.265         1.403           
LMS3    2473.606    82.018      0.950         5322.756        147.618         0.772           
W1      9853.616    170.934     1.127         11331.574       4174.234        21203.211       
W2      5373.188    117.717     0.707         6179.120        2276.215        11562.134       
W3      6138.324    109.217     0.750         7059.020        2600.345        13208.569       
W4      8292.996    133.699     1.454         9536.874        3513.117        17845.035       
W5      6564.500    124.179     0.995         7549.118        2780.884        14125.623       
W6      2056.566    70.574      0.866         2365.034        871.212         4425.361        
W7      9024.819    158.605     0.705         10378.465       3823.136        19419.789       
W8      3263.328    81.976      1.537         3752.800        1382.426        7022.096        
W9      1781.888    62.628      0.530         2049.156        754.852         3834.303        
W10     2656.681    74.070      0.786         3055.160        1125.436        5716.700        
W11     5257.896    98.338      0.837         6046.535        2227.374        11314.046       
W12     3704.659    85.033      0.607         4260.326        1569.385        7971.760        
W13     5123.835    110.137     2.207         5892.367        2170.583        11025.573       
W14     4238.056    84.797      0.974         4873.728        1795.345        9119.534        
W15     6337.772    132.101     1.046         7288.384        2684.836        13637.745       
W16     4267.467    91.437      1.774         4907.550        1807.804        9182.821        
W17     7366.863    117.918     0.713         8471.828        3120.785        15852.164       
W18     467.626     44.748      19.109        537.766         198.098         1006.247        
W19     5196.198    100.775     1.256         5975.583        2201.238        11181.284       
W20     4143.513    89.552      1.434         4765.004        1755.294        8916.095        
W21     3397.490    87.786      0.702         3907.084        1439.260        7310.788        
W22     6395.536    140.159     0.658         7354.812        2709.307        13762.043       
W23     4570.044    104.706     1.480         5255.511        1935.983        9833.913        
W24     4551.270    101.550     0.816         5233.921        1928.030        9793.514        
W25     4454.791    86.097      0.767         5122.972        1887.159        9585.909        
W26     5915.321    113.351     1.140         6802.569        2505.876        12728.708       
W27     3694.086    87.442      0.808         4248.168        1564.906        7949.010        
W28     3399.444    80.767      0.528         3909.331        1440.088        7314.991        
W29     4111.910    93.984      1.087         4728.662        1741.906        8848.092        
W30     5628.354    95.362      1.178         6472.559        2384.310        12111.206       
W31     5764.406    111.368     0.737         6629.018        2441.944        12403.965       
W32     6567.841    109.367     0.990         7552.961        2782.300        14132.813       
W33     4355.970    83.479      1.430         5009.328        1845.296        9373.264        
W34     7430.394    126.513     0.854         8544.889        3147.698        15988.872       
W35     6300.462    119.209     1.223         7245.478        2669.031        13557.463       
W36     3550.850    85.188      1.423         4083.447        1504.228        7640.790        
W37     4009.932    86.234      0.888         4611.388        1698.706        8628.654        
W38     3972.495    81.402      0.583         4568.335        1682.847        8548.095        
W39     5906.683    107.237     0.687         6792.635        2502.217        12710.120       
W40     6115.695    106.068     1.227         7032.997        2590.759        13159.876       
W41     4508.719    96.804      0.699         5184.988        1910.004        9701.952        
W42     2783.922    69.988      2.216         3201.486        1179.338        5990.499        
W43     6870.918    120.274     0.799         7901.497        2910.690        14784.980       
W44     6655.339    121.928     1.423         7653.583        2819.365        14321.093       
W45     4830.594    88.809      1.485         5555.142        2046.359        10394.569       
W46     6161.787    109.361     0.714         7086.001        2610.285        13259.058       
W47     5787.913    101.652     0.573         6656.050        2451.902        12454.548       
W48     1645.412    59.959      0.845         1892.210        697.037         3540.632        
W49     4006.672    98.619      0.617         4607.638        1697.325        8621.638        
W50     6644.937    112.508     1.079         7641.620        2814.959        14298.709       
W51     5060.520    98.906      1.900         5819.554        2143.761        10889.329       
W52     5323.403    102.074     0.377         6121.868        2255.125        11455.007       
W53     1908.738    61.768      0.480         2195.032        808.588         4107.260        
W54     4901.614    95.393      0.969         5636.814        2076.445        10547.393       
W55     2347.554    62.529      0.473         2699.667        994.482         5051.514        
W56     5906.444    118.345     1.068         6792.360        2502.115        12709.605       
W57     4815.924    96.242      0.719         5538.271        2040.144        10363.002       
W58     6406.638    112.922     0.824         7367.578        2714.010        13785.933       
W59     4095.781    88.810      1.486         4710.112        1735.074        8813.384        
W60     7325.157    115.457     1.350         8423.867        3103.117        15762.420       
W61     4119.345    87.779      1.465         4737.211        1745.056        8864.089        
W62     4557.227    87.811      0.411         5240.772        1930.554        9806.333        
W63     5827.619    106.652     0.951         6701.712        2468.723        12539.988       
W64     4596.806    92.653      1.446         5286.287        1947.320        9891.499        
W65     7250.350    131.102     1.413         8337.840        3071.427        15601.450       
W66     7782.421    149.520     0.961         8949.718        3296.825        16746.371       
W67     7161.261    123.533     0.706         8235.389        3033.687        15409.746       
W68     6256.178    117.739     1.308         7194.551        2650.271        13462.170       
W69     4261.366    99.157      0.930         4900.534        1805.219        9169.693        
W70     3709.182    82.090      0.706         4265.527        1571.301        7981.492        
W71     5058.600    95.696      1.250         5817.347        2142.948        10885.198       
W72     4047.390    93.758      0.708         4654.464        1714.574        8709.256        
W73     5147.658    108.740     0.928         5919.762        2180.675        11076.834       
W74     5990.152    106.306     0.662         6888.624        2537.576        12889.729       
W75     7537.552    130.463     0.882         8668.121        3193.093        16219.458       
W76     6316.455    121.359     1.653         7263.869        2675.806        13591.874       
W77     4082.189    87.246      1.509         4694.483        1729.316        8784.138        
W78     5598.562    97.487      0.900         6438.298        2371.689        12047.099       
W79     5306.918    101.607     0.898         6102.911        2248.141        11419.535       
W80     6062.259    110.951     0.463         6971.546        2568.122        13044.893       
W81     3799.442    90.457      0.954         4369.325        1609.537        8175.716        
W82     3800.464    81.939      0.596         4370.501        1609.970        8177.916        
W83     3894.962    87.678      0.795         4479.172        1650.002        8381.257        
W84     3483.231    84.469      0.790         4005.686        1475.583        7495.288        
W85     2992.303    80.037      0.984         3441.123        1267.613        6438.899        
W86     1194.287    57.125      2.658         1373.420        505.930         2569.891        
W87     4270.073    97.456      1.040         4910.547        1808.908        9188.431        
W88     4449.218    96.859      1.102         5116.563        1884.798        9573.918        
W89     5993.583    109.496     0.422         6892.569        2539.029        12897.112       
W90     3166.734    76.692      1.781         3641.717        1341.507        6814.243        
W91     2022.890    66.598      2.070         2326.306        856.946         4352.895        
W92     4927.317    103.105     0.523         5666.373        2087.333        10602.701       
W93     3190.546    71.841      1.094         3669.100        1351.594        6865.481        
W94     7623.837    115.971     0.787         8767.347        3229.645        16405.127       
W95     3851.850    85.401      0.858         4429.595        1631.739        8288.489        
W96     3967.483    89.578      0.531         4562.571        1680.723        8537.310        
W97     6145.227    106.888     0.570         7066.958        2603.270        13223.424       
W98     6527.593    116.524     1.242         7506.676        2765.250        14046.207       
W99     7291.280    134.610     0.827         8384.909        3088.766        15689.524       
W100    5472.096    101.473     1.356         6292.863        2318.115        11774.967       
W101    5067.865    101.138     0.777         5828.001        2146.873        10905.135       
W102    6003.123    114.205     0.892         6903.540        2543.071        12917.642       
W103    8055.093    129.787     1.360         9263.288        3412.336        17333.113       
W104    4368.016    94.068      1.202         5023.181        1850.399        9399.184        
W105    5113.582    110.553     0.784         5880.575        2166.240        11003.509       
W106    3696.185    84.301      1.321         4250.581        1565.795        7953.525        
W107    9467.739    171.566     0.966         10887.819       4010.768        20372.873       
W108    7561.958    140.738     0.524         8696.187        3203.431        16271.973       
W109    5349.132    110.195     0.851         6151.456        2266.024        11510.370       
W110    5161.417    106.099     1.268         5935.585        2186.503        11106.441       
W111    4360.483    89.771      1.211         5014.519        1847.208        9382.977        
W112    5651.607    107.362     0.740         6499.299        2394.160        12161.242       
W113    3138.408    72.774      0.563         3609.143        1329.507        6753.291        
W114    4570.094    95.838      1.153         5255.569        1936.005        9834.021        
W115    5440.884    117.704     0.802         6256.970        2304.893        11707.805       
W116    1585.496    66.221      2.192         1823.307        671.655         3411.703        
W117    2912.624    73.935      1.602         3349.493        1233.859        6267.444        
W118    5787.023    109.143     0.614         6655.026        2451.525        12452.633       
W119    2972.621    71.620      1.874         3418.489        1259.276        6396.546        
W120    3246.566    73.485      1.083         3733.523        1375.326        6986.027        
W121    6387.275    127.544     0.862         7345.312        2705.807        13744.269       
W122    8310.718    125.526     0.707         9557.254        3520.625        17883.170       
W123    5649.042    104.339     1.235         6496.350        2393.073        12155.723       
W124    4547.964    94.907      0.681         5230.120        1926.630        9786.401        
W125    5661.825    112.656     0.862         6511.050        2398.489        12183.230       
W126    4103.106    90.893      1.026         4718.537        1738.177        8829.146        
W127    3249.250    78.513      0.766         3736.610        1376.462        6991.802        
W128    3918.871    88.028      0.639         4506.667        1660.130        8432.705        
W129    7288.521    121.060     1.177         8381.736        3087.597        15683.586       
W130    1360.852    60.443      0.498         1564.968        576.490         2928.308        
W131    5083.843    98.992      0.966         5846.375        2153.641        10939.516       
W132    4124.634    88.045      0.976         4743.294        1747.297        8875.472        
W133    6451.295    120.431     1.337         7418.934        2732.927        13882.027       
W134    4524.445    100.138     1.692         5203.073        1916.666        9735.792        
W135    6944.745    112.385     0.678         7986.397        2941.965        14943.842       
W136    5778.263    104.091     0.809         6644.953        2447.815        12433.783       
W137    5390.384    98.870      0.918         6198.896        2283.500        11599.138       
W138    7150.618    125.894     0.670         8223.149        3029.178        15386.846       
W139    3150.433    87.120      1.134         3622.971        1334.601        6779.167        
W140    4705.437    96.089      1.143         5411.211        1993.339        10125.254       
W141    3931.534    94.952      0.669         4521.231        1665.495        8459.955        
W142    5980.131    111.668     0.805         6877.100        2533.331        12868.168       
W143    6769.511    119.298     1.160         7784.879        2867.731        14566.770       
W144    5446.242    106.602     0.874         6263.131        2307.162        11719.333       
W145    3090.377    81.694      0.750         3553.907        1309.160        6649.936        
W146    4101.084    83.203      1.248         4716.211        1737.320        8824.795        
W147    3472.621    91.104      0.815         3993.484        1471.088        7472.456        
W148    7632.850    119.662     0.498         8777.713        3233.463        16424.521       
W149    3830.329    90.251      0.260         4404.845        1622.622        8242.179        
W150    1914.533    61.024      0.803         2201.696        811.043         4119.730        
W151    2907.652    73.662      0.910         3343.775        1231.753        6256.744        
W152    6149.915    114.268     1.315         7072.349        2605.255        13233.511       
W153    4179.245    90.969      1.059         4806.095        1770.431        8992.982        
W154    4381.831    94.041      1.238         5039.067        1856.251        9428.911        
W155    6207.343    115.599     0.987         7138.392        2629.584        13357.087       
W156    2648.697    76.932      0.493         3045.979        1122.053        5699.520        
W157    4725.923    105.829     0.822         5434.771        2002.018        10169.337       
W158    5341.046    107.023     1.236         6142.158        2262.599        11492.972       
W159    4097.513    87.550      0.849         4712.104        1735.807        8817.110        
W160    2245.010    68.351      1.745         2581.742        951.042         4830.858        
W161    5925.480    102.073     1.650         6814.251        2510.179        12750.568       
W162    2479.056    82.108      1.118         2850.893        1050.189        5334.482        
W163    3426.150    80.906      0.751         3940.043        1451.401        7372.459        
W164    7697.341    122.327     1.470         8851.876        3260.783        16563.293       
W165    6930.872    121.086     1.013         7970.443        2936.088        14913.989       
W166    2968.039    82.465      1.591         3413.220        1257.335        6386.687        
W167    1722.365    67.495      1.113         1980.706        729.636         3706.221        
W168    2669.909    73.732      0.650         3070.372        1131.039        5745.164        
W169    4178.320    89.244      0.888         4805.032        1770.039        8990.993        
W170    3835.729    84.718      0.653         4411.056        1624.909        8253.800        
W171    6881.577    115.557     1.316         7913.755        2915.206        14807.917       
W172    3374.298    98.108      0.655         3880.414        1429.436        7260.882        
W173    6004.143    106.984     1.292         6904.712        2543.503        12919.836       
W174    3858.124    87.100      1.133         4436.810        1634.396        8301.989        
W175    6704.995    129.249     1.302         7710.687        2840.401        14427.942       
W176    4961.606    104.068     1.781         5705.804        2101.859        10676.484       
W177    6224.532    106.597     0.600         7158.158        2636.865        13394.073       
W178    5462.435    113.199     1.091         6281.753        2314.022        11754.178       
W179    4391.709    87.286      1.234         5050.428        1860.436        9450.168        
W180    4367.704    87.190      1.038         5022.822        1850.267        9398.514        
W181    4606.505    92.037      1.021         5297.442        1951.429        9912.372        
W182    4091.475    89.082      0.603         4705.161        1733.249        8804.117        
W183    2476.669    74.818      1.143         2848.148        1049.178        5329.347        
W184    3841.922    88.098      0.578         4418.177        1627.533        8267.124        
W185    6235.212    104.932     0.618         7170.440        2641.389        13417.055       
W186    5987.631    105.123     1.414         6885.725        2536.508        12884.307       
W187    2287.591    72.282      0.879         2630.710        969.080         4922.485        
W188    3286.492    81.752      1.376         3779.438        1392.239        7071.940        
W189    4958.501    96.829      0.737         5702.233        2100.543        10669.803       
W190    5314.054    107.070     0.630         6111.116        2251.164        11434.888       
W191    5428.091    97.645      0.607         6242.259        2299.473        11680.276       
W192    4750.323    93.515      1.095         5462.831        2012.354        10221.841       
W193    2992.682    75.560      0.651         3441.559        1267.774        6439.713        
W194    2881.620    76.132      0.624         3313.839        1220.725        6200.729        
W195    5108.599    101.602     1.189         5874.845        2164.128        10992.787       
W196    2149.020    64.036      0.540         2471.355        910.378         4624.305        
W197    5636.718    107.398     1.126         6482.177        2387.853        12129.203       
W198    2733.213    78.577      1.303         3143.172        1157.856        5881.383        
W199    4536.832    87.096      0.762         5217.318        1921.914        9762.447        
W200    3512.756    86.477      1.080         4039.640        1488.090        7558.820        
W201    8281.726    144.032     1.154         9523.913        3508.343        17820.785       
W202    2906.348    71.561      0.621         3342.276        1231.201        6253.939        
W203    6515.175    116.806     1.397         7492.396        2759.989        14019.486       
W204    4902.366    94.715      1.440         5637.679        2076.763        10549.010       
W205    6852.405    146.762     0.816         7880.208        2902.848        14745.145       
W206    4680.309    94.013      0.605         5382.314        1982.694        10071.183       
W207    6820.105    117.786     0.636         7843.063        2889.165        14675.641       
W208    4531.242    95.595      1.511         5210.889        1919.546        9750.418        
W209    4588.271    92.833      0.785         5276.473        1943.705        9873.135        
W210    3383.320    85.775      2.027         3890.789        1433.258        7280.295        
W211    7987.787    125.153     1.702         9185.887        3383.823        17188.281       
W212    5937.999    117.479     1.128         6828.648        2515.483        12777.507       
W213    6866.890    122.050     1.003         7896.864        2908.984        14776.312       
W214    5194.691    98.301      0.423         5973.850        2200.599        11178.041       
W215    8042.249    133.390     0.991         9248.517        3406.895        17305.473       
W216    6789.213    119.244     0.894         7807.537        2876.078        14609.166       
W217    3771.080    86.828      0.814         4336.710        1597.522        8114.686        
W218    3019.650    78.802      1.049         3472.572        1279.198        6497.745        
W219    4565.344    92.131      1.443         5250.106        1933.992        9823.799        
W220    7325.283    121.810     1.440         8424.013        3103.170        15762.693       
W221    6117.381    100.469     1.093         7034.937        2591.474        13163.505       
W222    3179.014    75.525      1.051         3655.838        1346.708        6840.666        
W223    3896.022    82.176      1.927         4480.392        1650.451        8383.540        
W224    6148.498    112.257     0.854         7070.720        2604.655        13230.462       
W225    3665.740    89.520      0.224         4215.569        1552.898        7888.012        
W226    3388.386    87.013      0.940         3896.615        1435.404        7291.199        
W227    5689.396    107.477     1.090         6542.756        2410.168        12242.557       
W228    3139.455    86.454      0.836         3610.347        1329.951        6755.543        
W229    5598.819    106.495     0.820         6438.594        2371.798        12047.652       
W230    5221.236    99.052      0.621         6004.377        2211.844        11235.162       
W231    6780.819    122.084     1.142         7797.884        2872.522        14591.104       
W232    5511.660    97.781      1.016         6338.362        2334.875        11860.103       
W233    5826.082    105.307     1.521         6699.944        2468.072        12536.681       
W234    4141.878    98.111      0.922         4763.124        1754.602        8912.577        
W235    6307.824    115.051     0.937         7253.944        2672.150        13573.304       
W236    8838.068    153.368     0.870         10163.703       3744.024        19017.934       
W237    4249.872    92.733      0.428         4887.316        1800.351        9144.961        
W238    6219.251    99.840      0.670         7152.085        2634.628        13382.710       
W239    4976.174    99.724      0.659         5722.558        2108.030        10707.832       
W240    8764.451    128.304     1.493         10079.043       3712.837        18859.523       
W241    3114.571    77.733      1.402         3581.730        1319.409        6701.997        
W242    6838.516    125.829     1.333         7864.235        2896.964        14715.258       
W243    2695.043    71.942      1.267         3099.276        1141.687        5799.249        
W244    3042.579    74.893      1.377         3498.940        1288.912        6547.084        
W245    6707.647    122.287     0.402         7713.736        2841.524        14433.650       
W246    5171.514    94.970      1.039         5947.197        2190.781        11128.169       
W247    2690.023    75.454      0.756         3093.503        1139.560        5788.446        
W248    5112.312    91.731      1.267         5879.115        2165.702        11000.777       
W249    6410.268    113.846     1.562         7371.753        2715.548        13793.744       
W250    5174.404    97.134      0.467         5950.521        2192.005        11134.388       
W251    3223.272    95.014      0.700         3706.736        1365.458        6935.903        
W252    4494.268    97.220      0.695         5168.369        1903.882        9670.856        
W253    1773.421    65.866      1.548         2039.419        751.265         3816.083        
W254    6307.901    100.957     0.549         7254.033        2672.182        13573.470       
W255    4290.094    83.102      1.220         4933.571        1817.389        9231.511        
W256    4825.412    108.765     0.687         5549.183        2044.163        10383.419       
W257    6066.605    101.189     0.813         6976.543        2569.963        13054.243       
W258    5314.090    87.622      0.625         6111.158        2251.179        11434.966       
W259    4024.795    88.093      0.417         4628.480        1705.002        8660.636        
W260    4341.151    101.601     0.493         4992.287        1839.019        9341.377        
W261    3826.240    78.720      1.589         4400.144        1620.890        8233.382        
W262    4069.307    83.243      0.984         4679.668        1723.859        8756.416        
W263    7220.560    142.694     0.880         8303.582        3058.807        15537.348       
W264    4995.359    95.390      0.535         5744.620        2116.157        10749.115       
W265    5801.200    103.884     0.921         6671.331        2457.531        12483.140       
W266    6580.461    116.731     1.355         7567.474        2787.645        14159.970       
W267    4717.213    94.663      0.949         5424.755        1998.328        10150.596       
W268    2825.706    68.466      1.143         3249.537        1197.038        6080.411        
W269    5531.529    104.887     0.939         6361.211        2343.292        11902.856       
W270    4886.778    110.693     0.615         5619.752        2070.159        10515.468       
W271    5657.946    96.887      0.397         6506.589        2396.845        12174.882       
W272    4336.222    84.432      0.863         4986.618        1836.930        9330.770        
W273    7452.657    121.699     0.861         8570.492        3157.129        16036.779       
W274    5515.021    93.555      0.469         6342.227        2336.299        11867.334       
W275    6489.684    113.230     0.746         7463.081        2749.190        13964.632       
W276    6797.775    109.943     0.744         7817.383        2879.705        14627.590       
W277    3551.591    80.771      0.585         4084.299        1504.542        7642.385        
W278    5565.452    103.346     0.596         6400.222        2357.663        11975.853       
W279    3097.395    74.151      0.639         3561.978        1312.133        6665.037        
W280    3553.293    77.206      0.744         4086.257        1505.263        7646.048        
W281    3375.387    72.884      1.065         3881.666        1429.897        7263.227        
W282    4466.489    89.542      1.096         5136.424        1892.115        9611.082        
W283    3394.779    75.597      1.074         3903.966        1438.112        7304.954        
W284    2868.213    71.819      2.315         3298.420        1215.046        6171.878        
W285    2467.304    69.112      1.958         2837.378        1045.211        5309.195        
W286    7760.644    116.653     0.868         8924.673        3287.600        16699.510       
W287    3849.199    80.185      1.188         4426.546        1630.616        8282.785        
W288    7297.947    123.113     1.829         8392.577        3091.590        15703.871       
W289    5943.297    104.887     0.909         6834.741        2517.727        12788.906       
W290    5474.381    103.032     1.350         6295.492        2319.083        11779.885       
W291    5725.914    133.837     0.425         6584.751        2425.638        12321.137       
W292    4706.305    96.432      0.841         5412.210        1993.707        10127.121       
W293    4183.361    89.517      1.218         4810.830        1772.175        9001.842        
W294    3087.763    100.123     1.236         3550.901        1308.052        6644.312        
W295    6962.408    113.832     0.822         8006.709        2949.447        14981.850       
W296    5022.469    101.146     2.134         5775.796        2127.642        10807.449       
W297    7106.483    112.849     1.827         8172.395        3010.481        15291.873       
W298    4799.269    90.480      1.069         5519.118        2033.088        10327.163       
W299    6270.724    97.726      1.099         7211.279        2656.433        13493.471       
W300    5085.579    102.198     0.631         5848.372        2154.376        10943.251       
W301    5816.536    107.386     0.448         6688.966        2464.028        12516.140       
W302    3296.172    85.294      0.514         3790.569        1396.339        7092.769        
W303    5329.968    98.731      1.226         6129.418        2257.906        11469.134       
W304    5584.732    106.194     0.890         6422.395        2365.830        12017.341       
W305    3894.546    81.820      1.283         4478.694        1649.825        8380.362        
W306    2149.056    74.788      1.791         2471.396        910.393         4624.383        
W307    5935.122    105.841     1.417         6825.339        2514.264        12771.315       
W308    8861.792    133.094     0.743         10190.984       3754.073        19068.984       
W309    5053.430    102.382     0.984         5811.401        2140.757        10874.072       
W310    3420.128    80.048      1.174         3933.118        1448.850        7359.500        
W311    4727.294    107.306     0.738         5436.348        2002.598        10172.288       
W312    4461.770    107.936     0.700         5130.997        1890.116        9600.927        
W313    3493.338    82.983      0.349         4017.309        1479.864        7517.035        
W314    4928.053    98.636      1.136         5667.218        2087.645        10604.284       
W315    6268.798    112.057     1.072         7209.063        2655.617        13489.326       
W316    4325.993    92.559      1.312         4974.854        1832.597        9308.758        
W317    4288.271    85.555      0.553         4931.475        1816.617        9227.589        
W318    4370.588    87.903      1.017         5026.139        1851.489        9404.720        
W319    7170.381    115.568     1.043         8245.878        3037.550        15429.371       
W320    5259.427    108.709     0.590         6048.295        2228.023        11317.341       
W321    3035.223    84.214      1.344         3490.480        1285.795        6531.254        
W322    4291.318    97.540      1.131         4934.979        1817.908        9234.145        
W323    5522.599    108.701     1.570         6350.941        2339.509        11883.640       
W324    7816.368    122.792     0.830         8988.756        3311.206        16819.418       
W325    7037.124    122.028     0.585         8092.632        2981.099        15142.625       
W326    5222.002    103.443     0.926         6005.258        2212.169        11236.810       
W327    4574.479    92.547      0.878         5260.612        1937.862        9843.458        
W328    1222.529    61.896      2.120         1405.898        517.894         2630.664        
W329    3428.247    89.594      1.588         3942.455        1452.290        7376.972        
W330    5885.876    106.510     1.644         6768.707        2493.402        12665.347       
W331    5626.580    108.721     1.142         6470.519        2383.558        12107.389       
W332    6290.091    107.966     0.468         7233.550        2664.637        13535.145       
W333    3357.991    82.545      0.687         3861.661        1422.528        7225.793        
W334    5298.323    106.169     2.103         6093.026        2244.500        11401.039       
W335    3104.811    117.423     1.069         3570.506        1315.274        6680.995        
W336    7990.450    123.091     0.477         9188.949        3384.952        17194.012       
W337    4970.340    105.415     1.150         5715.848        2105.558        10695.278       
W338    3507.400    78.830      0.711         4033.480        1485.821        7547.294        
W339    1835.417    56.820      1.170         2110.714        777.528         3949.487        
W340    5020.581    95.240      1.130         5773.625        2126.842        10803.388       
W341    5310.731    112.021     0.803         6107.295        2249.757        11427.739       
W342    2733.422    77.303      0.441         3143.412        1157.945        5881.833        
W343    5555.529    110.180     1.345         6388.810        2353.459        11954.499       
W344    5109.002    102.214     1.336         5875.308        2164.299        10993.653       
W345    5296.794    105.591     0.806         6091.268        2243.852        11397.749       
W346    7031.358    122.797     0.525         8086.001        2978.656        15130.218       
W347    6827.949    117.012     0.827         7852.083        2892.488        14692.520       
W348    5738.548    108.951     0.594         6599.281        2430.990        12348.323       
W349    3093.778    82.559      0.583         3557.819        1310.601        6657.255        
W350    4882.139    98.415      1.210         5614.418        2068.194        10505.485       
W351    7008.053    129.640     1.381         8059.201        2968.784        15080.070       
W352    4980.461    98.076      0.875         5727.487        2109.846        10717.057       
W353    4644.334    98.889      2.100         5340.945        1967.455        9993.772        
W354    5159.495    109.846     1.686         5933.375        2185.689        11102.306       
W355    4584.994    95.744      0.375         5272.704        1942.316        9866.083        
W356    7526.531    119.190     1.063         8655.446        3188.424        16195.742       
W357    1338.655    58.784      1.885         1539.442        567.087         2880.545        
W358    2041.796    67.352      0.771         2348.048        864.955         4393.579        
W359    5479.769    104.990     0.771         6301.687        2321.365        11791.477       
W360    4640.961    95.713      0.766         5337.065        1966.025        9986.514        
W361    4696.521    97.981      0.652         5400.959        1989.562        10106.068       
W362    5314.323    112.215     1.121         6111.426        2251.278        11435.469       
W363    4741.212    102.530     0.660         5452.353        2008.494        10202.236       
W364    4672.617    95.003      1.821         5373.470        1979.436        10054.632       
W365    2195.957    73.880      1.613         2525.331        930.261         4725.304        
W366    11608.515   160.693     1.124         13349.692       4917.653        24979.436       
W367    6592.419    144.780     1.034         7581.226        2792.711        14185.702       
W368    5604.462    103.379     0.713         6445.083        2374.188        12059.794       
W369    7103.031    117.565     1.012         8168.425        3009.019        15284.446       
W370    7640.352    121.169     0.967         8786.339        3236.641        16440.664       
W371    5331.076    105.873     0.587         6130.692        2258.375        11471.518       
W372    3341.369    75.425      2.621         3842.546        1415.486        7190.025        
W373    5206.063    102.525     0.662         5986.928        2205.417        11202.513       
W374    7794.085    130.855     0.684         8963.132        3301.767        16771.471       
W375    6352.175    124.882     0.644         7304.947        2690.938        13668.740       
W376    2782.121    77.715      1.696         3199.416        1178.575        5986.625        
W377    5760.587    112.261     1.030         6624.626        2440.327        12395.748       
W378    5151.618    108.030     0.481         5924.316        2182.352        11085.355       
W379    3355.897    85.776      1.727         3859.253        1421.641        7221.288        
W380    5364.989    102.382     1.378         6169.691        2272.741        11544.491       
W381    5617.753    109.084     0.740         6460.368        2379.819        12088.396       
W382    4533.976    95.359      0.803         5214.033        1920.704        9756.301        
W383    4237.161    95.153      0.848         4872.699        1794.966        9117.609        
W384    5702.893    118.390     1.516         6558.277        2415.886        12271.600       
W385    6521.658    116.054     0.559         7499.851        2762.735        14033.437       
W386    2650.122    69.454      1.043         3047.617        1122.657        5702.585        
W387    5601.107    129.669     1.226         6441.226        2372.767        12052.576       
W388    5003.223    99.311      1.028         5753.664        2119.489        10766.037       
W389    5629.868    115.824     1.054         6474.300        2384.951        12114.464       
W390    4971.802    101.387     0.566         5717.530        2106.178        10698.425       
W391    6058.326    116.859     0.396         6967.023        2566.456        13036.429       
W392    2017.929    66.271      0.891         2320.601        854.844         4342.219        
W393    6165.339    120.237     1.106         7090.087        2611.790        13266.701       
W394    4803.193    91.796      0.722         5523.631        2034.751        10335.607       
W395    3162.661    82.694      0.654         3637.033        1339.781        6805.479        
W396    4962.556    107.971     0.629         5706.896        2102.261        10678.527       
W397    4283.396    94.424      1.619         4925.869        1814.552        9217.100        
W398    7534.048    139.531     1.365         8664.091        3191.609        16211.918       
W399    2717.758    79.816      0.747         3125.398        1151.309        5848.126        
W400    5218.428    100.436     1.171         6001.147        2210.655        11229.118       
W401    5658.094    106.631     0.971         6506.760        2396.908        12175.201       
W402    9413.034    162.153     1.199         10824.908       3987.593        20255.158       
W403    6426.677    119.817     2.635         7390.623        2722.499        13829.054       
W404    5415.929    105.500     1.176         6228.271        2294.321        11654.104       
W405    3765.016    82.268      0.707         4329.736        1594.953        8101.636        
W406    5621.699    98.540      1.090         6464.905        2381.490        12096.885       
W407    5569.449    99.714      0.417         6404.818        2359.356        11984.452       
W408    7772.146    124.276     1.022         8937.901        3292.473        16724.264       
W409    7062.267    122.438     0.541         8121.546        2991.750        15196.728       
W410    6121.603    103.701     1.230         7039.790        2593.262        13172.588       
W411    5013.273    97.130      0.778         5765.222        2123.746        10787.663       
W412    5034.920    103.349     0.909         5790.115        2132.916        10834.243       
W413    7213.125    120.808     1.193         8295.031        3055.657        15521.349       
W414    7139.981    115.032     0.918         8210.917        3024.672        15363.956       
W415    8289.362    128.924     0.656         9532.696        3511.578        17837.217       
W416    5604.407    113.653     0.725         6445.020        2374.165        12059.676       
W417    5205.668    115.033     0.702         5986.474        2205.250        11201.662       
W418    7560.337    124.459     1.107         8694.323        3202.745        16268.487       
W419    7274.300    119.186     1.074         8365.384        3081.573        15652.986       
W420    5434.946    107.763     0.515         6250.142        2302.377        11695.027       
W421    4855.979    94.731      0.877         5584.335        2057.113        10449.195       
W422    4796.911    116.740     0.905         5516.407        2032.090        10322.090       
W423    4005.735    91.802      0.805         4606.561        1696.928        8619.622        
W424    5106.327    96.798      0.993         5872.232        2163.166        10987.896       
W425    2734.927    75.805      2.229         3145.143        1158.582        5885.071        
W426    1603.360    56.174      0.918         1843.850        679.223         3450.143        
W427    5946.523    129.311     1.116         6838.450        2519.094        12795.849       
W428    6562.843    125.437     0.880         7547.213        2780.182        14122.059       
W429    6488.081    114.907     0.747         7461.237        2748.511        13961.185       
W430    7285.777    123.748     0.463         8378.581        3086.435        15677.684       
W431    8010.612    130.238     0.783         9212.135        3393.493        17237.396       
W432    6070.618    118.510     1.191         6981.159        2571.663        13062.879       
W433    6450.800    116.761     0.879         7418.365        2732.718        13880.963       
W434    5193.499    97.047      0.612         5972.479        2200.094        11175.477       
W435    6104.390    111.302     0.756         7019.996        2585.970        13135.549       
W436    5383.074    116.418     1.204         6190.489        2280.403        11583.408       
W437    3968.056    88.983      1.581         4563.230        1680.966        8538.543        
W438    7525.320    130.024     0.934         8654.054        3187.911        16193.136       
W439    6795.592    119.901     1.035         7814.872        2878.780        14622.892       
W440    5675.371    102.915     1.234         6526.628        2404.227        12212.378       
W441    7415.505    127.740     1.396         8527.768        3141.391        15956.834       
W442    3479.109    82.949      0.692         4000.946        1473.836        7486.417        
W443    4939.688    95.724      0.407         5680.599        2092.574        10629.321       
W444    6791.766    107.891     0.880         7810.473        2877.159        14614.659       
W445    6027.066    104.822     0.547         6931.075        2553.214        12969.164       
W446    7669.637    138.515     1.280         8820.018        3249.047        16503.682       
W447    5524.317    102.207     1.379         6352.917        2340.237        11887.338       
W448    7305.792    113.763     1.052         8401.599        3094.914        15720.751       
W449    5121.047    99.740      1.340         5889.160        2169.402        11019.573       
W450    6111.372    120.682     0.435         7028.025        2588.928        13150.572       
W451    6671.665    121.379     0.749         7672.357        2826.281        14356.222       
W452    5730.361    114.636     0.452         6589.866        2427.522        12330.707       
W453    3784.882    94.724      0.979         4352.581        1603.369        8144.384        
W454    872.463     50.063      2.552         1003.326        369.597         1877.385        
W455    2782.397    72.166      1.599         3199.733        1178.692        5987.218        
W456    3898.015    98.324      0.540         4482.684        1651.295        8387.826        
W457    5124.848    105.724     0.520         5893.531        2171.012        11027.751       
W458    6013.485    109.633     1.429         6915.457        2547.460        12939.939       
W459    4165.591    89.500      1.595         4790.395        1764.647        8963.604        
W460    5763.572    107.928     0.726         6628.059        2441.591        12402.171       
W461    7109.154    137.757     0.854         8175.465        3011.613        15297.622       
W462    3817.218    84.473      1.161         4389.768        1617.068        8213.967        
W463    2165.874    67.914      1.687         2490.737        917.518         4660.572        
W464    3124.747    80.208      0.915         3593.432        1323.720        6723.893        
W465    5555.252    107.845     0.941         6388.492        2353.342        11953.903       
W466    4793.659    105.022     0.786         5512.667        2030.712        10315.093       
W467    3384.350    89.493      0.645         3891.973        1433.694        7282.512        
W468    5180.248    108.335     0.478         5957.241        2194.481        11146.963       
W469    6150.546    124.975     0.985         7073.075        2605.523        13234.869       
W470    7502.042    130.128     0.972         8627.283        3178.050        16143.045       
W471    4177.651    86.144      1.732         4804.264        1769.756        8989.555        
W472    6002.739    106.280     0.706         6903.098        2542.908        12916.814       
W473    4268.808    90.089      0.846         4909.093        1808.372        9185.708        
W474    5065.756    93.967      1.277         5825.576        2145.979        10900.596       
W475    5879.677    110.856     0.967         6761.579        2490.776        12652.008       
W476    5369.893    102.950     0.737         6175.330        2274.819        11555.044       
W477    6544.928    127.551     0.399         7526.610        2772.593        14083.508       
W478    5330.568    102.725     1.049         6130.108        2258.160        11470.425       
W479    5759.662    107.095     0.930         6623.562        2439.935        12393.758       
W480    4886.264    103.318     1.152         5619.162        2069.942        10514.362       
W481    6075.914    106.196     1.389         6987.249        2573.906        13074.273       
W482    6467.029    101.466     1.876         7437.028        2739.593        13915.884       
W483    7016.009    121.019     0.885         8068.350        2972.154        15097.188       
W484    3320.930    76.448      0.591         3819.041        1406.828        7146.044        
W485    4378.333    100.493     0.735         5035.045        1854.770        9421.386        
W486    6171.106    123.088     0.842         7096.719        2614.233        13279.110       
W487    4328.468    95.985      1.236         4977.701        1833.646        9314.085        
W488    6263.651    130.216     0.755         7203.145        2653.437        13478.251       
W489    1195.628    60.447      2.168         1374.962        506.498         2572.777        
W490    2212.285    71.014      1.017         2544.109        937.179         4760.440        
W491    8663.441    138.045     1.342         9962.884        3670.047        18642.168       
W492    5790.128    105.723     0.581         6658.598        2452.841        12459.315       
W493    6234.013    107.267     1.017         7169.061        2640.881        13414.475       
W494    801.943     43.168      5.891         922.228         339.723         1725.638        
W495    8218.434    133.168     0.502         9451.128        3481.531        17684.592       
W496    3455.722    89.154      1.826         3974.051        1463.929        7436.093        
W497    3536.689    81.484      1.333         4067.162        1498.229        7610.318        
W498    6418.147    117.556     1.462         7380.814        2718.885        13810.698       
W499    6394.383    119.833     0.659         7353.486        2708.818        13759.562       
W500    5194.501    109.302     1.167         5973.632        2200.519        11177.634       
W501    8058.534    136.111     0.884         9267.244        3413.793        17340.516       
W502    1445.255    53.366      0.673         1662.031        612.245         3109.928        
W503    6406.431    118.216     0.552         7367.340        2713.922        13785.487       
W504    6315.093    112.071     0.564         7262.303        2675.229        13588.944       
W505    5724.229    113.149     0.979         6582.814        2424.925        12317.512       
W506    7788.058    125.692     1.050         8956.200        3299.213        16758.502       
W507    5200.404    104.578     1.079         5980.420        2203.019        11190.335       
W508    4393.376    99.794      1.569         5052.344        1861.142        9453.756        
W509    7811.842    138.493     2.171         8983.552        3309.289        16809.680       
W510    6823.528    121.127     0.967         7846.999        2890.615        14683.007       
W511    5664.683    109.745     1.171         6514.337        2399.699        12189.380       
W512    4644.729    98.555      1.033         5341.398        1967.622        9994.622        
W513    2461.872    65.299      1.276         2831.132        1042.910        5297.506        
W514    6081.561    103.015     0.527         6993.743        2576.299        13086.425       
W515    5487.182    103.548     0.414         6310.212        2324.505        11807.429       
W516    3047.079    79.807      0.439         3504.115        1290.818        6556.767        
W517    8177.026    129.227     0.712         9403.510        3463.990        17595.490       
W518    3655.644    85.674      1.065         4203.959        1548.621        7866.289        
W519    4627.335    96.233      0.826         5321.396        1960.253        9957.193        
W520    5991.449    104.908     0.634         6890.115        2538.125        12892.521       
W521    5546.291    105.344     0.959         6378.187        2349.546        11934.622       
W522    5130.693    102.724     1.192         5900.253        2173.488        11040.329       
W523    2502.066    75.722      1.208         2877.355        1059.937        5383.997        
W524    5082.637    97.190      0.952         5844.989        2153.130        10936.921       
W525    2900.589    69.914      1.011         3335.652        1228.761        6241.545        
W526    1163.274    50.068      1.890         1337.755        492.792         2503.157        
W527    2114.403    61.235      1.160         2431.545        895.713         4549.815        
W528    2494.035    63.035      0.895         2868.119        1056.535        5366.715        
W529    6038.291    119.686     1.377         6943.982        2557.969        12993.315       
W530    1709.597    54.086      0.687         1966.022        724.228         3678.746        
W531    6095.501    118.264     0.695         7009.774        2582.205        13116.423       
W532    4148.905    92.694      1.118         4771.205        1757.578        8927.697        
W533    5111.248    111.967     0.830         5877.891        2165.250        10998.485       
W534    5650.071    118.055     0.890         6497.534        2393.510        12157.938       
W535    4198.529    90.439      1.217         4828.273        1778.600        9034.480        
W536    5303.526    102.266     0.904         6099.009        2246.704        11412.234       
W537    6044.183    107.013     0.539         6950.758        2560.465        13005.994       
W538    4575.173    87.921      1.580         5261.410        1938.156        9844.950        
W539    7474.915    119.200     0.645         8596.088        3166.558        16084.672       
W540    2284.974    68.904      2.206         2627.701        967.971         4916.854        
W541    7304.324    129.456     1.451         8399.909        3094.292        15717.592       
W542    8148.552    129.622     1.140         9370.765        3451.927        17534.219       
W543    6095.851    109.867     1.110         7010.176        2582.353        13117.176       
W544    4796.203    93.757      1.151         5515.592        2031.790        10320.566       
W545    3436.688    90.332      1.127         3952.162        1455.866        7395.135        
W546    5170.881    94.010      0.956         5946.469        2190.513        11126.807       
W547    6555.636    115.644     1.316         7538.925        2777.129        14106.550       
W548    5236.005    97.523      0.925         6021.361        2218.101        11266.942       
W549    5059.058    101.155     0.657         5817.873        2143.142        10886.183       
W550    5777.147    105.115     1.027         6643.669        2447.342        12431.382       
W551    4642.156    95.511      0.655         5338.440        1966.532        9989.086        
W552    3926.535    87.418      1.614         4515.482        1663.377        8449.198        
W553    6595.392    116.333     1.292         7584.645        2793.971        14192.098       
W554    4058.290    90.021      1.190         4666.999        1719.192        8732.711        
W555    6228.286    121.717     1.253         7162.476        2638.456        13402.152       
W556    2680.576    74.940      1.824         3082.639        1135.558        5768.117        
W557    2227.370    65.701      1.138         2561.456        943.569         4792.899        
W558    4889.692    89.084      0.871         5623.104        2071.394        10521.738       
W559    5517.253    95.685      0.396         6344.794        2337.244        11872.137       
W560    3706.257    96.108      0.673         4262.164        1570.062        7975.198        
W563    3231.993    92.388      1.474         3716.765        1369.152        6954.669        
W564    1159.125    49.982      1.039         1332.984        491.034         2494.229        
W565    3568.458    78.120      0.526         4103.696        1511.687        7678.681        
W566    2516.787    72.274      0.950         2894.284        1066.173        5415.673        
W567    5878.981    107.266     1.330         6760.778        2490.481        12650.511       
W568    2968.308    73.575      2.299         3413.529        1257.448        6387.265        
W569    4966.506    102.213     0.831         5711.439        2103.934        10687.028       
W570    2934.074    84.879      0.685         3374.160        1242.946        6313.599        
W571    5530.103    102.182     0.834         6359.571        2342.688        11899.787       
W572    4839.599    115.297     0.932         5565.497        2050.173        10413.946       
W573    6278.734    109.396     1.476         7220.491        2659.827        13510.708       
W574    3527.990    76.871      1.540         4057.158        1494.543        7591.601        
W575    3678.146    88.659      1.378         4229.836        1558.153        7914.709        
W576    7098.251    122.425     0.624         8162.928        3006.994        15274.161       
W577    6903.755    122.539     1.206         7939.259        2924.601        14855.641       
W578    2961.851    87.244      0.865         3406.103        1254.713        6373.371        
W579    3395.871    78.559      1.321         3905.222        1438.574        7307.303        
W580    3937.884    85.823      1.074         4528.533        1668.185        8473.618        
W581    2948.019    67.164      1.086         3390.197        1248.854        6343.607        
W582    6717.123    123.025     0.901         7724.634        2845.539        14454.042       
W583    8764.872    142.583     0.860         10079.527       3713.016        18860.430       
W584    2826.723    79.582      0.500         3250.708        1197.470        6082.601        
W585    4322.293    87.656      0.930         4970.600        1831.030        9300.798        
W586    5049.378    101.523     0.575         5806.741        2139.041        10865.354       
W587    4841.733    109.828     1.630         5567.952        2051.077        10418.539       
W588    3299.721    87.050      1.586         3794.651        1397.843        7100.407        
W589    5978.318    110.743     0.580         6875.014        2532.563        12864.265       
W590    4280.007    91.156      0.738         4921.971        1813.116        9209.806        
W591    6313.271    104.922     1.166         7260.208        2674.457        13585.024       
W592    4240.616    90.179      0.801         4876.672        1796.429        9125.043        
W593    6072.869    103.810     0.631         6983.748        2572.617        13067.723       
W594    3016.507    72.749      1.442         3468.957        1277.867        6490.981        
W597    3087.307    78.782      0.875         3550.377        1307.859        6643.330        
W598    2073.925    71.124      0.718         2384.995        878.566         4462.713        
W599    6064.981    101.730     1.919         6974.676        2569.275        13050.748       
W600    5325.871    101.208     0.779         6124.706        2256.170        11460.317       
W601    4965.156    98.862      0.751         5709.887        2103.362        10684.123       
W602    2867.828    85.536      1.656         3297.977        1214.883        6171.050        
W603    7674.376    138.071     0.678         8825.468        3251.055        16513.879       
W604    4812.153    108.222     0.948         5533.935        2038.547        10354.888       
W605    4166.768    92.178      0.849         4791.747        1765.145        8966.135        
W606    4267.465    87.011      0.641         4907.548        1807.803        9182.817        
W607    6077.471    105.251     0.827         6989.040        2574.566        13077.626       
W608    7026.107    113.571     0.955         8079.963        2976.432        15118.921       
W609    5756.200    103.849     0.714         6619.581        2438.468        12386.308       
W610    5637.506    99.929      1.185         6483.084        2388.187        12130.900       
W611    7708.229    125.801     0.659         8864.397        3265.396        16586.723       
W612    6266.469    129.192     0.752         7206.386        2654.631        13484.315       
W613    5178.870    111.057     0.853         5955.656        2193.897        11143.996       
W614    5932.634    119.436     0.802         6822.478        2513.210        12765.962       
W615    2150.071    69.237      0.336         2472.562        910.823         4626.565        
W616    5811.417    109.535     0.916         6683.081        2461.860        12505.126       
W617    6859.608    124.923     2.037         7888.491        2905.899        14760.644       
W618    5681.596    104.009     1.376         6533.787        2406.864        12225.773       
W619    5688.794    103.688     1.106         6542.064        2409.914        12241.263       
W620    5988.258    116.364     1.091         6886.445        2536.774        12885.654       
W621    4408.330    101.027     0.712         5069.541        1867.477        9485.933        
W622    8008.540    143.175     1.266         9209.753        3392.615        17232.939       
W623    5878.263    107.370     0.647         6759.952        2490.177        12648.965       
W624    6698.703    111.716     0.840         7703.451        2837.736        14414.404       
W625    3171.383    82.327      1.650         3647.063        1343.476        6824.246        
W626    3390.011    76.018      0.503         3898.483        1436.092        7294.694        
W627    4810.544    93.659      1.164         5532.084        2037.865        10351.426       
W628    2630.911    79.776      0.912         3025.525        1114.519        5661.248        
W629    4346.229    89.636      0.960         4998.125        1841.169        9352.303        
W630    4314.509    95.593      1.296         4961.648        1827.732        9284.047        
W631    2990.936    79.021      0.478         3439.550        1267.034        6435.956        
W632    5913.569    109.818     2.405         6800.553        2505.134        12724.938       
W633    4466.453    98.785      2.597         5136.383        1892.100        9611.004        
W634    3941.218    80.864      1.578         4532.367        1669.597        8480.792        
W635    2668.893    64.999      1.296         3069.204        1130.609        5742.977        
W636    2348.858    64.164      1.008         2701.167        995.034         5054.321        
W637    4881.602    92.385      1.097         5613.801        2067.967        10504.330       
W638    3869.229    82.749      1.018         4449.580        1639.101        8325.885        
W639    6036.046    110.531     1.124         6941.401        2557.018        12988.485       
W640    5244.083    100.613     0.698         6030.650        2221.523        11284.322       
W641    8129.232    121.284     1.229         9348.547        3443.743        17492.645       
W642    4121.948    97.700      1.052         4740.205        1746.159        8869.691        
W643    8254.557    126.737     1.272         9492.669        3496.833        17762.320       
W644    4974.167    97.099      1.295         5720.250        2107.180        10703.515       
W645    8466.771    140.885     1.028         9736.715        3586.733        18218.969       
W646    7957.172    137.098     0.928         9150.680        3370.854        17122.404       
W647    7797.312    138.038     1.820         8966.843        3303.134        16778.416       
W648    4595.369    92.308      0.908         5284.634        1946.711        9888.407        
W649    7645.120    128.178     0.347         8791.822        3238.661        16450.922       
W650    7735.728    132.864     1.065         8896.020        3277.045        16645.895       
W651    5793.263    97.934      1.028         6662.203        2454.169        12466.060       
W652    4289.436    92.027      1.554         4932.814        1817.111        9230.095        
W653    3406.832    87.608      1.213         3917.828        1443.218        7330.891        
W654    8820.139    148.836     1.539         10143.084       3736.428        18979.352       
W655    6609.263    129.885     1.359         7600.595        2799.846        14221.945       
W656    3424.166    76.354      1.002         3937.761        1450.561        7368.190        
W657    4240.095    85.149      1.270         4876.072        1796.208        9123.922        
W658    6348.802    130.446     0.787         7301.067        2689.509        13661.479       
W659    3079.533    74.672      1.823         3541.437        1304.566        6626.603        
W660    3947.637    74.586      2.017         4539.748        1672.316        8494.604        
W661    2166.736    63.941      1.261         2491.728        917.883         4662.426        
W662    4886.474    97.999      0.421         5619.403        2070.031        10514.813       
W663    3313.855    74.390      1.186         3810.905        1403.831        7130.821        
W664    1660.603    53.534      0.883         1909.679        703.472         3573.319        
W665    5419.816    116.331     0.558         6232.742        2295.968        11662.469       
W666    5762.114    106.373     0.975         6626.381        2440.973        12399.032       
W667    3213.186    81.284      1.549         3695.136        1361.185        6914.198        
W668    4891.255    98.259      0.835         5624.902        2072.056        10525.103       
W669    6331.173    112.453     1.640         7280.795        2682.041        13623.546       
W670    4963.430    96.903      1.407         5707.902        2102.631        10680.408       
W671    5393.561    104.045     0.602         6202.548        2284.845        11605.973       
W672    2688.672    66.443      0.299         3091.950        1138.988        5785.540        
W673    3682.928    78.399      0.614         4235.336        1560.179        7925.000        
W674    3957.172    86.150      0.836         4550.714        1676.356        8515.123        
W675    5382.412    95.232      0.788         6189.728        2280.123        11581.983       
W676    5097.076    97.658      0.970         5861.593        2159.247        10967.991       
W677    5581.128    103.490     0.770         6418.250        2364.303        12009.585       
W678    4891.097    103.485     0.688         5624.719        2071.989        10524.761       
W679    6851.459    120.453     0.677         7879.120        2902.447        14743.110       
W680    5665.894    115.423     0.688         6515.729        2400.212        12191.985       
W681    6416.222    117.065     0.897         7378.600        2718.070        13806.555       
W682    5344.053    102.414     1.393         6145.615        2263.873        11499.440       
W683    5656.341    103.516     1.298         6504.743        2396.165        12171.429       
W684    6848.056    121.525     1.447         7875.205        2901.005        14735.784       
W685    3088.010    73.478      0.850         3551.185        1308.157        6644.842        
W686    3587.174    79.940      0.607         4125.219        1519.615        7718.953        
W687    3491.523    77.671      1.230         4015.222        1479.095        7513.130        
W688    5342.772    105.748     0.712         6144.143        2263.330        11496.687       
W689    6584.010    126.039     0.818         7571.555        2789.149        14167.605       
W690    3794.954    88.505      1.293         4364.165        1607.636        8166.060        
W691    4782.042    94.825      0.702         5499.308        2025.791        10290.096       
W692    5322.625    105.251     0.840         6120.974        2254.795        11453.333       
W693    2946.034    81.054      1.107         3387.914        1248.013        6339.336        
W694    3334.460    79.567      1.128         3834.600        1412.559        7175.157        
W695    6038.858    112.147     0.935         6944.635        2558.209        12994.536       
W696    2714.485    84.178      0.215         3121.634        1149.922        5841.083        
W697    4292.239    101.422     0.959         4936.038        1818.298        9236.127        
W698    4617.911    107.114     0.779         5310.558        1956.261        9936.913        
W699    3468.332    89.213      1.216         3988.552        1469.271        7463.227        
W700    1970.904    68.501      0.384         2266.522        834.923         4241.030        
W701    6020.097    103.213     1.535         6923.059        2550.261        12954.165       
W702    4727.221    98.190      0.726         5436.264        2002.568        10172.130       
W703    4502.103    98.065      0.780         5177.380        1907.202        9687.717        
W704    1901.115    67.296      0.550         2186.266        805.359         4090.858        
W705    7764.348    131.025     1.368         8928.934        3289.169        16707.480       
W706    2548.296    69.816      1.036         2930.518        1079.521        5483.475        
W707    5389.233    104.203     0.942         6197.572        2283.012        11596.661       
W708    3996.187    85.349      0.748         4595.580        1692.883        8599.075        
W709    4967.587    94.852      0.745         5712.683        2104.392        10689.354       
W710    6691.178    120.471     1.128         7694.797        2834.548        14398.213       
W711    4852.257    95.163      0.637         5580.054        2055.536        10441.185       
W712    6285.231    119.147     0.871         7227.962        2662.579        13524.688       
W713    6401.539    112.908     1.147         7361.714        2711.850        13774.961       
W714    6503.474    116.500     1.055         7478.939        2755.032        13994.307       
W715    3465.875    80.975      0.258         3985.727        1468.230        7457.940        
W716    6727.802    119.736     0.552         7736.915        2850.063        14477.021       
W717    8476.339    145.178     0.958         9747.717        3590.786        18239.559       
W718    5101.713    91.463      0.783         5866.927        2161.212        10977.970       
W719    4970.804    107.804     0.844         5716.381        2105.755        10696.275       
W720    2753.460    65.344      1.603         3166.455        1166.433        5924.950        
W721    4043.644    94.026      1.283         4650.156        1712.987        8701.196        
W722    5810.160    108.455     0.904         6681.634        2461.327        12502.420       
W723    3473.266    77.680      0.394         3994.226        1471.361        7473.844        
W724    4361.964    83.021      0.890         5016.222        1847.836        9386.163        
W725    3843.321    84.261      1.727         4419.786        1628.125        8270.136        
W726    3951.954    88.715      1.318         4544.713        1674.145        8503.895        
W727    4083.015    95.262      0.557         4695.433        1729.666        8785.915        
W728    5023.433    111.956     0.787         5776.905        2128.050        10809.524       
W729    3336.920    89.956      0.883         3837.430        1413.602        7180.453        
W730    5287.932    98.843      1.385         6081.077        2240.098        11378.680       
W731    6640.922    113.988     0.931         7637.004        2813.258        14290.071       
W732    3179.711    73.194      0.867         3656.641        1347.004        6842.167        
W733    6290.390    122.983     1.061         7233.895        2664.764        13535.788       
W734    6826.647    110.291     1.503         7850.585        2891.936        14689.718       
W735    3990.078    98.202      0.873         4588.556        1690.296        8585.932        
W736    5413.105    96.258      1.059         6225.024        2293.125        11648.028       
W737    5277.988    118.298     0.905         6069.641        2235.886        11357.282       
W738    5010.370    98.556      0.931         5761.882        2122.516        10781.415       
W739    4173.113    82.898      0.674         4799.044        1767.833        8979.788        
W740    5746.595    108.962     0.754         6608.535        2434.399        12365.639       
W741    3266.284    85.880      0.819         3756.198        1383.678        7028.455        
W742    5544.054    100.232     0.710         6375.614        2348.598        11929.807       
W743    2626.972    69.466      1.501         3020.995        1112.850        5652.771        
W744    5222.377    101.137     0.654         6005.689        2212.327        11237.616       
W745    4461.132    91.183      0.979         5130.264        1889.846        9599.555        
W746    5778.381    101.873     1.028         6645.088        2447.865        12434.036       
W747    5240.921    95.823      0.803         6027.014        2220.183        11277.520       
W748    4589.664    89.634      1.354         5278.074        1944.295        9876.132        
W749    6207.275    105.089     1.290         7138.313        2629.554        13356.939       
W750    4323.647    84.351      1.357         4972.157        1831.603        9303.711        
W751    4610.750    99.867      1.263         5302.322        1953.227        9921.504        
W752    2926.387    79.696      1.147         3365.320        1239.690        6297.060        
W753    4961.417    103.859     0.863         5705.587        2101.778        10676.078       
W754    3224.989    71.252      1.024         3708.710        1366.185        6939.597        
W755    3729.608    84.565      1.174         4289.017        1579.954        8025.446        
W756    5754.375    105.810     0.796         6617.482        2437.695        12382.382       
W757    4431.818    88.892      0.631         5096.552        1877.427        9536.476        
W758    4059.242    89.939      0.906         4668.093        1719.595        8734.759        
W759    3695.830    83.452      0.787         4250.173        1565.645        7952.762        
W760    2335.133    80.687      0.820         2685.383        989.220         5024.787        
W761    2426.124    67.977      1.405         2790.022        1027.766        5220.583        
W762    4642.905    97.203      0.391         5339.301        1966.849        9990.698        
W763    3228.694    76.058      1.054         3712.970        1367.754        6947.568        
W764    4170.314    86.848      0.957         4795.826        1766.648        8973.768        
W765    3373.969    79.850      1.336         3880.035        1429.297        7260.175        
W766    7254.319    122.793     1.232         8342.404        3073.108        15609.991       
W767    5873.507    107.420     1.066         6754.483        2488.162        12638.732       
W768    5523.896    106.644     0.973         6352.434        2340.059        11886.432       
W769    5648.883    101.856     1.540         6496.167        2393.006        12155.381       
W770    3221.989    81.452      0.458         3705.259        1364.914        6933.140        
W771    3833.690    87.648      1.217         4408.711        1624.046        8249.412        
W772    4822.240    97.890      1.068         5545.534        2042.820        10376.593       
W773    4594.701    96.456      1.354         5283.866        1946.428        9886.970        
W774    6811.230    115.783     1.701         7832.857        2885.405        14656.543       
W775    6163.508    100.897     1.525         7087.981        2611.014        13262.762       
W776    6600.405    110.583     1.053         7590.410        2796.094        14202.885       
W777    6029.263    106.912     1.878         6933.601        2554.145        12973.891       
W778    6951.141    120.303     1.080         7993.752        2944.674        14957.604       
W779    5589.186    110.288     0.927         6427.516        2367.717        12026.923       
W780    4783.134    85.852      0.721         5500.563        2026.254        10292.445       
W781    4786.587    98.093      1.205         5504.534        2027.716        10299.875       
W782    9220.413    151.064     0.892         10603.396       3905.994        19840.672       
W783    6854.764    125.858     1.067         7882.919        2903.847        14750.219       
W784    4190.593    134.414     0.504         4819.146        1775.238        9017.402        
W785    8024.499    133.309     1.053         9228.104        3399.375        17267.279       
W786    8440.994    155.153     1.446         9707.071        3575.813        18163.502       
W787    6678.338    123.171     1.351         7680.032        2829.109        14370.583       
W788    8226.111    131.641     0.714         9459.958        3484.783        17701.113       
W789    7915.699    125.188     1.025         9102.985        3353.285        17033.160       
W790    5729.897    106.671     0.616         6589.333        2427.325        12329.708       
W791    4355.471    92.054      0.776         5008.754        1845.085        9372.190        
W792    4187.994    97.045      1.116         4816.157        1774.137        9011.810        
W793    4634.308    100.732     1.700         5329.415        1963.207        9972.197        
W794    7771.127    143.974     0.660         8936.730        3292.041        16722.070       
W795    7442.660    126.504     0.821         8558.995        3152.894        16015.268       
W796    7928.114    142.053     0.778         9117.263        3358.544        17059.877       
W797    3982.928    91.933      1.149         4580.333        1687.267        8570.546        
W798    4284.684    92.918      0.549         4927.349        1815.098        9219.868        
W799    4549.650    99.910      0.815         5232.059        1927.344        9790.029        
W800    881.832     45.492      2.481         1014.099        373.566         1897.544        
W801    8631.597    131.558     1.077         9926.263        3656.557        18573.645       
W802    3224.278    84.863      0.832         3707.892        1365.884        6938.067        
W803    4140.057    90.979      1.036         4761.030        1753.830        8908.659        
W804    5180.455    112.724     0.879         5957.479        2194.568        11147.407       
W805    4798.423    92.482      0.483         5518.145        2032.730        10325.344       
W806    7074.715    134.303     1.121         8135.861        2997.023        15223.515       
W807    3500.906    79.792      1.020         4026.012        1483.070        7533.321        
W808    2479.420    65.648      1.142         2851.311        1050.343        5335.266        
W809    4213.114    89.740      0.819         4845.044        1784.779        9065.863        
W810    6576.091    121.308     1.511         7562.448        2785.794        14150.564       
W811    4973.536    96.571      0.928         5719.523        2106.912        10702.154       
W812    7349.317    126.123     0.986         8451.651        3113.352        15814.409       
W813    7418.527    154.688     1.259         8531.242        3142.671        15963.337       
W814    5262.980    110.096     1.343         6052.382        2229.528        11324.987       
W815    6625.279    117.612     1.500         7619.015        2806.632        14256.410       
W816    5524.623    102.241     0.617         6353.269        2340.366        11887.995       
W817    6544.910    120.327     0.736         7526.590        2772.585        14083.469       
W818    3851.021    99.564      0.681         4428.641        1631.387        8286.705        
W819    8635.432    149.664     0.792         9930.672        3658.182        18581.896       
W820    6929.565    118.872     0.849         7968.940        2935.534        14911.179       
W821    6284.447    112.690     0.849         7227.061        2662.247        13523.001       
W822    6411.497    117.989     0.917         7373.166        2716.068        13796.389       
W823    3032.269    84.425      1.108         3487.083        1284.544        6524.898        
W824    7558.735    151.146     0.790         8692.480        3202.066        16265.040       
W825    3294.386    72.695      0.790         3788.516        1395.583        7088.926        
W826    3555.912    89.954      1.337         4089.268        1506.372        7651.683        
W827    3693.032    91.743      0.884         4246.955        1564.459        7946.741        
W828    6280.877    124.537     0.447         7222.956        2660.734        13515.319       
W829    4335.666    80.897      1.188         4985.978        1836.695        9329.573        
W830    4552.963    95.279      0.481         5235.868        1928.747        9797.157        
W831    3755.259    93.793      1.397         4318.516        1590.820        8080.643        
W832    5284.214    104.220     0.747         6076.801        2238.523        11370.679       
W833    6153.263    108.893     0.757         7076.199        2606.674        13240.716       
W834    2610.326    73.979      0.586         3001.852        1105.798        5616.952        
W835    6144.718    115.742     1.124         7066.373        2603.054        13222.328       
W836    4889.323    103.095     0.945         5622.680        2071.238        10520.944       
W837    6455.068    123.857     1.008         7423.273        2734.526        13890.146       
W838    6297.511    113.669     0.525         7242.083        2667.781        13551.111       
W839    7554.157    129.864     1.268         8687.216        3200.127        16255.188       
W840    3467.116    82.121      0.530         3987.154        1468.756        7460.610        
W841    3728.525    92.993      0.794         4287.772        1579.495        8023.116        
W842    6745.309    125.427     0.760         7757.047        2857.479        14514.692       
W843    8616.341    147.180     0.641         9908.719        3650.094        18540.816       
W844    7983.194    130.592     1.095         9180.605        3381.878        17178.400       
W845    5726.179    100.705     0.697         6585.057        2425.750        12321.708       
W846    6621.342    119.469     0.482         7614.487        2804.964        14247.938       
W847    6056.146    114.368     1.252         6964.516        2565.533        13031.737       
W848    5036.592    98.985      1.109         5792.038        2133.625        10837.842       
W849    6083.072    115.696     0.463         6995.480        2576.939        13089.677       
W850    4971.378    102.722     0.894         5717.042        2105.998        10697.512       
W851    5625.431    102.433     0.503         6469.197        2383.071        12104.915       
W852    6483.908    124.892     0.895         7456.438        2746.743        13952.203       
W853    3819.623    90.508      0.977         4392.534        1618.087        8219.143        
W854    8672.369    136.655     1.807         9973.150        3673.829        18661.379       
W855    5170.522    100.420     0.614         5946.056        2190.360        11126.034       
W856    6703.839    124.500     0.984         7709.358        2839.912        14425.457       
W857    7891.896    154.491     1.020         9075.613        3343.202        16981.943       
W858    6904.835    120.025     0.899         7940.502        2925.059        14857.964       
W859    4556.379    85.357      0.737         5239.797        1930.195        9804.510        
W860    5399.617    108.852     0.805         6209.513        2287.411        11619.005       
W861    2931.755    81.949      1.471         3371.493        1241.964        6308.609        
W862    3626.405    81.174      0.716         4170.335        1536.234        7803.372        
W863    4026.258    92.944      1.379         4630.162        1705.622        8663.782        
W864    5647.184    97.411      1.009         6494.213        2392.286        12151.724       
W865    5379.359    125.088     0.911         6186.217        2278.829        11575.414       
W866    4520.197    89.161      0.892         5198.188        1914.867        9726.651        
W867    3649.814    83.597      0.357         4197.254        1546.151        7853.743        
W868    4086.312    114.893     1.427         4699.224        1731.063        8793.009        
W869    3922.770    87.733      0.725         4511.152        1661.782        8441.097        
W870    5011.788    94.903      1.325         5763.513        2123.117        10784.466       
W871    2298.383    79.672      0.733         2643.121        973.652         4945.708        
W872    3502.379    80.500      0.766         4027.706        1483.694        7536.491        
W873    6019.994    102.687     1.257         6922.941        2550.218        12953.945       
W874    6014.438    106.231     1.512         6916.553        2547.864        12941.990       
W875    5776.594    105.734     1.210         6643.034        2447.108        12430.192       
W876    8526.567    120.582     1.019         9805.479        3612.064        18347.641       
W877    6753.350    136.790     0.861         7766.294        2860.885        14531.994       
W878    2846.984    79.289      0.816         3274.007        1206.053        6126.197        
W879    8371.314    130.813     0.690         9626.939        3546.295        18013.564       
W880    3925.079    87.661      0.491         4513.807        1662.760        8446.063        
W881    6130.356    115.523     0.632         7049.857        2596.970        13191.425       
W882    6905.055    124.824     1.385         7940.753        2925.151        14858.437       
W883    4428.821    91.453      0.836         5093.106        1876.158        9530.027        
W884    4875.000    99.463      0.547         5606.208        2065.170        10490.125       
W885    4347.304    106.350     0.825         4999.362        1841.625        9354.616        
W886    5974.169    123.170     0.993         6870.243        2530.805        12855.337       
W887    6528.586    120.336     1.480         7507.818        2765.670        14048.343       
W888    5815.500    109.403     1.076         6687.776        2463.589        12513.912       
W889    5568.150    106.019     1.040         6403.324        2358.805        11981.657       
W890    6961.923    133.628     1.248         8006.152        2949.242        14980.809       
W891    5902.843    131.685     2.492         6788.219        2500.590        12701.857       
W892    2876.065    71.521      0.763         3307.450        1218.372        6188.775        
W893    3815.095    77.417      0.567         4387.327        1616.168        8209.399        
W894    3153.950    69.278      0.866         3627.015        1336.091        6786.733        
W895    6375.229    106.106     1.389         7331.459        2700.704        13718.349       
W896    5411.972    88.184      0.478         6223.721        2292.645        11645.591       
W897    5664.631    103.882     0.564         6514.277        2399.677        12189.269       
W898    3224.824    70.068      1.531         3708.520        1366.115        6939.241        
W899    4851.323    109.690     1.252         5578.979        2055.140        10439.174       
W900    6230.850    148.668     0.802         7165.424        2639.542        13407.669       
W901    5139.242    113.619     0.933         5910.083        2177.109        11058.724       
W902    7283.934    129.565     1.014         8376.461        3085.654        15673.716       
W903    5104.576    91.181      0.791         5870.218        2162.424        10984.129       
W904    3205.969    74.274      0.929         3686.837        1358.128        6898.669        
W905    3318.751    80.541      0.657         3816.536        1405.905        7141.356        
W906    3064.412    91.084      0.480         3524.047        1298.160        6594.063        
W907    5572.646    96.706      0.553         6408.496        2360.710        11991.333       
W908    5066.478    118.169     1.092         5826.406        2146.285        10902.150       
W909    5243.609    110.529     0.669         6030.105        2221.322        11283.304       
W910    4540.229    103.518     0.741         5221.225        1923.353        9769.757        
W911    5614.757    121.895     1.205         6456.922        2378.549        12081.947       
W912    4819.765    105.917     0.813         5542.688        2041.771        10371.267       
W913    1399.309    61.765      4.964         1609.193        592.782         3011.061        
W914    7785.245    133.393     0.812         8952.965        3298.021        16752.447       
W915    7041.826    120.708     0.892         8098.040        2983.091        15152.743       
W916    4151.153    93.430      1.776         4773.791        1758.531        8932.536        
W917    9043.044    150.250     1.063         10399.423       3830.856        19459.006       
W918    7754.902    129.742     0.743         8918.071        3285.168        16687.156       
W919    7225.653    126.573     1.021         8309.438        3060.965        15548.305       
W920    3783.908    82.983      1.388         4351.462        1602.957        8142.290        
W921    4865.004    108.491     0.811         5594.713        2060.936        10468.614       
W922    5068.688    97.720      1.116         5828.948        2147.221        10906.905       
W923    6159.098    118.163     1.123         7082.910        2609.146        13253.272       
W924    5796.233    104.935     0.800         6665.618        2455.427        12472.451       
W925    2435.837    77.898      0.791         2801.191        1031.880        5241.482        
W926    6087.261    110.847     0.513         7000.297        2578.714        13098.690       
W927    5078.490    120.386     1.533         5840.220        2151.373        10927.997       
W928    4115.444    87.003      0.733         4732.726        1743.404        8855.696        
W929    4586.634    94.178      1.229         5274.590        1943.011        9869.612        
W930    2615.289    67.548      0.762         3007.560        1107.901        5627.631        
W931    4967.227    93.137      1.366         5712.268        2104.240        10688.578       
W932    2535.976    71.842      0.697         2916.351        1074.302        5456.965        
W933    6267.337    118.527     0.860         7207.384        2654.999        13486.183       
W934    5800.477    109.436     0.931         6670.499        2457.225        12481.583       
W935    3495.293    95.253      0.796         4019.557        1480.693        7521.243        
W936    4813.054    97.558      0.715         5534.970        2038.928        10356.826       
W937    7179.968    133.550     0.548         8256.901        3041.612        15450.002       
W938    4688.085    111.541     0.980         5391.258        1985.989        10087.917       
W939    3182.269    78.604      1.074         3659.582        1348.088        6847.671        
W940    5734.593    106.979     0.773         6594.733        2429.315        12339.813       
W941    5428.418    106.963     1.055         6242.634        2299.612        11680.979       
W942    1707.158    66.382      1.051         1963.217        723.194         3673.496        
W943    5598.668    109.908     0.943         6438.420        2371.734        12047.327       
W944    2601.979    74.793      1.280         2992.254        1102.262        5598.991        
W945    1688.858    64.941      1.420         1942.172        715.442         3634.118        
W946    8216.835    132.003     0.746         9449.290        3480.854        17681.152       
W947    6990.747    118.512     1.323         8039.299        2961.453        15042.831       
W948    6880.917    121.246     1.461         7912.996        2914.926        14806.497       
W949    6179.510    127.007     0.543         7106.383        2617.792        13297.194       
W950    6143.815    121.037     0.663         7065.334        2602.671        13220.385       
W951    4526.559    106.431     1.089         5205.504        1917.562        9740.341        
W952    6003.830    112.410     1.028         6904.353        2543.370        12919.162       
W953    6351.854    112.070     0.892         7304.578        2690.802        13668.048       
W954    5077.555    99.429      0.716         5839.145        2150.978        10925.985       
W955    4642.650    99.382      0.908         5339.007        1966.741        9990.148        
W956    5426.983    115.170     0.768         6240.984        2299.004        11677.893       
W957    5940.205    113.409     0.868         6831.185        2516.417        12782.254       
W958    8254.457    130.885     1.110         9492.555        3496.791        17762.107       
W959    4795.945    100.236     0.951         5515.295        2031.681        10320.012       
W960    6225.720    125.674     0.775         7159.524        2637.368        13396.631       
W961    6557.299    120.670     0.609         7540.838        2777.834        14110.130       
W962    5244.445    111.124     0.989         6031.067        2221.676        11285.104       
W963    6880.219    126.467     0.937         7912.193        2914.630        14804.993       
W964    3732.130    87.546      1.102         4291.917        1581.022        8030.872        
W965    6138.440    118.811     1.218         7059.153        2600.394        13208.819       
W966    7046.948    115.798     0.350         8103.929        2985.261        15163.766       
W967    7932.025    128.031     0.891         9121.761        3360.201        17068.293       
W968    3674.519    89.105      1.260         4225.666        1556.617        7906.904        
W969    7260.563    141.903     0.948         8349.586        3075.754        15623.428       
W970    4965.962    97.671      1.168         5710.813        2103.704        10685.857       
W971    5238.317    103.694     1.055         6024.020        2219.080        11271.917       
W972    5094.942    107.126     1.105         5859.140        2158.343        10963.399       
W973    5397.754    115.072     1.180         6207.372        2286.622        11614.997       
W974    2684.627    75.816      1.111         3087.298        1137.274        5776.834        
W975    3214.663    86.601      2.738         3696.835        1361.810        6917.377        
W976    5013.388    109.656     0.632         5765.353        2123.795        10787.909       
W977    7205.155    119.790     1.076         8285.866        3052.281        15504.198       
W978    2883.381    82.615      1.139         3315.863        1221.471        6204.517        
W979    815.580     61.088      7.449         937.910         345.500         1754.982        
W980    3651.227    89.720      1.745         4198.879        1546.750        7856.783        
W981    5201.280    107.104     1.271         5981.427        2203.390        11192.219       
W982    6119.708    121.859     0.623         7037.611        2592.459        13168.511       
W983    4969.357    108.237     1.218         5714.718        2105.142        10693.163       
W984    8441.382    149.233     0.603         9707.517        3575.977        18164.336       
W985    5679.134    110.389     0.729         6530.956        2405.821        12220.477       
W986    6644.078    118.591     0.885         7640.633        2814.595        14296.861       
W987    3721.174    86.840      0.933         4279.318        1576.381        8007.298        
W988    2209.426    63.265      1.380         2540.821        935.967         4754.287        
W989    4367.905    97.994      1.241         5023.053        1850.352        9398.945        
W990    3655.361    91.954      0.810         4203.634        1548.501        7865.681        
W991    5178.200    100.235     0.534         5954.885        2193.613        11142.555       
W992    5972.283    108.064     1.509         6868.074        2530.006        12851.278       
W993    3685.131    87.157      0.702         4237.869        1561.112        7929.740        
W994    4197.563    90.526      1.612         4827.162        1778.191        9032.400        
W995    4564.146    92.055      1.082         5248.729        1933.485        9821.222        
W996    7291.132    113.821     1.003         8384.738        3088.703        15689.205       
W997    5365.244    109.670     1.159         6169.985        2272.850        11545.041       
W998    5853.614    103.570     0.422         6731.606        2479.735        12595.926       
W999    5547.581    103.989     1.047         6379.670        2350.092        11937.396       
W1000   7115.625    126.759     2.087         8182.908        3014.354        15311.546       
W1001   8311.449    130.762     1.340         9558.096        3520.935        17884.744       
W1002   6612.897    123.598     0.806         7604.775        2801.386        14229.766       
W1003   4403.210    102.809     0.833         5063.654        1865.308        9474.917        
W1004   7881.948    142.558     0.603         9064.172        3338.987        16960.535       
W1005   6467.269    117.226     1.073         7437.304        2739.695        13916.401       
W1006   5441.477    103.573     0.726         6257.651        2305.144        11709.080       
W1007   7142.193    126.551     1.547         8213.461        3025.609        15368.715       
W1008   3670.136    84.946      1.536         4220.625        1554.760        7897.472        
W1009   4814.507    110.567     0.851         5536.641        2039.544        10359.953       
W1010   5717.720    112.805     1.074         6575.329        2422.167        12303.506       
W1011   8175.994    148.531     0.886         9402.322        3463.552        17593.270       
W1012   9594.770    155.967     0.557         11033.902       4064.581        20646.219       
W1013   6820.909    130.144     0.772         7843.987        2889.505        14677.369       
W1014   4640.289    100.148     0.467         5336.292        1965.741        9985.068        
W1015   5886.743    112.195     0.602         6769.704        2493.769        12667.212       
W1016   5052.691    100.491     2.014         5810.552        2140.445        10872.483       
W1017   4364.367    96.295      1.658         5018.984        1848.853        9391.332        
W1018   4817.720    97.959      1.501         5540.336        2040.905        10366.867       
W1019   8056.043    108.929     1.019         9264.381        3412.739        17335.156       
W1020   8104.730    105.197     0.978         9320.370        3433.364        17439.922       
W1021   7049.328    120.183     0.903         8106.667        2986.269        15168.887       
W1022   5498.027    109.836     1.946         6322.684        2329.100        11830.765       
W1023   7122.933    116.070     0.481         8191.311        3017.450        15327.271       
W1024   4146.869    90.416      1.210         4768.864        1756.716        8923.316        
W1025   8415.641    137.056     1.849         9677.915        3565.073        18108.945       
W1026   6901.268    127.646     0.727         7936.399        2923.547        14850.288       
W1027   6028.833    109.965     0.518         6933.105        2553.962        12972.964       
W1028   5453.687    103.289     0.670         6271.693        2310.316        11735.353       
W1029   5260.799    101.674     0.694         6049.874        2228.604        11320.293       
W1030   3202.527    91.195      0.951         3682.879        1356.669        6891.263        
W1031   5529.163    95.901      0.884         6358.490        2342.290        11897.766       
W1032   6202.876    112.168     1.051         7133.254        2627.691        13347.474       
W1033   4243.456    88.680      1.046         4879.938        1797.632        9131.153        
W1034   6693.421    119.742     1.499         7697.377        2835.498        14403.040       
W1035   7231.800    114.179     1.030         8316.509        3063.569        15561.534       
W1036   6775.628    120.059     1.103         7791.915        2870.323        14579.935       
W1037   4408.026    104.771     1.815         5069.192        1867.348        9485.279        
W1038   6452.426    122.651     0.936         7420.234        2733.406        13884.461       
W1039   4820.578    91.349      0.215         5543.623        2042.115        10373.017       
W1040   5389.990    109.275     0.583         6198.442        2283.333        11598.290       
W1041   6053.958    107.013     0.758         6962.000        2564.606        13027.029       
W1042   5725.211    108.453     1.251         6583.944        2425.341        12319.625       
W1043   8777.334    149.391     1.132         10093.858       3718.295        18887.244       
W1044   2838.732    78.011      0.444         3264.517        1202.557        6108.440        
W1045   9028.009    153.256     0.856         10382.133       3824.487        19426.652       
W1046   6693.253    120.714     1.296         7697.184        2835.427        14402.678       
W1047   4780.094    108.973     0.612         5497.067        2024.965        10285.902       
W1048   6632.245    111.585     0.741         7627.025        2809.583        14271.398       
W1049   5430.958    105.983     0.841         6245.555        2300.688        11686.445       
W1050   6046.984    113.390     0.731         6953.979        2561.651        13012.021       
W1051   9450.509    149.064     1.029         10868.005       4003.468        20335.797       
W1052   5415.534    108.518     0.770         6227.818        2294.154        11653.256       
W1053   9070.264    146.629     0.659         10430.726       3842.387        19517.578       
W1054   6830.141    118.354     1.313         7854.603        2893.416        14697.235       
W1055   6096.896    116.236     0.999         7011.378        2582.796        13119.426       
W1056   5675.893    105.783     1.005         6527.229        2404.448        12213.502       
W1057   6168.177    109.598     2.778         7093.351        2612.992        13272.807       
W1058   7262.002    120.154     0.824         8351.239        3076.363        15626.522       
W1059   3825.990    85.013      0.990         4399.856        1620.784        8232.843        
W1060   4656.763    111.393     0.558         5355.238        1972.720        10020.518       
W1061   1864.585    69.167      1.629         2144.257        789.884         4012.252        
W1062   5705.386    108.637     1.018         6561.146        2416.942        12276.966       
W1063   4918.459    109.827     1.155         5656.187        2083.581        10583.641       
W1064   3901.902    99.257      0.880         4487.154        1652.942        8396.192        
W1065   6098.674    111.431     0.683         7013.422        2583.549        13123.250       
W1066   6378.728    113.894     1.111         7335.482        2702.186        13725.876       
W1067   5032.472    101.958     0.545         5787.299        2131.879        10828.975       
W1068   4546.303    104.112     0.924         5228.209        1925.926        9782.826        
W1069   7319.633    123.558     0.970         8417.516        3100.777        15750.534       
W1070   4963.432    106.712     0.759         5707.904        2102.632        10680.412       
W1071   2414.726    68.319      1.236         2776.915        1022.938        5196.057        
W1072   1907.111    68.452      0.585         2193.162        807.899         4103.761        
W1073   6224.480    111.273     0.678         7158.099        2636.843        13393.962       
W1074   5685.586    105.559     1.208         6538.375        2408.554        12234.358       
W1075   2081.268    63.288      1.514         2393.441        881.677         4478.515        
W1076   4886.868    94.789      0.547         5619.856        2070.198        10515.662       
W1077   4982.872    97.684      1.001         5730.260        2110.867        10722.243       
W1078   5059.538    112.261     0.769         5818.425        2143.345        10887.217       
W1079   8020.095    130.273     1.049         9223.040        3397.510        17257.803       
W1080   7107.810    118.468     1.104         8173.920        3011.043        15294.729       
W1081   5735.601    110.944     0.662         6595.892        2429.742        12341.982       
W1082   5530.637    108.811     0.681         6360.186        2342.914        11900.938       
W1083   4513.868    97.070      0.960         5190.910        1912.186        9713.033        
W1084   6548.998    109.236     0.752         7531.291        2774.317        14092.266       
W1085   5603.635    105.842     1.130         6444.133        2373.838        12058.016       
W1086   7250.380    122.695     1.462         8337.875        3071.440        15601.515       
W1087   7178.314    119.744     0.771         8254.999        3040.911        15446.440       
W1088   9975.082    154.162     0.680         11471.259       4225.690        21464.584       
W1089   5733.803    109.536     1.352         6593.824        2428.980        12338.112       
W1090   6935.258    115.817     0.508         7975.487        2937.946        14923.428       
W1091   3588.004    86.315      0.960         4126.174        1519.967        7720.741        
W1092   3106.379    74.250      1.250         3572.310        1315.939        6684.370        
W1093   2658.223    72.311      1.931         3056.934        1126.089        5720.018        
W1094   4518.317    92.655      1.262         5196.026        1914.070        9722.605        
W1095   4208.831    85.331      0.690         4840.119        1782.964        9056.646        
W1096   3623.786    73.142      0.614         4167.323        1535.125        7797.736        
W1097   4028.576    78.331      0.678         4632.828        1706.604        8668.771        
W1098   3124.830    78.568      1.021         3593.527        1323.755        6724.071        
W1099   4449.917    90.139      1.612         5117.367        1885.095        9575.422        
W1100   4234.346    85.846      1.022         4869.461        1793.773        9111.551        
W1101   7160.796    147.568     1.318         8234.854        3033.490        15408.745       
W1102   4881.236    90.323      0.953         5613.379        2067.812        10503.542       
W1103   3478.462    88.647      0.453         4000.201        1473.562        7485.024        
W1104   7110.116    118.618     1.019         8176.573        3012.020        15299.691       
W1105   1097.479    51.140      1.873         1262.092        464.919         2361.578        
W1106   3382.909    77.764      2.039         3890.316        1433.084        7279.412        
W1107   5384.633    97.499      1.961         6192.281        2281.063        11586.762       
W1108   2216.875    70.579      2.156         2549.387        939.123         4770.316        
W1109   3154.346    77.631      0.918         3627.471        1336.259        6787.585        
W1110   4115.987    100.392     1.413         4733.350        1743.633        8856.863        
W1111   6674.817    115.034     0.669         7675.982        2827.617        14363.006       
W1112   2201.176    68.402      1.480         2531.333        932.472         4736.534        
W1113   8993.886    157.994     0.985         10342.892       3810.032        19353.227       
W1114   3338.725    83.948      0.777         3839.505        1414.366        7184.335        
W1115   3475.061    90.191      1.463         3996.290        1472.121        7477.706        
W1116   7588.489    120.065     0.892         8726.697        3214.671        16329.064       
W1117   7841.870    115.815     1.278         9018.083        3322.010        16874.295       
W1118   6796.743    114.604     0.779         7816.196        2879.268        14625.369       
W1119   7179.922    152.507     1.267         8256.849        3041.592        15449.901       
W1120   9779.717    188.307     0.802         11246.591       4142.929        21044.191       
W1121   5756.841    105.535     0.579         6620.317        2438.740        12387.687       
W1122   5273.780    100.388     0.707         6064.802        2234.103        11348.227       
W1123   7914.194    127.612     1.154         9101.256        3352.648        17029.924       
W1125   3637.377    80.473      3.046         4182.952        1540.882        7826.981        
W1126   4435.317    93.657      0.724         5100.577        1878.910        9544.006        
W1127   5321.198    90.086      0.278         6119.332        2254.191        11450.261       
W1128   5304.583    92.483      0.960         6100.224        2247.152        11414.508       
W1129   4483.245    85.285      0.829         5155.693        1899.213        9647.136        
W1130   3975.066    84.921      1.682         4571.292        1683.936        8553.628        
W1131   4547.559    98.606      0.275         5229.654        1926.458        9785.528        
W1132   2485.967    72.028      1.272         2858.841        1053.117        5349.354        
W1133   3471.454    86.574      1.057         3992.143        1470.594        7469.945        
W1134   4700.682    98.747      0.679         5405.744        1991.325        10115.021       
W1135   3687.363    96.459      0.807         4240.436        1562.058        7934.542        
W1136   4154.136    105.051     1.185         4777.221        1759.794        8938.953        
W1137   4675.615    102.089     1.142         5376.917        1980.706        10061.082       
W1138   5140.499    122.290     0.519         5911.529        2177.642        11061.429       
W1139   2882.388    85.428      0.895         3314.721        1221.051        6202.380        
W1140   4650.773    114.000     1.041         5348.350        1970.182        10007.629       
W1141   2456.319    71.292      0.941         2824.746        1040.557        5285.557        
W1142   4871.916    104.486     0.780         5602.662        2063.864        10483.487       
W1143   5762.347    118.026     0.472         6626.649        2441.072        12399.534       
W1144   4768.186    107.978     0.507         5483.373        2019.921        10260.278       
W1145   5232.675    109.896     1.044         6017.531        2216.690        11259.775       
W1146   5895.632    113.929     1.163         6779.926        2497.535        12686.341       
W1147   2644.992    72.053      1.409         3041.718        1120.484        5691.546        
W1148   5136.994    97.596      0.867         5907.499        2176.157        11053.888       
W1149   4590.146    89.705      0.523         5278.629        1944.499        9877.171        
W1150   1730.341    58.045      0.643         1989.878        733.015         3723.384        
W1151   4791.938    100.030     0.403         5510.687        2029.983        10311.389       
W1152   6547.646    102.424     0.633         7529.737        2773.744        14089.356       
W1153   4978.133    95.737      1.538         5724.810        2108.860        10712.047       
W1154   8386.999    124.023     1.660         9644.977        3552.939        18047.314       
W1155   5700.067    104.973     1.494         6555.028        2414.689        12265.520       
W1156   7157.058    122.527     1.121         8230.555        3031.906        15400.702       
