APV              147              21              27               0
               0           39.98           57.39
               1          -40.95           51.31
               2          -14.99           25.28
               3          -9.833           20.96
               4          -125.8           12.88
               5          -51.66           20.05
               6          -10.64           12.17
               7           22.03           10.74
               8          -70.77           10.71
               9          -14.67           19.58
              10            31.7           10.84
              11           28.29           11.14
              12          -59.83           11.03
              13           4.508           19.68
              14           36.37           10.99
              15           44.34            10.8
              16          -32.35           11.16
              17          -40.33           19.92
              18           -11.3           12.02
              19           41.79           10.21
              20          -37.89           10.95
              21          -33.39           20.33
              22           2.217           9.798
              23           41.18           9.861
              24          -74.14           10.76
              25           -6.24           20.18
              26           18.25           9.635
              27            24.5            10.7
              28          -45.09           10.99
              29           -24.4           20.32
              30           37.26           9.835
              31           46.82           10.49
              32          -40.59           11.51
              33          -41.42           20.15
              34           18.87           11.24
              35           40.68           11.24
              36          -54.22           10.77
              37          -15.86           19.82
              38           16.65           11.07
              39           35.99           10.76
              40          -56.39           11.08
              41          -18.43           20.14
              42           24.27           11.65
              43           52.78           11.47
              44          -60.27           12.56
              45          -17.47           19.85
              46           51.83           10.67
              47           60.38            11.5
              48          -27.63           11.32
              49          -24.94           20.08
              50           12.57            10.8
              51           32.52           10.25
              52          -63.18           10.53
              53          -46.18           20.31
              54           3.841           9.522
              55           60.04           10.04
              56           -48.9           10.58
              57          -7.505           20.02
              58           21.66           9.859
              59           35.77           10.67
              60          -46.83           12.81
              61          -3.094           19.87
              62           30.48           9.523
              63           60.85            11.1
              64          -55.46           11.44
              65          -43.94           10.57
              66           18.92           12.99
              67           29.74           11.57
              68          -58.02           11.26
              69          -33.39           10.24
              70           17.56           12.02
              71           39.39           10.84
              72           -53.4           10.92
              73           7.142           10.11
              74           35.65           11.64
              75           29.95            10.9
              76          -34.57           10.37
              77          -17.52           9.863
              78            26.1              11
              79           58.39            11.3
              80          -53.59           11.63
              81          -33.82           10.23
              82           8.717           9.931
              83           35.24           10.15
              84          -45.59           11.35
              85          -31.71            9.92
              86           17.73           9.389
              87           39.92           9.956
              88          -58.72           10.86
              89          -11.24           9.903
              90           27.37            9.67
              91           27.71           10.65
              92          -32.65           10.27
              93          -16.17            9.78
              94           18.85           9.558
              95           52.34           11.23
              96          -47.94           11.32
              97          -30.69           10.51
              98           17.25           12.42
              99           39.06           11.73
             100          -62.52           11.13
             101           -24.4           10.22
             102           37.21           11.71
             103           32.93           10.71
             104          -42.85            10.6
             105          -2.765           9.511
             106           57.26           11.36
             107           53.97           11.08
             108          -46.18           10.18
             109           8.497            10.1
             110           46.62           11.16
             111           87.58           11.98
             112          -42.89           11.41
             113          -36.43           10.45
             114           13.88           10.03
             115           52.94           10.26
             116          -62.58           10.94
             117          -16.03           9.715
             118           26.23           9.551
             119           39.33           10.06
             120          -45.01           10.61
             121           9.435           10.15
             122           28.04           9.978
             123           64.29           10.61
             124          -62.81           10.15
             125           2.326           9.988
             126           55.62           9.889
             127           92.14           57.03
APV              147              21              27               1
               0           65.91           55.37
               1          -45.15           47.79
               2          -3.387           26.32
               3          -13.91           22.58
               4          -126.4           14.85
               5          -84.09           16.86
               6          -2.016           16.44
               7           26.86           13.09
               8          -63.42           12.63
               9          -15.62           16.68
              10           11.17           13.03
              11            42.2           13.67
              12          -59.17           12.37
              13          -1.133           16.77
              14           41.83           13.64
              15           97.19           13.32
              16          -25.04           13.26
              17          -52.71            15.7
              18           0.344           17.14
              19           48.87           11.89
              20          -52.56           13.28
              21          -33.51           16.63
              22           -4.95           12.28
              23           54.32           11.68
              24          -48.13           12.63
              25          -34.55           16.71
              26           30.06           12.03
              27           63.93           12.59
              28           -53.9           12.16
              29          -22.74           17.62
              30           15.68           11.27
              31           90.32           12.76
              32           -9.82            13.5
              33          -48.56           16.99
              34           24.69           14.02
              35           41.35           14.37
              36          -59.82            13.1
              37           -43.5           16.89
              38           14.46           13.77
              39           40.58           13.16
              40           -48.1           12.88
              41          -11.34           16.46
              42           21.63           14.54
              43           70.57           13.69
              44             -58           12.46
              45          -3.237           17.26
              46           22.52           13.11
              47            75.6           13.85
              48          -42.05           13.87
              49          -48.93            15.9
              50           9.536           14.95
              51           54.25           11.91
              52          -65.51           12.98
              53          -52.29           16.51
              54           -5.27           12.07
              55           52.39           11.51
              56          -69.11           12.61
              57          -21.38           17.21
              58           20.67           12.16
              59           50.17           12.79
              60          -30.99           11.87
              61          -10.09            18.4
              62           21.69           11.17
              63           89.88           12.97
              64          -30.54           12.78
              65          -60.38            11.9
              66           30.81           17.94
              67           56.08           14.71
              68          -55.87           12.62
              69          -32.07           11.75
              70           2.293           15.32
              71           63.22           13.12
              72          -34.59           12.12
              73          -30.27           11.94
              74           35.11           13.96
              75           47.11            12.9
              76          -52.68           11.75
              77           11.29           11.09
              78            35.6           14.05
              79           78.42           13.83
              80          -52.72           13.17
              81          -39.57           11.96
              82           7.772           12.78
              83           29.74           14.03
              84          -64.75           12.75
              85           -30.8           11.05
              86           6.517           10.96
              87           42.91           12.05
              88          -44.82           12.33
              89          -17.54           11.63
              90           33.76           11.37
              91           64.15           12.43
              92          -50.77            11.6
              93          -8.115           12.98
              94              20           11.35
              95           113.1           13.48
              96          -46.36           13.21
              97           -36.4           12.11
              98           1.567           16.48
              99           53.44            13.8
             100           -43.3           12.63
             101          -33.39           11.93
             102           21.91           14.13
             103           46.88            13.3
             104          -65.71           12.39
             105          -3.231           11.89
             106           44.67           14.24
             107           75.19           13.37
             108          -54.69            11.4
             109           10.03           11.66
             110           35.26           14.52
             111           106.5           13.76
             112          -38.44           13.42
             113          -41.53           11.57
             114           15.58           12.61
             115            35.2           14.18
             116          -39.81           12.23
             117          -35.29            11.2
             118           19.78           16.72
             119           55.57           11.77
             120          -35.02           12.08
             121          -2.012           11.67
             122           48.27           11.51
             123            66.1           12.83
             124          -58.57           11.23
             125           1.074           14.02
             126           40.31           11.38
             127           118.3           13.46
APV              147              21              27               2
               0           102.9           51.75
               1          -20.05           42.64
               2          -29.59            23.6
               3          -47.15           20.65
               4          -88.78           13.48
               5          -51.44           11.72
               6          -20.78            13.7
               7           26.96           11.82
               8          -18.97           11.23
               9          -20.03           11.44
              10           -8.02           11.26
              11           33.97            12.1
              12          -13.99           11.23
              13          -38.53           11.47
              14           12.33           11.96
              15           19.86           11.85
              16           13.86           12.03
              17          -12.83           10.52
              18          -1.467           16.84
              19           29.81           11.41
              20          -28.31           12.01
              21          -8.772           10.69
              22         -0.8974           11.67
              23           15.74           10.67
              24          -23.02           11.26
              25          -24.44            11.1
              26            14.7           11.04
              27           39.37           11.25
              28          -2.719           10.49
              29          -16.57           11.49
              30           33.93            11.3
              31           62.26           11.68
              32           14.88           12.11
              33          -21.54           11.56
              34          -17.58           11.42
              35           26.53           12.38
              36          -21.72           11.69
              37          -14.14           11.35
              38          -2.159            11.7
              39           26.21           11.81
              40          -24.63           11.72
              41          -13.41           11.45
              42           18.15           12.38
              43           53.28           12.43
              44           -20.7           11.69
              45          -17.68           11.14
              46           5.872           11.48
              47           60.32              12
              48          -29.44            12.1
              49          -14.12           10.58
              50           -23.8           14.34
              51           7.139            10.8
              52           3.631           11.17
              53          -16.74           10.56
              54          -19.67           11.51
              55           27.68           10.76
              56          -25.67           11.18
              57          -35.14           11.05
              58           1.078           10.81
              59           47.39           11.95
              60          -3.081           10.26
              61          -26.29           12.34
              62           18.38           10.55
              63           37.74           11.89
              64           4.848           11.71
              65          -13.38           10.93
              66          -22.39           13.82
              67           23.36           12.61
              68          -23.25           11.48
              69           -20.4           10.96
              70           5.448           12.54
              71           47.46           11.81
              72          -19.69           11.32
              73          -15.25           11.06
              74           16.26           12.12
              75            30.7           12.25
              76          -29.09           11.09
              77          -38.78            10.9
              78           20.32            11.6
              79           67.83           12.19
              80          -12.48           12.08
              81          -25.75            10.9
              82          -23.29            12.7
              83           42.48           10.94
              84          -17.12           11.78
              85          -3.999           10.33
              86           1.681           10.65
              87           33.12           10.96
              88          -23.81           11.36
              89          -15.34            16.4
              90           8.439           10.63
              91           53.36           11.72
              92           -3.38           10.48
              93          -31.16           21.19
              94            15.8           10.43
              95           83.41           11.96
              96          -21.33           11.73
              97          -15.32           11.24
              98          -13.85           13.65
              99           26.04           12.97
             100          -22.51           11.22
             101          -18.27            11.1
             102           2.688           11.86
             103           22.94           11.69
             104           -28.2           11.09
             105          -7.566           11.25
             106            1.19           11.92
             107           53.77              12
             108         -0.4584           10.78
             109          -6.197           10.84
             110           19.65           12.09
             111           72.89           12.22
             112          -28.65           12.23
             113          -8.644           10.49
             114          -8.481           11.98
             115           62.16           11.11
             116          -21.93           10.97
             117          -22.78           10.54
             118           3.777           10.48
             119            29.8           10.99
             120          -29.52           11.05
             121           4.167           11.02
             122           33.76           10.66
             123           38.44           11.62
             124          -17.14           10.38
             125          -15.02           13.94
             126           10.82           10.18
             127           98.34           12.42
APV              147              20              26               0
               0           44.64           47.25
               1          -13.65           36.03
               2           4.691           21.75
               3           -77.3           17.05
               4          -83.53           11.57
               5          -30.93           9.992
               6           3.733           12.94
               7            0.55           9.319
               8          -35.65           9.844
               9          -12.88            9.27
              10           14.72           10.74
              11           14.01           9.474
              12          -40.74           9.934
              13          -7.969           9.166
              14           37.73            11.2
              15           39.25           10.25
              16          -30.87            10.3
              17          -22.54           11.12
              18           5.886           14.77
              19           10.18           8.976
              20          -43.05            9.94
              21          -14.61           10.32
              22           13.42           9.985
              23           1.716           8.439
              24          -35.55           10.02
              25          -8.773           9.959
              26           23.61           9.524
              27           14.27           9.044
              28          -18.79           9.572
              29            12.8           10.66
              30           39.45           9.539
              31           34.76            9.51
              32          -30.28           10.41
              33          -17.61           10.07
              34           16.45           10.86
              35           8.162           9.786
              36          -50.76           10.17
              37          -22.88           9.591
              38           29.18           11.08
              39           3.757           9.218
              40          -47.27           10.42
              41          -10.21           9.591
              42           32.23           11.77
              43           13.58           9.374
              44          -29.23           10.22
              45           22.59           9.832
              46           52.44           10.88
              47           22.82           10.26
              48          -36.19           10.49
              49          -2.476           10.09
              50           14.83           12.44
              51           2.054           8.543
              52          -37.24           9.865
              53          -21.44           9.988
              54          0.8036           9.462
              55           3.094           8.696
              56          -32.13           9.785
              57          -4.187           9.912
              58           30.07           9.636
              59           12.24           9.149
              60          -28.32            9.86
              61            5.33           10.52
              62           43.02           9.633
              63            25.9            9.44
              64          -44.03           10.15
              65          -15.46           9.533
              66           16.45           13.75
              67          0.0944           10.37
              68             -48           9.796
              69          -10.61           9.136
              70           29.89           12.33
              71           10.36           9.444
              72          -31.32           9.942
              73          -6.772           9.273
              74           31.07           11.36
              75           25.88           9.343
              76          -22.31            9.75
              77           7.443           9.125
              78           41.15           11.42
              79           41.35           10.35
              80          -33.64           10.72
              81          -13.23           9.882
              82           14.91           10.92
              83           17.87           9.235
              84          -33.73           10.14
              85          -6.874            9.74
              86           28.48           9.317
              87           15.04           8.979
              88          -33.66           9.864
              89           6.212           10.04
              90           38.78            9.36
              91           20.52           9.255
              92          -30.22           9.881
              93           17.85           10.84
              94           54.13           9.317
              95           43.95           9.626
              96          -32.11           9.856
              97          -4.192           9.221
              98           21.55           13.24
              99          -8.106           10.17
             100          -51.98           9.837
             101          -9.846           9.309
             102           19.54           11.55
             103            4.79           9.117
             104          -25.05           9.633
             105           9.026           9.831
             106           56.79           11.63
             107           27.67           9.795
             108           -49.1           9.632
             109            6.73           9.749
             110           66.01           12.03
             111           52.22           10.32
             112           -41.6           10.38
             113          -17.81           9.868
             114           25.77            10.6
             115           6.464           8.898
             116          -37.26           9.787
             117          -14.95           9.324
             118           11.51           8.925
             119            5.03           8.657
             120          -43.17            9.68
             121          -5.022            9.55
             122           45.91           9.288
             123           46.34           9.315
             124          -29.92           10.09
             125            16.7           11.98
             126           71.19           9.688
             127          -108.8            9.14
APV              147              20              26               1
               0           42.07           45.82
               1          -12.19           35.09
               2           7.977           21.92
               3          -84.11           17.23
               4          -103.7           11.49
               5          -47.86            9.85
               6          -3.994           12.99
               7          -5.754           9.428
               8          -53.26           9.723
               9          -31.58           9.554
              10           24.57           11.15
              11           13.92           9.314
              12          -31.54            9.91
              13           5.694           8.966
              14           36.45           10.83
              15            22.9           9.664
              16          -14.82           9.916
              17          -19.52           10.79
              18           10.69           14.25
              19           -2.17           8.821
              20          -51.33           9.797
              21          -35.41            9.99
              22           8.519            9.58
              23           13.85            8.72
              24           -32.6           9.573
              25           -14.7           9.869
              26           31.21           9.405
              27           16.24           8.939
              28          -28.69           9.548
              29           5.381           10.02
              30           47.22           9.265
              31           37.37           9.188
              32          -16.99           9.955
              33           -12.3           9.335
              34           7.781           10.97
              35          0.9318           10.34
              36           -50.9           9.906
              37          -2.465           8.941
              38           31.88           11.15
              39           22.14           9.499
              40          -8.759             9.7
              41           13.16           9.323
              42           36.13           11.86
              43           18.62           9.438
              44          -30.86           10.04
              45           15.05           9.628
              46           35.77           10.41
              47           17.51            9.69
              48          -44.81           10.18
              49          -38.71           10.33
              50           5.681           11.75
              51          -7.216           8.717
              52          -51.04           9.756
              53          -10.18           9.746
              54           20.93           9.688
              55           11.16           8.719
              56          -30.62           9.563
              57           1.853           9.631
              58           38.63           9.325
              59           8.529             8.8
              60          -37.13           9.762
              61           4.734           10.29
              62           40.98           9.131
              63           28.65           9.229
              64          -36.29           10.11
              65          -13.65           9.147
              66           14.04           13.76
              67            15.7           10.71
              68          -39.44            9.78
              69          -10.97           8.887
              70           27.57           12.28
              71           4.749           9.209
              72          -30.08           9.825
              73         -0.5252           8.986
              74           36.54           11.39
              75           16.36           9.369
              76          -37.66           9.636
              77           3.309           8.895
              78            50.7           11.23
              79            27.2           10.08
              80          -22.69           9.883
              81          -9.767           9.374
              82           7.122           10.49
              83           15.28           8.869
              84          -29.91           9.836
              85          -12.88           9.491
              86           40.06           9.134
              87           13.82           8.826
              88          -40.97           9.611
              89           1.105           9.741
              90           26.59           9.377
              91           2.111           8.658
              92          -50.53           9.733
              93          -2.229           10.61
              94           48.75            9.19
              95           47.23           9.656
              96          -23.53           9.836
              97          -4.705           9.169
              98           38.32           13.34
              99           14.35           10.44
             100          -34.07           9.442
             101          -10.75           9.035
             102            22.8            11.6
             103           11.27           9.049
             104          -53.32           9.572
             105           1.539           9.407
             106           36.49           11.46
             107           14.53           9.424
             108           -30.1            9.44
             109           13.44            9.75
             110           57.45           12.11
             111           49.97           10.18
             112          -39.74           10.04
             113          -17.65           9.644
             114           20.35           10.57
             115           10.96           8.877
             116          -44.65           9.331
             117          -7.066           9.157
             118           27.32           9.094
             119           19.15           8.884
             120          -46.21           9.462
             121          -3.729           9.535
             122           46.78           9.109
             123           13.81           8.985
             124          -38.91           10.21
             125           19.05           11.67
             126           71.39           9.551
             127          -101.3           9.113
APV              147              19              25               0
               0             102           52.58
               1          -52.36           43.13
               2          -42.12           24.81
               3          -41.01           19.88
               4          -92.57           13.06
               5          -67.93           11.74
               6           -13.9           12.62
               7           66.39           11.55
               8          -49.69           11.21
               9          -28.05           11.67
              10           24.78            11.6
              11             105           11.95
              12          -28.72           11.41
              13          -25.24            11.7
              14           31.06           11.64
              15            89.5           11.74
              16          -20.81           11.56
              17          -32.68           11.21
              18          -28.04           13.18
              19           36.86           11.34
              20          -69.45           11.19
              21          -53.88           10.99
              22          -22.85           11.16
              23           63.13           10.88
              24          -45.24           11.53
              25          -44.71           11.67
              26           27.41           11.22
              27           100.7           11.67
              28          -51.43           11.18
              29          -57.78           11.34
              30              46           11.06
              31           78.34           11.27
              32            -1.5           11.41
              33          -42.67           11.55
              34          -4.948           11.47
              35           48.95            11.5
              36          -54.95           11.68
              37          -65.73           11.35
              38           5.101           11.41
              39           82.82           11.28
              40           -51.2           11.72
              41          -31.15           12.08
              42           38.93            12.1
              43           107.3           11.71
              44          -22.82           11.73
              45          -12.49           12.12
              46           46.68           11.41
              47             102           12.16
              48          -53.31           11.49
              49          -47.66           11.26
              50          -18.88           12.27
              51           42.63           10.96
              52          -50.93           11.24
              53           -52.9           10.74
              54           5.264           10.86
              55           85.85           10.82
              56          -45.42           11.16
              57          -18.98           11.18
              58           28.42           11.08
              59           94.12           11.54
              60          -46.18           10.83
              61          -45.03           12.07
              62           48.94           10.82
              63           101.3           11.64
              64          -33.88           11.87
              65          -33.47           11.21
              66           15.18           12.65
              67            64.8           11.59
              68          -57.78           11.08
              69          -42.42           11.01
              70           9.661           11.85
              71           97.92           11.68
              72          -39.24            11.1
              73          -8.638           10.96
              74           49.01           11.48
              75           99.41           11.58
              76          -54.24           10.99
              77          -9.493           10.66
              78           58.66           11.38
              79           117.7           11.77
              80          -39.09            11.6
              81          -45.23           11.03
              82          -14.24           11.23
              83           34.89           10.96
              84          -57.95           11.41
              85          -41.36           10.85
              86          0.9518           10.21
              87           70.31           10.83
              88          -42.07           11.36
              89          -30.99           11.07
              90           37.77           10.78
              91             109           11.73
              92          -38.92           10.76
              93          -26.01           11.18
              94           53.26           10.71
              95           123.6           11.62
              96          -42.97           11.35
              97          -40.62           11.25
              98           17.42           12.39
              99           63.02           11.67
             100          -45.27           11.24
             101          -37.35           11.16
             102           26.52           11.79
             103           95.46           11.35
             104          -47.31           11.23
             105          -7.059           11.22
             106              31           11.62
             107             105            11.9
             108          -52.15           11.03
             109          -19.63           11.07
             110           43.42           11.63
             111             130           11.98
             112          -72.33           11.66
             113          -34.12           10.88
             114           5.782           10.76
             115           34.48           10.75
             116          -47.98           11.23
             117          -27.39           10.55
             118          -3.695           10.28
             119           96.18           10.81
             120          -47.89           11.13
             121          -24.94           10.83
             122           28.11           10.52
             123           74.41           11.54
             124          -50.25           10.67
             125          -22.09           11.62
             126           61.37           10.71
             127           136.5           12.42
APV              147              19              25               1
               0           72.92              54
               1          -28.56            45.4
               2          -20.84           25.23
               3          -26.38           20.77
               4          -116.2           13.48
               5          -55.66           11.72
               6           4.897           12.35
               7           28.23           11.81
               8          -69.18           11.69
               9          -15.07           11.35
              10           14.66           11.62
              11            49.3           11.68
              12          -52.42            11.9
              13          -1.361           11.08
              14           18.59           11.59
              15           58.89           12.16
              16           -29.5           11.92
              17          -22.58           11.25
              18          -20.27           13.33
              19           22.06           11.07
              20          -55.46           11.83
              21          -35.14           11.24
              22           1.583           10.75
              23           40.35           11.16
              24          -37.04           11.84
              25          -15.45           11.15
              26          -1.899           10.85
              27           27.27           11.46
              28          -31.87           11.22
              29          -17.65           11.08
              30           34.39           11.04
              31           44.12            11.7
              32          -29.18           11.79
              33          -28.85            12.1
              34           4.535           11.37
              35           28.59            11.7
              36          -33.74           11.69
              37          -9.914           11.12
              38          -4.794           11.35
              39           20.76           11.67
              40           -25.7           12.19
              41           4.249           11.31
              42           22.16           12.15
              43           67.21           12.14
              44          -33.53           11.84
              45          -8.399           11.55
              46            31.6           11.37
              47           61.77           12.13
              48           -31.1           11.67
              49           -9.68           11.14
              50          -22.49           12.05
              51           29.71           11.11
              52           -56.6           11.23
              53          -25.24            10.9
              54          0.6346           10.85
              55           22.27           11.21
              56          -45.23           11.51
              57          -22.23           11.01
              58          -4.218           10.82
              59           38.78           11.44
              60           -18.1           10.87
              61          -6.465           11.04
              62           26.53           10.82
              63           64.33           11.86
              64          -40.97            11.9
              65          -32.85           11.37
              66           9.488           12.18
              67           18.27           11.64
              68          -61.61           11.58
              69          -9.255           10.79
              70           10.72           11.63
              71            34.2           11.43
              72          -45.41           11.59
              73          0.0686           11.03
              74           12.26           11.47
              75           43.01           11.88
              76           -49.8           11.62
              77           10.59           11.11
              78           29.22            11.1
              79           47.56           12.06
              80          -37.97           11.83
              81          -2.083           10.62
              82           12.56           11.14
              83            43.2           11.21
              84          -35.96           11.95
              85          -20.07            10.9
              86           8.982           10.54
              87           23.56           10.89
              88          -53.22           11.45
              89          -18.94           11.06
              90           2.323            10.3
              91           46.78            11.6
              92          -11.07           10.99
              93         -0.6948           10.94
              94           22.55            10.5
              95           43.18           11.89
              96          -19.24           11.69
              97          -13.28           11.49
              98           0.501            11.7
              99           35.29            12.1
             100          -30.27           11.78
             101          -24.31           11.18
             102           6.708           11.46
             103           38.51           11.52
             104           -27.1           11.88
             105          -7.942           11.37
             106           27.84           11.94
             107           47.27           11.96
             108          -26.23           11.43
             109          -4.716           11.03
             110           18.62           11.16
             111           86.64           14.74
             112          -27.35           11.68
             113          -13.59           11.18
             114           10.58           11.29
             115           26.92           11.11
             116           -40.8           11.52
             117          -15.55           10.68
             118           17.65            10.6
             119            27.1           11.13
             120           -14.1           11.11
             121          -22.14           11.18
             122           34.54           10.94
             123           55.35           11.86
             124          -6.899           10.81
             125           1.962           11.24
             126            27.2           10.77
             127           91.35           12.44
APV              147              19              25               2
               0           52.42           49.17
               1          -55.56           40.04
               2          -18.56            22.8
               3          -31.89           18.66
               4          -100.5           12.54
               5          -57.14           10.82
               6          -18.37           12.27
               7              34           11.15
               8          -58.77           10.93
               9          -35.47           10.73
              10           22.61           10.99
              11           45.33           11.18
              12          -36.59           10.94
              13          -22.79           10.39
              14           31.57           10.99
              15           84.47            11.2
              16          -40.12           10.89
              17          -47.86           10.41
              18           1.786           11.81
              19           36.21           10.29
              20          -52.34            10.8
              21          -33.43           10.03
              22           12.15           10.17
              23           54.53            10.3
              24          -29.74           10.51
              25           -28.7            10.2
              26           16.52           10.05
              27           62.69           10.62
              28          -27.93           10.17
              29          -19.35           10.32
              30           38.43           10.24
              31           90.32           10.85
              32          -30.65           11.25
              33          -19.28           10.97
              34         -0.6864           10.83
              35           42.41           11.55
              36          -56.28           10.83
              37          -37.67           10.48
              38           19.17           11.09
              39           31.71           11.15
              40          -34.51           11.34
              41          -14.45           10.66
              42           36.84           11.48
              43           54.39           11.23
              44          -44.42           10.82
              45          -27.18              11
              46           46.29           10.73
              47           82.17           11.36
              48          -51.29           10.94
              49          -23.76           10.07
              50          -12.28           11.16
              51           53.24           10.41
              52          -51.63           10.35
              53          -20.76           9.782
              54           7.474           9.783
              55           30.55           10.41
              56          -36.33           10.29
              57          -40.04           10.16
              58           26.05           10.41
              59           67.52           10.72
              60          -27.49           9.741
              61          -15.26           10.37
              62           38.48           9.971
              63           113.7           11.27
              64          -25.59            11.1
              65          -39.26           10.52
              66           11.55           11.92
              67           26.65           11.14
              68           -45.1           10.74
              69          -53.19           10.06
              70           7.631           11.02
              71           56.75           11.07
              72          -38.14           10.67
              73          -31.06           10.24
              74           40.27           11.09
              75           89.72           11.16
              76          -22.19           10.43
              77          -21.18           10.12
              78           50.25           10.86
              79           104.7           11.46
              80          -41.03           11.05
              81          -34.76           10.31
              82          0.1188           10.31
              83           51.99           10.24
              84          -29.55           10.88
              85          -32.37            10.1
              86           9.681           9.748
              87           50.53           10.13
              88          -45.17           10.42
              89          -26.44           10.15
              90           41.75           9.831
              91           72.35           10.64
              92          -11.66           9.805
              93          -16.34           10.13
              94           49.65           9.897
              95           121.4           11.13
              96          -41.21           10.87
              97          -29.59           10.39
              98           -17.5            11.7
              99           41.74           11.44
             100          -48.38           10.96
             101          -53.04           10.36
             102           28.82           11.23
             103           53.88           10.93
             104           -32.4           10.86
             105          -22.82           10.81
             106           44.99           11.37
             107           92.66           11.42
             108          -30.76           10.35
             109          -34.99           10.42
             110           51.71              11
             111           106.7           11.62
             112          -40.35           10.71
             113          -39.69           10.25
             114           11.21           10.21
             115           63.38           10.38
             116          -27.48           10.44
             117           -38.7           9.755
             118          -4.503            9.55
             119           56.98           10.14
             120          -42.41           10.25
             121          -33.19           10.07
             122            55.5           10.09
             123           78.39           10.88
             124          -32.61            9.89
             125          -19.03           10.42
             126           34.26           9.968
             127           100.6           11.78
APV              147              18              24               0
               0            75.2           50.89
               1          -8.815              42
               2          -11.72           24.01
               3          -57.54            19.4
               4          -97.12           13.02
               5          -59.48           11.58
               6          -6.158           11.99
               7           22.91           10.99
               8          -40.86           10.93
               9          -18.11           11.27
              10           9.609           11.07
              11           32.51            11.4
              12          -31.35           11.21
              13          -9.321           10.52
              14           24.77           10.94
              15           56.48           11.59
              16           -39.2           11.48
              17          -30.33           10.71
              18           -1.51            12.6
              19           6.139           10.01
              20          -20.57           10.99
              21          -25.71           10.68
              22          -0.471           9.959
              23           35.17           10.27
              24          -43.93           10.86
              25          -24.28           10.54
              26           17.75           10.33
              27           45.82           11.08
              28          -42.88            10.6
              29          -25.18           10.65
              30           3.714           9.971
              31           65.45           11.02
              32          -20.49            11.4
              33           3.569           11.11
              34           7.024           10.98
              35           23.96           11.23
              36          -32.54           11.17
              37          -32.54           11.18
              38          -6.905           10.76
              39           20.71           11.14
              40           -49.9           11.74
              41          -5.446           10.79
              42           6.276           11.25
              43           34.43           11.64
              44          -41.26           11.35
              45          -15.46           11.25
              46           30.12           11.02
              47           69.16           11.86
              48          -22.34           11.02
              49          -21.51           10.63
              50           3.911           11.23
              51           20.37           10.33
              52           -38.3           10.87
              53          -18.73            10.4
              54           -2.68           9.861
              55           52.65           10.46
              56          -31.92           10.97
              57          -5.843           10.24
              58             6.9           10.28
              59           32.99           11.01
              60          -32.12           10.45
              61          -18.83            10.9
              62           30.86           10.16
              63           82.69           11.47
              64           -38.9           11.39
              65          -15.12           10.51
              66           27.92           11.93
              67           22.68           11.04
              68           -31.9           11.07
              69          -19.87           10.51
              70           12.37           11.07
              71           25.57           10.69
              72           -44.2           11.43
              73          -1.948           10.32
              74           1.035           10.64
              75           63.61           11.11
              76           -44.2           11.05
              77           11.57            10.3
              78           34.05           9.614
              79           88.03           11.53
              80          -37.84           11.39
              81          -3.076           10.25
              82           9.517           10.51
              83           28.21           10.38
              84          -28.08           11.33
              85          -19.11           10.45
              86           -5.03           9.901
              87           43.62           10.46
              88          -43.04           11.03
              89           0.381           10.37
              90           16.91           9.967
              91            58.1           11.25
              92          -27.33           10.16
              93           4.272           10.39
              94            20.6           10.02
              95           67.82           11.18
              96          -62.91           11.36
              97          -36.25           10.84
              98           17.24           11.37
              99           6.877           10.94
             100          -44.55           11.32
             101          -9.309           10.62
             102           38.39            11.3
             103           33.12           11.02
             104          -37.13           11.15
             105          -1.716           10.76
             106           4.766           10.69
             107           49.17           11.36
             108          -31.13           10.84
             109          -4.726            10.6
             110           40.05           10.77
             111           85.54            11.7
             112          -28.27           11.32
             113          -10.78           10.13
             114           19.54           10.61
             115           3.767           10.03
             116          -62.39           10.72
             117           -9.86           10.14
             118           21.32              10
             119           47.24           10.41
             120          -22.51           10.89
             121         -0.6678           10.07
             122           19.07           10.13
             123           74.55           10.94
             124          -23.99           10.28
             125          0.0182           10.55
             126           23.16           9.812
             127           68.09           11.54
APV              147              18              24               1
               0          -6.228           47.77
               1          -39.96           39.53
               2           -38.1           22.66
               3          -22.71           18.34
               4          -92.34           12.32
               5          -61.75           10.82
               6          -9.181           11.89
               7           38.98           8.152
               8          -32.44           10.57
               9          -26.03           10.69
              10           28.68           10.91
              11           73.87           11.17
              12          -37.37           10.66
              13          -39.39           10.57
              14           49.89           11.37
              15           71.11           10.99
              16          -76.84           10.66
              17          -41.17           10.22
              18          -40.16           11.79
              19           57.53            10.4
              20          -30.31           10.57
              21           -46.4           10.04
              22           9.164           10.09
              23              64           11.66
              24          -45.09           10.57
              25          -27.79           10.36
              26           22.85           10.15
              27           65.67           10.82
              28          -50.57           10.02
              29          -30.88           10.33
              30            65.6           13.22
              31           82.95           10.72
              32          -41.25           11.05
              33           -27.6           10.86
              34           -8.66           10.92
              35           57.22           11.13
              36          -28.15           10.86
              37          -34.12           10.62
              38           20.85            10.9
              39           69.96           10.55
              40          -37.66           10.98
              41          -25.26           10.82
              42           26.74           11.56
              43           82.79           11.52
              44          -61.47            10.6
              45          -37.92           10.86
              46            35.3            11.3
              47           96.34           11.55
              48          -51.75           10.86
              49          -59.79           10.16
              50          -20.27           10.71
              51           52.26           11.77
              52          -50.96            10.6
              53           -31.6            10.1
              54           6.315           9.663
              55           75.57           10.19
              56          -30.85           10.31
              57          -51.43           10.03
              58           15.62           10.07
              59           90.66           10.88
              60          -33.89           9.907
              61          -30.89           10.39
              62           42.95           10.08
              63           68.85           11.98
              64          -37.51           10.92
              65          -26.09           10.21
              66           9.908           11.77
              67           75.01           11.07
              68          -35.74           10.49
              69          -32.85           10.32
              70            8.81           11.24
              71           44.83           10.75
              72          -18.77           10.46
              73          -16.36           10.18
              74           47.17           11.14
              75           77.67              11
              76          -25.41           10.21
              77           -29.2           10.05
              78           43.13           10.67
              79           105.6           11.46
              80          -38.26            10.8
              81          -41.18           10.15
              82          -1.333           9.974
              83           60.43           10.21
              84          -43.48           10.58
              85           -37.3           9.892
              86           13.67           9.568
              87           61.59            10.2
              88          -38.57           10.38
              89          -14.72           10.15
              90           18.82           9.832
              91           61.94           10.82
              92           -53.2           10.09
              93          -28.67           10.29
              94            56.5           9.883
              95           73.17           11.01
              96          -30.52           10.82
              97          -45.23           10.26
              98            5.36           11.73
              99           71.88           11.04
             100          -36.66           10.64
             101          -41.47           10.33
             102           33.63           12.67
             103           62.54            10.6
             104          -45.93           10.43
             105          -26.78           10.81
             106           42.38           11.36
             107           81.99           11.48
             108          -21.81           10.12
             109          -15.44           10.26
             110           59.05           10.78
             111           71.59           12.42
             112          -51.57           10.62
             113          -39.58           10.01
             114           8.632           10.12
             115           49.43           10.08
             116          -24.77           10.19
             117          -40.87            9.62
             118           7.182           9.529
             119           83.94           10.08
             120          -33.06           10.11
             121          -44.97              10
             122           35.82              10
             123           86.56           10.96
             124          -25.01           9.885
             125          -48.24           10.57
             126           58.22            9.93
             127           68.66           22.63
APV              147              18              24               2
               0           141.6           48.92
               1           1.116            39.3
               2          -24.38           23.22
               3          -92.79           18.91
               4          -60.72           13.32
               5          -39.07           11.62
               6          -23.75           12.52
               7          -9.864           11.22
               8          -9.578           10.66
               9          -11.16           10.93
              10          -11.34           11.05
              11           9.572           11.07
              12          -2.517           10.88
              13          -27.06           11.04
              14          -2.418           10.75
              15           25.97           11.36
              16           40.75           11.68
              17           -17.6           10.88
              18           3.546            12.7
              19            -1.9           10.42
              20           -4.46           10.91
              21          -16.66            10.4
              22          -9.292           10.44
              23             -18           10.37
              24          -10.23           11.01
              25          -11.38           10.57
              26          -4.205           10.18
              27           19.54           10.82
              28          -12.89           10.26
              29          -13.63           10.66
              30           -14.3           10.34
              31           39.73           10.54
              32           40.81           11.75
              33           10.37           11.44
              34          -3.288           11.54
              35          0.7392            10.9
              36            12.6           11.22
              37          -9.204           10.95
              38             -21            11.4
              39           3.801           11.02
              40           4.454           11.58
              41           5.757           11.08
              42          -2.118           11.34
              43           10.26           11.17
              44          -17.83           11.21
              45          -4.624           10.86
              46          -15.46            11.2
              47           28.37           11.35
              48           27.96           11.27
              49           -13.8           10.43
              50          -2.738           11.44
              51          -1.704           10.06
              52           -5.18           10.64
              53          -31.85           10.53
              54          -6.829           10.32
              55         -0.4162           9.889
              56          -1.134           10.56
              57          -23.85           10.62
              58           9.386           10.21
              59           23.76           11.03
              60          -2.035           10.33
              61          -10.64           10.92
              62           7.062           9.976
              63           26.36           11.01
              64           30.07           11.84
              65          -10.21           10.68
              66           1.276           12.37
              67          -1.068           11.06
              68            4.01           11.03
              69           2.926            10.6
              70          -16.33           11.91
              71           2.132           10.87
              72            6.83           10.92
              73           5.369           10.63
              74           5.639           11.18
              75           14.22           10.88
              76          -13.34           10.74
              77          -7.995           10.37
              78          -1.632           10.77
              79           52.04           11.52
              80           24.79           11.52
              81          -1.469           10.35
              82           2.666           10.79
              83          -15.71           10.24
              84            9.96           11.39
              85          -16.42           10.52
              86           6.094           9.969
              87           11.81           10.28
              88          -15.39           10.77
              89          -16.93           10.88
              90          -8.176           10.04
              91           37.41           11.03
              92           15.69           10.47
              93            -4.2           10.47
              94           5.978           9.951
              95           65.43            11.2
              96           13.08           11.27
              97          -23.67           11.15
              98           2.687           12.23
              99          -8.962           11.18
             100            10.2           10.91
             101          -15.96           10.64
             102          -5.358           11.23
             103           5.045           10.81
             104          -10.05           11.02
             105          -14.69           11.05
             106          0.3656           11.16
             107           29.39           11.39
             108          -5.038           10.74
             109           14.28            10.8
             110           -1.68           10.98
             111           76.84           11.41
             112           12.04           11.46
             113           -9.08           10.52
             114          -11.94              11
             115          -8.829           10.22
             116          0.8088           10.55
             117         -0.6692           10.01
             118           4.468           10.05
             119           15.43            10.4
             120          -10.41           10.69
             121           1.036           10.53
             122            0.86           9.814
             123           32.87           10.89
             124          -4.275           10.31
             125          -10.68           10.93
             126           4.538           10.17
             127           51.18           11.54
APV              147              17              23               0
               0           54.81            49.6
               1          -6.629           41.21
               2          -20.46           23.34
               3          -49.34           19.01
               4          -112.4           12.35
               5          -27.35           10.99
               6          -23.22           12.11
               7           7.519           10.46
               8          -43.53           10.46
               9          -3.309           10.07
              10           6.032           10.42
              11           27.57           10.82
              12          -19.43           10.68
              13          -32.63            10.2
              14           7.351           10.06
              15           25.03           11.62
              16          -42.34           10.64
              17          -32.08           10.31
              18          -35.96           11.92
              19            26.7           9.994
              20          -36.23           10.46
              21          -10.04           9.622
              22          -4.425           9.524
              23           37.23           10.12
              24          -33.77           10.61
              25          0.8036           9.667
              26           7.751           9.712
              27            43.9           10.45
              28          -19.51           10.01
              29          -20.41           10.03
              30           28.58           9.801
              31            42.6           10.34
              32          -21.84           10.83
              33          0.1428           10.47
              34           7.319           10.56
              35           15.08           10.57
              36           -35.7           10.42
              37          -11.59           10.22
              38           4.116           10.48
              39           36.67           10.83
              40          -41.45           11.37
              41          -22.84            10.6
              42           19.08            11.1
              43           43.92           11.06
              44           -23.1           10.66
              45          -6.624           10.51
              46           1.987           10.18
              47           50.71           11.27
              48          -40.86           10.61
              49           -3.09           9.867
              50           2.475           10.65
              51           11.11           9.733
              52          -39.94           10.31
              53          -5.868           9.589
              54            9.94           9.894
              55           16.52           9.784
              56          -36.66           10.23
              57          -18.86           9.913
              58           12.53           9.917
              59           36.15           10.68
              60           -37.8           9.945
              61          -5.247           9.837
              62           25.84           9.851
              63            60.9           10.37
              64          -39.09           10.75
              65           12.45           10.32
              66            25.7           11.74
              67           24.77           10.63
              68          -35.15           10.51
              69          -10.46           9.973
              70           -2.74           10.97
              71           34.19           10.53
              72          -32.09           10.62
              73          -11.33            9.84
              74           14.56           10.73
              75           38.16           10.57
              76          -1.147           9.969
              77          -11.49           9.823
              78           32.12           10.44
              79           55.18            10.8
              80           -45.7           10.77
              81          -8.419           9.967
              82           1.707           9.813
              83           25.19           9.984
              84          -46.49           10.52
              85          -17.72           9.842
              86           17.03           9.632
              87            20.6           9.896
              88          -27.59           10.42
              89          -14.19           9.915
              90           24.97           9.699
              91           22.05           10.52
              92          -18.12           9.911
              93          -12.96           10.07
              94           15.84           9.566
              95           56.94           10.58
              96          -53.78           10.61
              97          -36.53           10.52
              98         -0.3402           11.43
              99           38.73           11.05
             100          -33.16           10.46
             101           11.49            9.96
             102           14.26           10.85
             103           39.15           10.57
             104          -26.18           10.36
             105          -3.397           10.12
             106           35.36           10.73
             107           26.74           10.59
             108          -17.84           10.41
             109         -0.3274           10.02
             110           32.32           10.76
             111           55.37           11.06
             112          -57.63           10.56
             113          -23.03           10.15
             114          -0.073           9.954
             115           21.74           10.05
             116          -38.53           10.19
             117          -3.478           9.298
             118           -0.54            9.33
             119           49.69              10
             120          -24.81           10.35
             121          -10.14           9.746
             122           29.13           9.576
             123           25.24           10.38
             124          -18.08           9.595
             125           7.169           10.06
             126           48.91           9.767
             127           44.17           10.79
APV              147              17              23               1
               0           54.32           52.19
               1          -25.53           43.23
               2          -10.85           24.03
               3          -33.22           19.61
               4          -147.2           13.02
               5          -51.29           11.33
               6          -21.53           11.72
               7           31.88           11.03
               8          -55.72           10.92
               9          -13.91           10.64
              10          0.1942           10.68
              11           42.34           11.02
              12          -40.37           11.09
              13          -17.16           10.72
              14           38.69           10.94
              15           78.11           11.46
              16          -34.36           11.29
              17          -62.91           10.58
              18          -12.17            11.9
              19           37.26           10.51
              20          -64.56           11.06
              21          -27.83            10.4
              22          -1.509           10.05
              23           45.72           10.16
              24          -68.24           11.04
              25          -32.15           10.52
              26          -8.567           10.25
              27           71.95           11.26
              28          -28.65           10.45
              29          -28.33           10.77
              30           25.98           10.15
              31           61.56           11.14
              32          -63.09           11.56
              33          -56.07           11.21
              34           17.71           11.01
              35           62.66           11.29
              36           -73.2           11.18
              37          -25.78           10.78
              38           42.27              11
              39           63.59           11.17
              40          -61.79           11.53
              41          -18.01           11.23
              42           16.24           11.35
              43           74.67           11.64
              44          -59.26           11.01
              45          -11.04            11.3
              46            46.5           10.73
              47           118.6           11.84
              48          -65.28           11.16
              49           -32.4           10.68
              50          -11.52           11.04
              51           38.02           10.51
              52          -77.22            10.8
              53          -46.85           10.23
              54          -20.33            10.4
              55           33.66           10.39
              56             -83           10.82
              57          -16.52           10.52
              58           33.23           10.54
              59           65.33           11.31
              60          -48.51           10.38
              61          -18.41           10.92
              62           65.76           10.29
              63           102.4           11.58
              64           -64.3           11.39
              65          -19.64           10.78
              66           8.511           11.14
              67           81.06           11.18
              68          -67.21           11.14
              69          -17.21           10.64
              70           16.08           11.14
              71           49.99           10.98
              72           -64.1            10.9
              73           9.916           10.62
              74           15.03           10.76
              75           65.23           11.31
              76          -39.01           10.62
              77           9.733            10.2
              78           45.85           10.68
              79           115.5           11.69
              80          -57.68           11.27
              81          -34.67           10.58
              82          -15.91           10.35
              83           55.65           10.21
              84          -51.49           11.19
              85          -39.17           10.43
              86          -14.36           10.08
              87           64.28           10.32
              88          -50.74           10.84
              89          -11.31           10.16
              90           36.08           10.23
              91            70.9           11.14
              92           -50.8           10.25
              93           22.23           10.73
              94           26.65           9.986
              95            78.2           11.33
              96          -77.38           11.13
              97          -33.14            10.7
              98           10.63           11.41
              99           42.79           11.19
             100          -61.93           10.97
             101          -36.01            10.5
             102           23.15           10.98
             103           86.54           11.03
             104          -25.48           11.14
             105            10.4           10.94
             106           47.25           11.36
             107            87.9           11.52
             108          -46.06           10.61
             109           16.22           10.86
             110            50.1           10.77
             111           127.1           11.94
             112          -65.62           10.96
             113          -29.45           10.43
             114            1.87           10.21
             115           62.45           10.49
             116           -56.7           10.72
             117          -2.694           9.753
             118           17.55           10.02
             119           61.55           10.55
             120          -60.91           10.74
             121           2.704           9.848
             122           51.25           10.25
             123           84.67           10.99
             124          -52.45           10.15
             125         -0.2684           10.48
             126           24.43           9.969
             127           113.9           11.84
APV              147              17              23               2
               0            96.4           48.23
               1          -24.85           39.66
               2          -23.01           23.44
               3          -52.73           19.48
               4          -130.2           14.06
               5          -56.63           11.97
               6           -27.4           13.56
               7           6.425           11.77
               8          -41.57           11.69
               9          -9.092           11.18
              10          -5.847           11.85
              11           25.28           12.28
              12          -44.45            11.8
              13          -11.06           11.23
              14           28.09           12.02
              15           37.52           11.78
              16          -7.831           11.41
              17          -20.94           11.25
              18         -0.2074           13.81
              19           21.28           11.07
              20          -58.54           12.13
              21          -18.92           10.91
              22           17.78           11.14
              23           46.66           11.17
              24          -28.15           11.51
              25          0.1236           10.71
              26           7.816           10.62
              27           21.13           11.27
              28          -49.42           11.03
              29          -16.43           11.28
              30           9.983           10.31
              31           53.02           11.26
              32           -30.4           12.65
              33          -23.01            12.3
              34           6.634            11.9
              35           21.71           12.43
              36          -41.44           12.27
              37          -8.268           11.29
              38           6.269            11.7
              39           29.57           12.37
              40          -32.95            12.8
              41          -3.159           11.53
              42           2.532           12.46
              43           45.99           12.39
              44          -30.96           11.88
              45           10.05           11.85
              46           18.72           11.99
              47           53.96           11.96
              48          -32.01           11.68
              49          -9.695           10.64
              50         -0.8114           12.28
              51           5.205           10.59
              52          -49.79           11.34
              53           1.497           10.68
              54          -1.825           10.62
              55           28.66           10.86
              56          -40.87           11.04
              57          -19.18           11.09
              58           9.324           10.89
              59           50.37           11.39
              60          -27.02           10.93
              61          0.5922           11.27
              62           20.27           10.49
              63           57.58           11.59
              64          -22.99           13.14
              65          -32.28           12.04
              66          -5.244           12.85
              67           13.43           11.69
              68          -39.99           12.38
              69           -17.9           11.06
              70          -3.715           12.11
              71           30.08           11.66
              72          -44.97           11.85
              73           14.02           11.29
              74           26.96           11.77
              75           42.42           11.73
              76          -35.77            11.8
              77           8.941           10.85
              78           19.08           11.25
              79           68.34           12.07
              80          -31.01           12.23
              81          -24.18           11.22
              82           4.761           11.31
              83           29.08           10.83
              84          -34.87           12.03
              85          -17.52           10.94
              86           23.49           10.68
              87           32.69           10.65
              88          -37.46           11.12
              89          -26.07            11.4
              90           24.45            10.5
              91           41.76           11.22
              92          -56.34           10.92
              93          -11.34           11.53
              94           29.34           10.41
              95           72.69           11.77
              96           -45.8           12.01
              97          -32.77           11.87
              98           4.767           12.97
              99           19.41           12.12
             100          -35.39           12.21
             101           -15.3           11.33
             102           10.16           11.98
             103           24.11           11.61
             104          -30.52            11.4
             105         -0.0572           11.55
             106           33.37           12.13
             107            65.1           11.84
             108          -8.266           11.32
             109           35.85           11.79
             110           36.51           11.87
             111           79.64           12.03
             112          -31.28           11.97
             113          -13.13           10.92
             114           10.19           11.25
             115           13.79           10.61
             116          -39.44           11.44
             117          -10.68           10.52
             118           14.16           10.38
             119           49.42           10.93
             120          -35.82           11.12
             121           2.982           10.98
             122           31.14           10.54
             123           27.06            11.3
             124          -32.17           10.86
             125          -9.992           12.13
             126           31.34           10.29
             127           83.43           12.93
APV              147              16              22               0
               0           44.54           45.12
               1          -15.92            30.4
               2           6.141           20.47
               3          -72.75           15.38
               4          -105.7           12.23
               5          -41.86           11.31
               6          -1.034           11.82
               7           17.83           11.43
               8          -45.11           11.05
               9          -10.42           11.09
              10           20.83           11.35
              11           43.44           11.61
              12          -48.07           11.32
              13           6.756           10.78
              14           7.359           11.04
              15           61.63           11.52
              16           -51.1           11.28
              17          -31.34           10.85
              18           7.159           12.02
              19           19.68           10.75
              20          -87.96            11.1
              21          -32.55           10.77
              22          -3.295           10.17
              23           14.16           10.58
              24          -77.49           11.08
              25          0.4574           10.61
              26           15.07           10.57
              27           36.13           11.24
              28          -66.93           10.74
              29          -4.098           10.56
              30           27.41           10.55
              31           43.77            11.1
              32          -45.15           11.56
              33             -29           11.46
              34           0.847           10.71
              35           32.88           11.77
              36          -75.83           11.23
              37          -32.89           11.06
              38           1.144           10.71
              39           16.66           11.25
              40          -54.72           11.61
              41          -1.811           11.06
              42           38.34           11.87
              43           34.57           11.87
              44          -32.62           11.47
              45          -32.42           11.48
              46           14.23            10.9
              47           71.49           11.95
              48           -66.6           11.35
              49          -21.72           10.88
              50           5.828              11
              51           32.03           10.69
              52          -48.89           10.75
              53          -35.69            10.6
              54           5.409           10.36
              55           25.43           10.58
              56          -53.05           11.04
              57          -20.47           10.66
              58           5.831            10.3
              59           70.35           11.11
              60          -59.68           10.43
              61          -10.21           10.95
              62           26.31           10.47
              63           57.76           11.48
              64          -53.54           11.41
              65          -21.78           10.98
              66           35.21           11.99
              67           33.74           11.47
              68          -53.56           11.31
              69           5.489           10.61
              70            25.1           11.53
              71           30.02           11.32
              72          -58.97           11.07
              73          -2.959            10.5
              74            20.9           11.13
              75           74.49           11.69
              76          -29.31           10.88
              77          -13.03           10.75
              78           49.68           11.07
              79           75.93           11.54
              80          -56.89           11.32
              81          -10.64           10.68
              82          -2.206           10.51
              83           37.29           10.81
              84          -59.67            11.1
              85          -20.98           10.74
              86           9.662           10.15
              87           36.56           10.66
              88          -43.03              11
              89          -23.87           10.65
              90           33.72           10.43
              91           48.24            11.3
              92           -11.2           10.22
              93              13            10.7
              94           40.99           10.29
              95           85.56           11.59
              96          -72.54           11.38
              97          -9.282           11.02
              98           21.03           12.19
              99           13.72           11.55
             100          -33.09           11.25
             101          -15.67           10.97
             102           7.853           11.13
             103           48.91           11.52
             104          -26.45           11.16
             105           4.931           11.06
             106           53.69            11.4
             107           72.42           12.24
             108          -14.36           10.67
             109           9.428              11
             110           30.08           11.18
             111           94.82           12.04
             112          -74.88           11.16
             113          -41.62            10.7
             114             1.4           10.64
             115           38.35           10.76
             116          -83.22           10.98
             117           5.717           10.01
             118           38.65           10.45
             119           54.59           10.82
             120          -46.43           10.69
             121           5.868           10.55
             122           6.933           10.14
             123            50.1           11.27
             124          -31.06           10.12
             125           9.107           11.13
             126           36.57            10.2
             127           112.6           11.68
APV              147              16              22               1
               0            65.3           49.76
               1          -46.93           32.44
               2          -33.76            21.6
               3           -81.6           15.43
               4          -78.43           12.74
               5          -59.72           11.33
               6          -3.132           11.93
               7              63           11.71
               8          -61.37           11.17
               9           -45.7           11.03
              10           28.92           11.58
              11           67.53           12.06
              12          -37.48           11.49
              13          -3.594            10.6
              14           44.95           11.27
              15           79.37            11.7
              16          -25.72            11.4
              17          -66.22           10.89
              18          -29.68           12.53
              19           49.93            10.9
              20          -84.82           11.43
              21          -34.96           10.58
              22          -3.635           10.46
              23           48.94           10.74
              24          -50.55           11.13
              25          -23.51           10.53
              26           7.489           10.59
              27            78.9           11.52
              28          -45.25           10.58
              29          -22.96           10.98
              30           36.92           10.58
              31           74.04           11.36
              32          -32.86           11.72
              33          -52.36           11.45
              34          -1.643           11.15
              35           46.64           11.48
              36          -52.95           11.57
              37          -18.08            11.1
              38           39.86           11.56
              39            61.1           11.71
              40          -60.16           11.63
              41          -20.59           11.36
              42           32.91           12.15
              43           87.62           11.95
              44          -58.75           11.24
              45          -14.87           11.58
              46           32.89           11.11
              47           98.17           12.05
              48          -30.67           11.29
              49          -27.29           10.78
              50          -6.924           11.42
              51           57.84           10.69
              52          -59.86           10.98
              53          -48.25           10.71
              54          -18.61           10.78
              55           51.77           11.08
              56          -58.93           10.95
              57          -25.35           10.37
              58           32.28           10.88
              59           71.62           11.43
              60          -64.05           10.47
              61          -12.42           10.81
              62           48.33           10.78
              63           126.8           11.73
              64          -17.99           11.68
              65          -28.12           10.99
              66          -3.964           11.67
              67           55.42           11.35
              68          -30.81           11.31
              69          -21.97           10.72
              70           13.41           11.54
              71           63.33           11.25
              72          -28.99           11.31
              73          -13.62           10.81
              74           25.97           11.39
              75           93.21           11.65
              76          -59.64           10.77
              77            -5.4           10.46
              78           27.05           10.93
              79            99.2           11.92
              80          -42.23           11.52
              81          -10.44            10.8
              82           11.48           11.06
              83           60.79           10.75
              84          -50.91           11.14
              85          -36.96           10.56
              86           4.037           10.08
              87           66.03           10.71
              88          -61.53           11.01
              89          -14.56           10.91
              90           17.87           10.28
              91           73.72           11.36
              92          -53.69            10.6
              93           -25.3           10.97
              94           32.25           10.45
              95           97.96           11.67
              96          -33.43           11.45
              97          -34.65           11.12
              98           26.76           12.08
              99           52.43           11.71
             100          -49.21           11.34
             101          -11.17           10.79
             102           10.21           11.26
             103           63.78           11.34
             104          -53.24            11.4
             105          -24.05           11.32
             106           25.61            11.2
             107           75.73           11.99
             108          -54.32           10.83
             109          -3.637           10.86
             110           51.93           11.15
             111             141           11.93
             112          -46.15           11.32
             113           -38.7           10.77
             114          -14.68           10.87
             115           46.22            10.6
             116          -30.14           10.72
             117           -20.7           10.52
             118           30.33           10.34
             119           50.35           10.59
             120          -63.42           10.72
             121          -15.76           10.76
             122           31.65           10.37
             123           83.27           11.59
             124          -50.63           10.46
             125          -31.69           10.91
             126           32.23           10.31
             127           171.2            11.9
APV              147              16              22               2
               0            71.1           48.45
               1          -16.68            32.6
               2          -19.23           21.88
               3          -104.1           16.86
               4          -61.09           13.97
               5          -48.91           12.53
               6          -20.95           13.37
               7           26.88           12.77
               8          -21.47           12.19
               9          -9.562              12
              10           9.624           12.45
              11           43.98              13
              12          -47.38           12.55
              13          -15.17           12.03
              14          -14.24           12.15
              15           83.56           12.65
              16           7.222           11.96
              17          -12.05           11.61
              18          -32.66           13.75
              19           8.019           11.22
              20          -18.44           12.17
              21          -33.61           11.32
              22          0.5748           11.04
              23           55.01           11.41
              24           -15.3           12.06
              25           -22.4           11.77
              26            19.3           11.58
              27           71.73           12.07
              28          -23.58           11.78
              29          -11.61           11.63
              30           19.38           11.42
              31           86.15           12.05
              32           0.115           12.88
              33          -18.89            12.5
              34           3.224            12.2
              35           29.12           13.21
              36          -12.46           12.63
              37          -31.71              12
              38           24.05           12.55
              39            42.5           12.75
              40          -15.86           12.86
              41          -31.34           12.38
              42          0.7152           13.01
              43           63.65           13.06
              44          -31.85           12.43
              45          -23.77           12.38
              46           4.382              12
              47           96.01           12.73
              48           8.623           11.99
              49          -21.93           11.63
              50          -18.68           12.45
              51           26.36           11.35
              52          -30.66           11.99
              53          -38.51           11.23
              54           8.592           11.15
              55           63.01           11.58
              56          -8.251            11.7
              57          -14.87           11.34
              58           14.71           11.65
              59            54.2           11.82
              60          -21.32           11.46
              61           -11.5           11.69
              62         -0.9518           10.56
              63           92.94           12.67
              64           1.973           12.89
              65          -16.88           12.21
              66          -14.53           13.13
              67           11.27           12.41
              68          -26.04           12.21
              69          -16.96           11.41
              70           11.59           12.53
              71           58.12           12.65
              72          -36.52           12.08
              73          -17.47           11.77
              74           3.011           12.02
              75           76.71            12.6
              76           -17.6           11.65
              77          -27.46           11.63
              78           29.87           12.32
              79           97.47            12.6
              80          -16.62           12.44
              81          -33.71           11.31
              82           0.005           11.62
              83           11.32           11.13
              84          -13.93           11.86
              85          -24.33            11.2
              86           5.864           10.93
              87           57.92           11.61
              88          -11.78           11.28
              89          -17.61           11.44
              90            7.72           10.93
              91           60.73              12
              92          -26.99           11.22
              93          -4.515           11.29
              94           8.247           10.49
              95              85            12.2
              96          -9.829           12.42
              97          -26.35           11.76
              98          -10.37           13.27
              99           33.26            12.8
             100          -25.17           12.09
             101          -5.569           11.36
             102           -7.99           12.07
             103           60.42           11.18
             104          -27.55           12.14
             105          -13.67           11.95
             106           10.84           12.32
             107           64.13           12.79
             108          -9.136           11.69
             109          -14.04           11.35
             110           16.49           12.26
             111           104.5           12.68
             112          -11.05           12.52
             113          -15.96           10.97
             114           12.87           11.64
             115           13.59           11.34
             116          -35.95           11.43
             117          -42.37           10.78
             118           2.988           10.83
             119           72.59           10.11
             120          -38.05           11.22
             121          -46.55           11.42
             122           7.718           10.63
             123           97.52            11.9
             124          -20.33           11.06
             125          -28.25           12.04
             126            11.1           10.73
             127           123.4           12.85
APV              147              15              21               0
               0             145           54.94
               1           4.873           45.93
               2          -3.084           24.95
               3          -79.43           20.77
               4          -51.19           12.89
               5          -57.31           10.93
               6           -16.9           11.65
               7          -35.55           10.93
               8          -12.51           10.51
               9          -24.31           10.68
              10           6.479           11.03
              11          -3.108           10.51
              12          -3.164           10.49
              13          -32.89           10.25
              14          -12.82           10.79
              15           20.06           10.93
              16           34.87           11.04
              17          -22.06           10.15
              18          -1.856            10.8
              19          -14.44           10.31
              20           26.05           10.76
              21          -3.086           9.706
              22           21.43           10.31
              23          -26.08           10.08
              24           1.717           10.33
              25          -31.62           10.41
              26           1.136           9.887
              27          -3.994           10.23
              28           4.137           9.852
              29          0.4746            9.86
              30          -4.143           9.788
              31           21.72           10.67
              32           39.98           11.24
              33          -10.32           10.49
              34            16.2           11.13
              35          -21.99           11.18
              36           25.71           10.56
              37           -8.91           10.22
              38          -17.15           10.78
              39          -5.253           10.35
              40           5.615           10.78
              41          -23.99           10.65
              42           5.233           11.18
              43           6.081           10.84
              44           17.87           10.55
              45            4.57           10.34
              46          -4.928           10.58
              47           29.52           11.44
              48           40.18           10.74
              49            1.25           9.744
              50           0.367           10.64
              51          -15.59           10.06
              52           6.575           10.06
              53          -28.36           9.977
              54          -13.11           10.09
              55          -12.94            9.96
              56           13.92           10.27
              57           -13.9           10.18
              58           1.033           9.943
              59          -1.359           10.29
              60           2.984           9.548
              61          -21.45           10.57
              62          -5.788           9.747
              63            38.6           11.01
              64           48.43           10.83
              65          -9.321           10.18
              66           25.92           10.94
              67          -6.527           9.935
              68           26.11           10.86
              69         -0.2732           9.857
              70           12.94           10.47
              71          -13.38           10.16
              72           2.643           10.49
              73           -20.1           10.46
              74           2.716           9.985
              75            10.5           10.36
              76            13.6           10.05
              77          -21.26           10.45
              78          -14.09              10
              79           26.45           11.23
              80           26.54            10.5
              81           -22.4           10.38
              82            12.4           10.11
              83           4.883           9.684
              84           27.18           10.81
              85          -7.472           9.979
              86           9.948           11.36
              87           -12.9           9.667
              88           8.024           10.31
              89         -0.6694            10.1
              90          -1.617           9.475
              91           38.45           10.27
              92           8.389           9.845
              93          -18.82           10.14
              94           10.05           9.561
              95           31.51           11.17
              96           27.84           10.64
              97         -0.7566           9.917
              98           10.54           10.68
              99          -10.13           10.24
             100          -5.749           10.62
             101          -23.77           10.44
             102          -10.87           10.09
             103          -26.98           10.22
             104           0.059           10.39
             105           4.519           10.19
             106          -0.926            9.91
             107           14.72            10.7
             108            11.5           10.06
             109          -1.874           9.999
             110           4.494           10.08
             111           30.99           11.49
             112           25.95           10.93
             113          -14.88           10.13
             114           15.44           10.19
             115           -8.01           9.677
             116           15.06           10.35
             117          -16.93           9.779
             118           -14.1           9.587
             119           5.342           9.298
             120          -4.138            10.1
             121          -33.65           10.17
             122          -10.59           9.583
             123           14.85           10.14
             124           -5.27           9.541
             125          -8.831            10.4
             126          -13.66           9.804
             127           39.95            11.4
APV              147              15              21               1
               0           91.61            51.1
               1            10.6           42.56
               2          -14.62           23.96
               3          -40.99           20.41
               4          -66.91            13.3
               5          -25.48            11.5
               6           -22.5           12.99
               7             -13           11.52
               8          -5.862           10.85
               9          -18.36           11.34
              10          -9.213           11.26
              11           17.76           11.57
              12          -36.68           11.52
              13          -24.83            11.2
              14           8.702           15.17
              15           25.44            11.5
              16          -9.533           11.16
              17          -33.64            11.4
              18          -4.034           12.15
              19           12.09            10.5
              20          -29.39           11.37
              21          -27.69           10.85
              22          -11.14           10.36
              23           26.76           10.52
              24           1.786           10.71
              25          -26.47           10.85
              26           17.55           10.54
              27           37.17            11.3
              28          -32.99           10.73
              29          -5.267           10.83
              30            33.8           15.58
              31           39.05           11.36
              32          -28.05           11.57
              33          -18.68           11.68
              34           6.051           11.89
              35           2.166           11.79
              36           -19.3           11.32
              37          -6.511           10.79
              38           12.95           11.93
              39           25.83           11.88
              40          -37.15           11.75
              41          -15.42           11.35
              42           26.75           12.54
              43           15.84           11.43
              44          -38.73           11.48
              45           10.11           11.61
              46           15.28           11.55
              47           52.58           12.56
              48          -20.69           11.43
              49           -1.23           10.52
              50           12.59           11.57
              51         -0.9726           10.21
              52          -12.05           10.83
              53          -32.35           10.73
              54           7.924           10.52
              55           15.52           10.21
              56          -46.71           11.11
              57          -9.085            10.7
              58           18.25           10.72
              59           19.03           11.12
              60          -26.81           10.85
              61          -33.43           11.68
              62           22.46            10.4
              63           36.18           11.58
              64           -10.6           11.24
              65            20.4           11.08
              66           8.905           12.85
              67           16.02           11.94
              68           1.501           10.79
              69           6.161              11
              70          -25.88           12.03
              71           16.68            11.3
              72            3.49           11.21
              73           6.704           10.72
              74           6.789           11.28
              75           59.16           11.76
              76          -18.49            10.7
              77          -13.65           10.73
              78           5.188           11.17
              79           56.96           12.24
              80          -23.23           11.49
              81          -6.205           10.74
              82           -4.42           10.92
              83           7.764           10.17
              84          -10.97           11.14
              85          -9.642            10.4
              86           11.07           10.42
              87            20.9           10.44
              88          -23.05           11.07
              89          -28.66           11.15
              90         -0.8254           10.06
              91           29.79           11.15
              92          -18.53           10.57
              93          -15.17           11.29
              94          -1.026           9.749
              95           46.35           11.87
              96           -15.1            11.2
              97          -2.601           10.85
              98          -16.63           12.96
              99           17.66           12.03
             100           -19.1           11.04
             101          -13.15           10.72
             102           6.199           11.57
             103           31.24           11.73
             104           -30.5            11.5
             105          -18.69           11.33
             106           20.93           11.49
             107           38.56           12.07
             108           -25.6           10.93
             109          -10.35           11.23
             110           25.81           11.98
             111           66.98           12.31
             112          -11.53           10.88
             113           3.675           10.68
             114          -1.295           10.75
             115           18.83           10.47
             116          -31.17           10.94
             117           3.584           10.16
             118           12.87           10.14
             119           18.93           10.35
             120          -18.61           10.76
             121          -2.065           10.51
             122           25.99           10.42
             123           23.56           11.18
             124           5.175           10.14
             125          -5.686            11.5
             126            29.9           10.45
             127           80.59           12.41
APV              147              15              21               2
               0           70.11           46.05
               1          -20.17           38.14
               2          -8.272           21.49
               3          -18.29           17.63
               4          -112.7           12.54
               5          -53.06           11.28
               6          -31.42           11.92
               7           33.31           11.03
               8          -45.34           10.75
               9          -28.81           10.83
              10           13.59           10.89
              11           55.65           10.91
              12           -6.26           10.56
              13           3.042           10.55
              14           13.35            10.7
              15           68.52           11.19
              16          -31.73           10.98
              17          -37.32           10.57
              18           4.923           11.24
              19           29.03           10.45
              20           -44.8            11.2
              21          -38.08           10.46
              22          0.6216           10.33
              23           44.19           10.74
              24          -51.53           10.83
              25          -17.76           10.49
              26           13.86           10.68
              27           62.34           11.21
              28          -9.279           10.44
              29          -2.667           10.38
              30           6.101             9.8
              31           66.07           10.98
              32          -20.43           11.08
              33          -32.02           11.13
              34           1.868           10.71
              35           51.95           11.32
              36          -51.86           11.23
              37          -35.19           11.09
              38             2.8           10.97
              39           38.66           11.31
              40          -26.72           11.71
              41          -13.92           10.83
              42           12.61           11.49
              43            72.6           11.66
              44          -28.94           11.11
              45           14.69           11.34
              46           13.32           10.63
              47           84.72           11.74
              48          -27.71           10.85
              49          -11.03           10.42
              50           13.94              11
              51           48.96            10.4
              52          -55.15           10.67
              53          -36.12            10.2
              54          -23.73           10.37
              55           50.86           10.51
              56          -14.77           10.52
              57          -23.34           10.48
              58           4.653           10.11
              59           59.48           10.89
              60          -33.66           10.19
              61           -31.2           10.91
              62           7.954           9.707
              63           87.62           11.22
              64          -19.07           10.88
              65          -12.75           10.46
              66           -15.2           11.39
              67           33.73           10.92
              68          -19.65           10.78
              69          -15.96           10.21
              70           11.34           10.75
              71           59.05            10.9
              72          -24.06           10.81
              73          -11.87           10.26
              74           16.79           10.91
              75            59.2           10.85
              76          -27.45           10.35
              77          -21.86           10.36
              78           12.29           10.43
              79           91.03           11.28
              80          -53.55           11.07
              81          -28.49           10.64
              82          -11.92           10.53
              83           23.19           10.14
              84          -39.13            10.8
              85          -25.68           10.06
              86           5.765           9.567
              87            68.9           10.24
              88          -39.15           10.44
              89          -3.908           9.935
              90           9.919           9.855
              91           62.95           10.73
              92          -17.34           10.15
              93         -0.5886           10.07
              94            33.8           10.21
              95           87.05           11.08
              96          -35.73           10.96
              97          -21.64           10.66
              98           2.275           11.52
              99           38.38           11.12
             100          -38.53           10.45
             101          -27.34           10.31
             102           6.939           10.66
             103           57.83           11.03
             104          -19.42            10.6
             105           10.23           10.73
             106           19.39           11.06
             107           73.96           11.38
             108          -22.35           10.02
             109           1.153           10.27
             110           14.79           10.77
             111           108.2           11.33
             112          -22.28           10.84
             113           -19.9           10.14
             114          -9.576           10.02
             115           34.31            10.1
             116          -28.88           10.29
             117          -40.11           9.923
             118          -13.93           9.428
             119           56.52           10.33
             120          -41.83            10.1
             121          -23.48           10.16
             122           14.34           9.833
             123           74.54           10.77
             124          -10.34           9.858
             125          -15.56           10.28
             126           8.991           9.667
             127           111.7           11.13
APV              147              14              20               0
               0           142.1           56.25
               1          -6.204           47.07
               2          -7.974           25.43
               3          -51.37           21.17
               4          -45.18           13.99
               5          -57.08           11.88
               6          -22.31           12.82
               7          -10.14           11.43
               8          -16.01           11.83
               9          -27.93           11.87
              10          -11.33           11.43
              11          -4.136           11.75
              12          -24.78              12
              13          -18.47           11.33
              14          -1.248            11.3
              15           40.46           11.98
              16           22.31           11.66
              17          -27.73           11.42
              18          -14.85           12.65
              19          -4.425           10.83
              20           13.72           11.74
              21          -16.02           11.08
              22           2.244           10.76
              23           3.248           10.48
              24          -16.19           11.78
              25          -25.81           11.49
              26          -10.11           10.98
              27          -5.438           11.21
              28           -17.1           11.12
              29          -16.84           11.15
              30           16.71           10.84
              31           26.16            11.6
              32           28.95           12.46
              33          -27.17           11.93
              34          -1.865           11.44
              35           2.871           11.21
              36          -7.353           11.73
              37          -30.24           11.36
              38          -17.16           11.65
              39           2.589           11.37
              40           3.264           11.95
              41          -24.95           11.91
              42           3.449           12.02
              43           15.31           11.89
              44          -35.81           11.81
              45          -3.447           11.53
              46           6.688              11
              47           57.14            12.3
              48           16.05           11.81
              49          -42.38           11.17
              50           12.33           11.83
              51          -10.39           11.07
              52          -6.135           11.33
              53           -24.1           11.17
              54          -5.366           10.92
              55           24.79            11.2
              56          -19.55           11.69
              57          -35.98           11.49
              58          -20.19           11.04
              59           1.114           11.01
              60          -31.85           11.17
              61          -23.08           11.47
              62           30.25           10.74
              63           52.01           11.89
              64           39.13           11.99
              65           6.264           11.29
              66           25.72           12.21
              67           6.973           11.35
              68           27.09           11.89
              69           -1.85           11.02
              70              12           11.75
              71         -0.5116           11.07
              72          -14.75           11.46
              73          -12.11           11.25
              74           12.24           11.47
              75           27.09           11.81
              76          -11.93           11.08
              77          -2.784           10.68
              78           14.22           11.03
              79           80.16           12.22
              80           29.72            12.1
              81          -23.93           11.28
              82            4.17            11.1
              83          -14.95           10.77
              84           8.552           11.63
              85           -14.9           10.83
              86         -0.3694           10.24
              87           11.94            10.5
              88          -12.71           11.41
              89           23.52           11.33
              90          -3.606           10.43
              91           30.09           11.47
              92           -6.45           10.74
              93           3.469           10.85
              94           14.59           10.53
              95           71.66           11.87
              96           15.55           11.89
              97          -14.65           11.51
              98          0.0128           11.89
              99          0.3868            11.4
             100            10.3           11.42
             101           6.971           11.05
             102           8.152           11.62
             103           9.148           11.34
             104          -25.03           11.59
             105          -8.578           11.45
             106           20.16           11.78
             107           37.78           11.97
             108          -24.85           11.36
             109         -0.6872           10.97
             110           25.58           11.23
             111           82.99           12.33
             112           13.11           11.58
             113          -38.47           11.25
             114           14.92           11.31
             115           14.79            11.1
             116           4.008              11
             117          -26.47           10.85
             118           8.635           10.49
             119          -1.752           10.48
             120          -43.26           11.46
             121          -19.68           10.96
             122           21.73            10.8
             123           40.97           11.77
             124          -5.094           10.57
             125          -11.98           11.59
             126           12.11           10.55
             127           88.22           12.42
APV              147              14              20               1
               0           87.77            51.4
               1          -13.74           42.24
               2          -12.37           23.35
               3          -30.35            19.6
               4          -111.6           12.76
               5          -33.42           11.14
               6          -39.28           11.66
               7           21.09           10.53
               8          -33.59           10.64
               9          -10.39            10.7
              10          -17.79           10.61
              11           51.91           10.73
              12          -16.34           10.84
              13          -10.17           10.28
              14           10.26            10.2
              15           50.29           10.84
              16          -15.61            10.8
              17          -17.69           10.18
              18          -22.21           11.42
              19            40.6           10.44
              20          -41.35           11.03
              21          -22.16           10.53
              22           -8.91           10.17
              23           38.92           10.07
              24           -40.2            10.8
              25           -25.4           10.81
              26          -15.34           10.09
              27              50           10.61
              28          -25.63           10.41
              29           4.977           10.19
              30           30.33           10.02
              31           40.64           10.54
              32          -28.17           10.92
              33          -24.46           11.05
              34          -11.01           10.41
              35            18.5           10.69
              36          -50.04           11.03
              37          -28.71           10.75
              38           0.735           10.47
              39           33.82           10.65
              40          -7.234           10.77
              41          -7.888           10.72
              42           3.041           10.86
              43           70.02           11.12
              44          -46.53           10.86
              45           -2.65            10.8
              46           23.03           10.51
              47           89.67           11.65
              48          -30.31           10.68
              49          -27.18            10.3
              50          -20.71           10.72
              51           38.49           10.43
              52          -38.32           10.67
              53           -24.6           10.27
              54          -5.497           9.879
              55           46.97           9.896
              56          -18.87           10.32
              57          -22.62           10.32
              58           11.66           10.07
              59           54.43           10.28
              60          -26.57           9.963
              61          -24.74            10.5
              62           34.38           9.835
              63              78           10.73
              64          -10.89           10.68
              65          -9.981           10.28
              66           28.31           11.18
              67           43.38           10.88
              68          -27.98           10.61
              69          -25.37            10.3
              70          -5.169           10.41
              71           46.93           10.31
              72          -36.64           10.78
              73          -2.583           10.06
              74           5.525           10.29
              75            76.8           10.87
              76          -13.93           10.11
              77           1.218           9.946
              78           29.68           10.57
              79           57.07           11.07
              80          -26.09           11.08
              81          -38.84           10.49
              82          -15.94           10.38
              83           22.86           10.41
              84           -13.7           10.78
              85           -17.1           10.44
              86           -3.15           9.436
              87           49.43           9.894
              88          -19.73           10.65
              89           4.811           10.24
              90           5.173           9.516
              91           55.32           10.64
              92          -28.95           10.33
              93          0.8684           10.12
              94           32.84            10.2
              95           85.78            11.2
              96           -41.7              11
              97          -41.54           10.89
              98          0.1906           10.63
              99           36.04           11.42
             100          -35.39           10.88
             101          -11.65           10.49
             102           13.64           10.55
             103              28           10.63
             104           -25.9           11.01
             105           3.021           10.86
             106           24.98           10.73
             107           62.06           11.13
             108          -28.71           10.32
             109         -0.5584           10.51
             110           17.44           10.81
             111           101.6           11.45
             112           -43.9           11.01
             113          -36.31           10.03
             114          -19.24           10.22
             115           13.86            10.2
             116          -30.24           10.32
             117          -28.12           10.06
             118           4.073           9.342
             119           62.55           9.937
             120          -17.09            10.3
             121          -22.31           10.36
             122           29.04           9.811
             123           61.28           10.68
             124          -19.15           9.881
             125           8.483           10.47
             126           41.94           9.873
             127           118.3           11.08
APV              147              14              20               2
               0           117.1           48.67
               1          -20.17           39.73
               2          -21.93           23.37
               3          -44.53           18.92
               4           -68.4           13.11
               5          -48.36           10.87
               6          -37.75           12.52
               7          -1.534           10.97
               8          -19.88           10.38
               9           -43.2           10.77
              10          -38.86           11.29
              11           30.27           11.19
              12          -26.05           10.94
              13          -19.19           10.49
              14          -19.63           10.92
              15           49.71           11.35
              16           17.29           10.71
              17          -27.99           10.04
              18          -20.39           12.09
              19           -21.5           10.43
              20          -32.79           10.48
              21          -41.92           10.18
              22          -36.07           10.06
              23           31.01            10.4
              24          -7.819           10.18
              25          -24.17           10.17
              26          -32.85           10.13
              27           44.68           10.71
              28          -23.82           9.918
              29          -27.63           10.56
              30          -8.278           9.764
              31            45.7           10.93
              32           23.44           11.24
              33          -27.01           10.76
              34          -12.57           11.25
              35           15.17           11.56
              36           4.628           10.74
              37          -53.53           10.79
              38          -20.49           10.99
              39           50.78           11.67
              40          -18.89           11.19
              41          -17.94           10.85
              42          -8.908           11.47
              43           50.22           11.42
              44          -12.94           10.69
              45          -31.61            10.8
              46          -6.405           10.75
              47           82.82           11.48
              48          -6.161           10.31
              49          -35.84           10.14
              50          -12.05           11.03
              51          -10.53            10.2
              52          -15.41           10.41
              53          -34.86           9.965
              54          -31.99           10.02
              55           21.68           10.39
              56           -12.2           9.935
              57          -26.47           10.24
              58          -17.26           10.14
              59           44.47           10.77
              60          -11.77           9.854
              61          -23.62           10.85
              62          -1.133           9.482
              63           62.19           10.87
              64           8.499              11
              65         -0.0274           10.28
              66           11.27           12.09
              67           47.52           11.22
              68           30.89              11
              69             9.9           9.917
              70           7.837           11.28
              71           28.11           10.72
              72          -5.011           10.53
              73           23.15           10.41
              74          -3.061           10.82
              75           51.91           11.12
              76           18.22           10.54
              77          -18.21           9.878
              78           12.96           10.47
              79           97.01           11.05
              80           12.85           10.82
              81           12.16           9.905
              82          -12.75           10.12
              83           12.05           9.799
              84          -8.212            10.7
              85          -19.68           9.727
              86          -20.29           9.734
              87           45.52           10.05
              88           6.174           9.816
              89          -9.509           9.723
              90           -2.54           9.392
              91           46.07           10.59
              92           4.664           9.402
              93           -16.4           10.03
              94            8.19           9.527
              95           84.91              11
              96           24.31            10.8
              97           2.213           10.04
              98          -0.019           11.66
              99           36.97           11.36
             100           3.805           10.62
             101           5.048           9.934
             102          -13.96           10.79
             103           57.74           11.06
             104           9.301           10.42
             105          -5.588           10.29
             106            2.71           10.91
             107           55.88           11.09
             108           5.031           10.01
             109           7.577           10.24
             110           8.909           10.76
             111           100.6           11.18
             112           3.411           10.34
             113          -32.68           9.785
             114             -16            10.1
             115           16.51           9.917
             116          -9.299           9.747
             117          -11.84           9.595
             118          -9.469           9.387
             119           42.57           10.08
             120           7.969            9.77
             121          0.0296           9.492
             122          -8.186           9.424
             123           53.58           10.76
             124          -13.31           9.715
             125          -12.93           10.43
             126         -0.5278           9.245
             127           65.87           11.34
APV              147              13              19               0
               0           87.68              48
               1          -21.25           38.04
               2          -7.911           22.19
               3          -77.28           17.57
               4          -79.53           11.76
               5          -39.35           9.789
               6          -14.84           10.65
               7           8.127           9.288
               8          -34.06            9.78
               9          -23.22           9.867
              10           8.462           9.485
              11           7.954           9.392
              12          -31.44           9.835
              13          -11.82           9.412
              14           10.73           9.587
              15           45.24           9.856
              16           3.012           9.556
              17          -34.21           9.451
              18          -13.25           10.66
              19           12.84           9.169
              20          -13.66           9.614
              21          -16.42           9.178
              22           10.44           9.114
              23           6.284           8.859
              24          -18.18           9.707
              25          -15.17           9.321
              26           9.929           9.049
              27           32.34           9.581
              28          -13.34           9.142
              29          -21.62           9.374
              30           5.911           8.866
              31           42.35           9.676
              32          -1.519           9.627
              33          -17.59           9.545
              34          -3.534           9.726
              35         -0.4616           9.363
              36           -30.6           9.873
              37          -32.29            9.49
              38           8.697           9.755
              39           19.63           9.593
              40          -10.32           10.02
              41           -11.9           9.895
              42           11.78           10.01
              43           21.84            9.79
              44          -43.75           9.588
              45          -7.784           9.802
              46           14.37           9.487
              47           55.23           10.13
              48          -16.05           9.776
              49          -22.85           9.392
              50            -2.1           9.756
              51          -13.69           9.254
              52          -30.71           9.452
              53          -38.38           9.312
              54          -5.049           8.976
              55            23.3           9.171
              56          -14.37           9.621
              57          -15.41           9.301
              58           23.25           9.428
              59           19.83            9.47
              60         -0.1402           8.718
              61          0.3114           9.177
              62           17.16           9.001
              63           59.04           9.869
              64          -2.227           9.716
              65          -6.649           9.115
              66            11.3           9.928
              67           20.54           9.402
              68          -12.42           9.468
              69           -20.2            9.33
              70           14.98           9.834
              71           12.59           9.259
              72          -15.24            9.52
              73           5.421           9.022
              74           13.45           9.616
              75           34.43           9.648
              76          -4.181             8.9
              77         -0.8344           8.811
              78           8.829             9.2
              79           29.51           9.698
              80          -3.505           9.536
              81          -8.997           8.988
              82           21.31            9.29
              83            28.6           9.151
              84           -3.66           9.491
              85          -4.812            8.88
              86           27.86           9.122
              87           38.71           9.227
              88          -5.262           9.298
              89          -19.75           9.258
              90         -0.4552            8.71
              91           30.72           9.402
              92          -22.89           9.199
              93          -12.81           9.371
              94           10.42           8.872
              95           48.38           9.755
              96          -10.78           9.757
              97          -10.72            9.33
              98           12.71           10.12
              99           3.772           9.376
             100          -13.28           9.604
             101          -12.95           9.227
             102           6.314           9.525
             103           15.65           9.304
             104          -20.25           9.747
             105          -21.67            9.87
             106           16.03           9.485
             107           43.35           10.03
             108          -17.61           9.352
             109          -12.35            9.55
             110           19.91           9.754
             111           66.16           9.831
             112           -10.1           9.557
             113          -25.13           9.274
             114          -2.513           8.926
             115           10.35           9.046
             116          -19.51           9.449
             117          -29.02           9.017
             118           12.06           8.898
             119           30.24           9.152
             120           -14.3           9.345
             121          -6.416           8.933
             122           31.59            9.07
             123           37.49           9.552
             124          -21.62           9.169
             125         -0.3592           9.393
             126           19.75            8.95
             127           18.89           9.639
APV              147              13              19               1
               0           74.41           47.19
               1          -32.66           38.48
               2           -23.6            22.4
               3          -55.94           16.98
               4           -95.4           12.33
               5          -39.89            10.4
               6          -29.03           11.48
               7           23.15           10.73
               8          -36.88           10.13
               9          -4.465           10.19
              10            9.65           10.36
              11           40.12           10.71
              12          -20.77           10.77
              13          -22.56           10.37
              14           4.099           10.42
              15           60.13           10.78
              16          -12.26           10.35
              17          -34.92           10.71
              18          -31.86           11.49
              19            26.5           10.15
              20             -33           10.61
              21          -9.249           9.661
              22          -11.86           9.951
              23           27.79           9.796
              24           -21.6           10.35
              25          -19.93           9.922
              26           2.235           9.577
              27           57.22           10.69
              28          -42.12           10.18
              29          -18.05           9.702
              30           21.52           9.891
              31           76.01            10.7
              32          -13.61           10.79
              33          -28.92           19.94
              34          -11.05           10.56
              35           22.92           10.81
              36          -24.48           10.66
              37          -9.247           9.921
              38          -7.314           10.28
              39           45.65           10.48
              40           1.949           10.51
              41          -19.35           10.38
              42           2.704           10.79
              43           53.37           10.93
              44          -30.23           10.45
              45           1.799           10.24
              46           32.26           10.25
              47           63.88           10.91
              48          -32.55           10.55
              49          -26.49           10.58
              50          -18.47           10.78
              51           22.42            10.1
              52          -1.829           9.954
              53           -20.3           9.566
              54          -8.067           9.671
              55           37.17           9.961
              56             -38           10.29
              57          -27.22           10.03
              58          -4.311           10.97
              59           48.35           10.36
              60          -29.39           9.869
              61          -14.01           10.23
              62           23.24           9.893
              63           74.64           10.71
              64          -15.82           10.57
              65          -35.12           9.967
              66          -8.407           10.78
              67           22.21           10.37
              68          -25.73           10.69
              69          -9.293            9.96
              70          0.6226           10.41
              71           39.95           10.12
              72          -5.256           10.22
              73          -14.49           10.03
              74           30.59           10.52
              75           65.82           10.66
              76          -18.65           9.979
              77          -4.328           9.586
              78           31.45           10.29
              79           85.28           10.66
              80          -13.29           10.59
              81          -4.918           9.581
              82          -6.536           9.951
              83           39.77           9.886
              84          -27.52           10.35
              85          -23.96           9.759
              86           1.987           9.277
              87           44.35           9.793
              88           -30.1           10.11
              89          -13.56             9.9
              90           41.87           9.458
              91           78.97           10.28
              92          -22.08           9.862
              93          -10.35            9.95
              94           19.02            9.59
              95           91.71           10.68
              96          -18.48           10.68
              97          -33.18           10.21
              98          -23.08           11.15
              99           34.11           10.95
             100          -37.09           10.49
             101          -22.81           9.968
             102           5.285           10.27
             103           49.35           10.38
             104          -26.42           10.43
             105          -7.177           10.31
             106            18.4           10.63
             107           61.47           10.88
             108          -29.67           9.843
             109          0.3044           10.03
             110           53.89           10.56
             111             108           10.85
             112          -19.69           10.63
             113          -25.14           9.829
             114          -6.374           9.815
             115           23.27           9.915
             116          -37.21           10.08
             117          -23.52            9.56
             118           7.456           9.253
             119           34.45            9.89
             120          -10.12           9.917
             121          -27.29           9.821
             122            17.3           9.552
             123           71.93           10.38
             124          -17.46           9.604
             125          -19.33           10.29
             126           39.07             9.7
             127           59.15           10.86
APV              147              13              19               2
               0           54.73           48.41
               1          -40.03           37.74
               2          -14.35           22.52
               3          -82.85           17.58
               4          -115.5           12.93
               5          -78.57           10.44
               6           1.136            12.5
               7           17.51           9.947
               8           -52.7           10.43
               9          -31.91           10.03
              10           37.41           10.69
              11           30.12           10.27
              12          -42.04           10.48
              13          -21.43           9.824
              14           29.76           10.51
              15           63.37           10.13
              16          -23.65           10.33
              17          -42.62           9.794
              18          -5.744           11.45
              19           7.095           9.394
              20           -43.6           10.63
              21          -33.54           9.501
              22            13.7           9.593
              23           32.78           9.424
              24          -62.01           10.05
              25          -25.57              10
              26           41.44           9.802
              27           34.99           9.804
              28          -43.08           9.795
              29          -24.15           9.768
              30              38           9.544
              31           40.06           9.622
              32          -36.65           11.11
              33          -34.33            10.4
              34           15.98           10.59
              35            9.27           10.18
              36           -52.1           10.83
              37          -21.39           9.785
              38           17.21           10.49
              39           25.78           10.14
              40          -26.78           11.17
              41          -15.36           10.08
              42           35.78           11.29
              43           61.54           10.37
              44          -24.72           10.32
              45           3.672           9.835
              46            63.6           10.38
              47            74.4            10.3
              48          -41.99           10.28
              49          -60.65            9.82
              50           3.206           11.76
              51           16.83           9.617
              52          -50.73           9.866
              53          -51.79           9.449
              54           29.15            9.53
              55           35.61           9.373
              56          -29.71           9.823
              57          -25.38           9.724
              58           20.27           9.575
              59           60.11           9.959
              60          -49.85           9.723
              61          -17.78            10.3
              62           46.31           9.255
              63           78.31           9.949
              64          -32.98           11.76
              65          -14.19           10.28
              66            36.3           11.66
              67           25.24            10.4
              68          -62.91           10.94
              69          -46.72           9.814
              70           18.87           10.56
              71           30.52           9.692
              72           -40.8           10.47
              73          -14.46           9.826
              74           41.82           10.68
              75           62.44           9.817
              76          -30.83           10.39
              77          -6.557           9.303
              78           55.25           10.14
              79           78.68           10.21
              80          -19.31           10.66
              81          -38.06           9.715
              82           12.06           9.869
              83           20.53           9.329
              84          -53.19           10.72
              85          -31.66           9.685
              86           44.39           9.257
              87           38.29           9.145
              88          -46.69           9.919
              89          -32.85           9.602
              90            34.3           9.383
              91           67.53           9.449
              92           -38.3           9.589
              93          -11.93           9.526
              94           44.96            9.33
              95           75.17           9.859
              96          -42.85           10.59
              97          -29.33           9.747
              98           18.29           11.31
              99           18.25           9.998
             100          -45.16           10.76
             101          -22.93           9.772
             102           37.33           10.63
             103            58.7           9.775
             104          -34.85           10.15
             105          -11.33           9.534
             106            43.8           10.54
             107           45.41           9.802
             108          -48.72           10.07
             109          -10.17           9.706
             110           60.58           10.63
             111           84.27           10.37
             112          -56.48           10.49
             113          -32.69           9.438
             114           22.61           9.791
             115           19.24           9.263
             116          -47.55           9.961
             117          -37.95           9.298
             118           21.67           9.066
             119           45.52           9.455
             120          -40.69           9.767
             121          -6.302           9.248
             122           49.78           9.238
             123           67.87           9.754
             124          -44.57           9.442
             125           7.071           10.02
             126           78.13           9.455
             127           31.23           10.91
APV              147              10              18               0
               0           38.15           48.83
               1          -23.37           38.87
               2          -26.57           23.69
               3          -69.72           18.01
               4          -116.9           12.28
               5          -39.44           10.46
               6          -25.62           12.49
               7           54.09           10.42
               8          -50.18           10.23
               9          -14.48           10.17
              10           18.76           10.82
              11           47.58           10.53
              12          -45.12           10.38
              13          -9.475           9.889
              14           28.11           10.75
              15           61.88           10.31
              16          -50.06            10.4
              17          -29.65           9.859
              18          -13.05           11.32
              19           16.51           10.13
              20          -67.67           10.24
              21          -26.35           9.844
              22          -5.968           9.495
              23           20.75           10.03
              24          -63.37           10.35
              25          -10.25           9.829
              26           6.121           9.546
              27           40.09           10.24
              28          -47.95           9.915
              29          -6.137           9.587
              30           27.01            9.96
              31           59.64           10.14
              32          -24.81           10.77
              33          -23.84           10.26
              34          -12.71           11.07
              35           40.76           10.67
              36          -47.86           10.41
              37          -30.16           9.889
              38          -4.082           10.71
              39           49.18           10.42
              40          -40.71           10.29
              41          -14.92           10.46
              42           23.64           11.14
              43           55.21           10.77
              44          -30.79           9.988
              45           2.379           10.08
              46           28.07            10.6
              47           54.07           11.11
              48          -46.67            10.6
              49          -36.76           9.899
              50          -8.664           10.49
              51           21.96           9.777
              52          -65.75           10.02
              53          -12.79           9.747
              54           5.255           9.599
              55           45.16           10.05
              56          -57.46           10.05
              57          -23.41           9.857
              58           28.37           9.985
              59           44.83           10.22
              60          -48.28           9.698
              61         -0.5868           9.907
              62           41.96           10.01
              63            81.1           10.83
              64          -28.87           10.27
              65          -10.16           10.02
              66          0.1794           11.32
              67            28.9           10.11
              68          -39.69           10.35
              69          -9.165           9.649
              70           18.25           10.94
              71           52.34           10.16
              72          -48.91           10.27
              73          -7.502           9.825
              74           47.99           10.65
              75           57.22           10.51
              76          -42.21           10.07
              77           2.765           9.647
              78            45.2           10.22
              79           64.78           10.89
              80          -66.53           10.41
              81          -28.02           9.894
              82           9.818           10.17
              83           42.83           10.06
              84           -63.1           10.38
              85          -22.39           9.447
              86           10.83           9.571
              87           45.29           9.723
              88          -55.46            10.2
              89          -5.467           9.744
              90           28.92           10.02
              91           67.08           10.25
              92          -34.95           9.703
              93           0.679           9.887
              94           31.38           9.881
              95           79.55           10.52
              96          -55.01           10.41
              97           -36.5           10.31
              98           5.223           11.29
              99           25.59           10.69
             100          -55.18           10.24
             101          -2.884           9.522
             102           22.55           10.37
             103           60.69           10.23
             104          -46.72           10.07
             105          -2.464           10.17
             106            37.2           10.59
             107           52.49           10.82
             108          -47.88           9.796
             109           4.485           10.27
             110           57.43           10.38
             111           90.89           10.98
             112           -59.3           10.38
             113          -31.78           9.946
             114           6.341           10.13
             115           35.31           10.05
             116          -57.75           10.06
             117          -3.401           9.149
             118           25.61           9.794
             119           38.02           9.854
             120          -48.44           9.874
             121          -7.331           9.569
             122           41.85           9.826
             123           70.46           10.57
             124          -43.21           9.482
             125          -3.195           10.42
             126           53.96           9.908
             127           35.76            11.8
APV              147              10              18               1
               0           90.08            48.7
               1          -13.74           39.02
               2           3.904           23.36
               3          -60.85           18.36
               4          -84.51           12.92
               5          -36.48           11.14
               6          -5.287           12.17
               7          0.7128           10.59
               8          -17.34           11.11
               9          -11.34           10.89
              10           33.72           11.31
              11           22.25           10.94
              12          -41.79           11.48
              13          -38.51           10.95
              14           29.39           11.45
              15           45.56           10.98
              16           -6.37           10.97
              17          -28.35           10.83
              18           2.082           11.24
              19          -6.001           10.36
              20          -21.62           10.87
              21          -33.15           10.68
              22          -10.22           10.38
              23           24.24            10.3
              24          -26.87           11.04
              25          -24.44           10.97
              26           10.33           10.36
              27           25.95           10.89
              28          -16.09           10.73
              29           -26.5           10.97
              30           8.084           10.17
              31           36.03           10.84
              32           -7.75           11.29
              33          -29.98           11.37
              34           7.208           11.23
              35           5.637           10.87
              36          -32.72           11.24
              37          -18.11           10.85
              38           26.38           11.43
              39           18.71           11.03
              40          -52.35           11.51
              41           -5.85           10.91
              42           35.19            11.9
              43           37.34           11.25
              44          -53.31           11.06
              45          -17.87           11.33
              46           37.22           10.81
              47           45.75           11.53
              48          -19.22           11.09
              49           -31.5           10.91
              50           5.631           10.74
              51           19.89           10.44
              52          -31.51           10.75
              53          -33.65           10.81
              54           13.16           10.07
              55           13.64           10.31
              56          -30.25           10.95
              57          -15.61           10.85
              58           23.05           10.56
              59           17.48           10.63
              60          -34.01           10.55
              61          -16.22           11.69
              62           31.61           10.51
              63           40.88           10.98
              64          -14.31           11.08
              65          -1.262           10.69
              66           9.064           11.26
              67           18.54           10.77
              68          -18.29           10.78
              69          -7.874           10.41
              70          0.1752           11.13
              71           31.27           10.85
              72          -27.33           11.22
              73           12.47           10.77
              74              31           11.23
              75           33.79           11.09
              76          -30.91           10.91
              77          -1.203           10.41
              78           33.35           10.95
              79           48.56           11.22
              80          -16.06           11.12
              81          -26.77           10.67
              82           6.526           10.43
              83           4.078           9.925
              84          -12.63           11.01
              85           -24.8           10.66
              86           13.71           10.23
              87           20.54           10.33
              88          -43.75            11.1
              89           -37.6           10.83
              90           14.43           10.14
              91           43.33           10.73
              92          -11.62           10.44
              93          -10.07            10.7
              94           22.48           10.38
              95           57.69           10.81
              96          -19.15           11.03
              97          -18.88           10.89
              98           14.51           11.59
              99           10.11           11.06
             100          -16.21           11.04
             101          -23.58           10.81
             102           20.37           10.84
             103           27.98           10.81
             104          -17.99           11.12
             105          -17.08           11.43
             106           17.69           10.91
             107           54.51           11.17
             108           -29.1           10.71
             109          -18.21            11.1
             110           40.32           11.28
             111           87.28           11.41
             112          -35.34           11.38
             113          -13.44           10.43
             114            25.8           10.64
             115           18.28           10.31
             116          -15.66           10.66
             117          -2.066           9.932
             118           16.89           10.23
             119           3.857           10.09
             120          -31.44           10.89
             121          -23.03           10.82
             122           40.37           10.56
             123           50.44           10.98
             124          -18.07           10.43
             125           2.289           10.35
             126           36.67           10.51
             127           25.47           11.25
APV              147              10              18               2
               0           35.56           46.48
               1          -31.82           35.89
               2          -24.77           22.91
               3          -66.23           16.33
               4          -92.54           12.73
               5           -36.5           10.42
               6           -16.1           12.02
               7           25.81           12.04
               8          -31.23            10.2
               9          -26.39           10.66
              10           10.55           10.25
              11           38.49           10.05
              12           -22.6           10.29
              13          -22.31           10.25
              14           17.51           9.985
              15           65.73            9.51
              16             -43           10.23
              17          -26.81            9.84
              18          -20.94           12.23
              19           13.69            9.82
              20          -44.26           10.06
              21          -9.799           9.669
              22           12.91           10.95
              23           36.34           9.796
              24          -23.11            10.1
              25          -16.92           10.38
              26           20.13           9.665
              27           60.51           9.639
              28          -30.89           9.596
              29          -26.94            10.5
              30         -0.3192           10.45
              31           55.54           10.39
              32          -31.11           11.16
              33          -16.68           9.914
              34          -6.871           11.19
              35           18.64           9.218
              36          -44.07           10.37
              37           -17.4           9.801
              38           7.386           10.67
              39           55.31           10.29
              40          -16.23           10.86
              41          -13.43           10.42
              42           7.565           10.24
              43           68.09           9.656
              44           -28.6              10
              45          -13.49           11.09
              46           32.02           10.34
              47           61.81           9.701
              48          -56.07            10.2
              49          -27.53           9.875
              50          -18.79           11.02
              51           22.64           9.679
              52          -45.61           9.654
              53          -16.74           9.767
              54          -4.359           9.235
              55           45.14           9.667
              56          -24.71           9.854
              57           -19.9           10.75
              58            22.8           9.611
              59           62.05           9.867
              60          -22.74           9.465
              61          -15.96           11.68
              62           26.08           9.787
              63            60.5            9.61
              64          -41.27           11.39
              65          -12.78           10.53
              66          -2.637           10.18
              67           31.17           10.74
              68          -25.76           11.02
              69          -14.52           9.599
              70           7.403           10.41
              71           47.15           10.64
              72          -20.29           10.34
              73           -19.7            10.1
              74           13.49            10.5
              75           44.81           10.51
              76          -25.29           10.02
              77           2.784           9.671
              78           22.59           9.764
              79           85.61           9.965
              80          -1.984           10.48
              81           -8.23            9.46
              82            5.24           9.181
              83           23.22           10.06
              84          -18.27           10.32
              85          -15.84           9.339
              86          -10.34           9.159
              87           40.09            10.1
              88           -38.1           9.755
              89          -13.67           9.394
              90           28.79           9.613
              91           54.95           10.52
              92          -14.32           9.357
              93          -19.87           9.405
              94           26.75           9.144
              95           82.93           10.04
              96          -29.94           10.31
              97          -15.71            9.83
              98           -4.12           10.51
              99           16.65           11.04
             100          -34.11           10.75
             101          -14.31           9.692
             102           8.403           10.33
             103           39.11           10.55
             104          -19.01           10.24
             105           3.421            10.1
             106           35.57           10.76
             107           56.41           10.94
             108          -29.02            10.2
             109          -5.678            10.4
             110           15.28           9.606
             111           76.62           10.05
             112          -13.45           10.38
             113           2.339           9.311
             114           7.773           9.044
             115            30.1           9.176
             116          -25.95           9.767
             117          -21.39           9.193
             118           15.53           9.265
             119           57.05           10.21
             120          -20.58           10.01
             121          -16.48           9.354
             122           23.69           9.801
             123           70.64           11.23
             124          -19.61           9.032
             125          -7.371           9.214
             126           48.28           9.139
             127           27.53           10.68
APV              147               9              17               0
               0           37.09           53.12
               1          -6.707           44.91
               2          -18.58           24.86
               3          -85.94           20.23
               4          -120.2           12.87
               5          -44.07           17.01
               6          -18.85            13.7
               7          -2.954           10.41
               8          -48.08           12.25
               9           8.315           16.82
              10           27.82           12.02
              11           41.09           10.75
              12          -46.34           15.36
              13           9.376           16.92
              14           22.05           12.05
              15           58.18           11.53
              16          -45.98           10.83
              17          -33.73           18.57
              18          -8.395           11.06
              19          -5.579           9.359
              20          -53.63           11.25
              21           4.444           18.16
              22           14.59           9.269
              23           17.43           9.314
              24          -54.96            12.2
              25          -20.33           18.27
              26           4.021           9.324
              27            30.3           10.08
              28          -39.07           15.98
              29           15.33           18.53
              30           42.11           10.07
              31           69.94           10.85
              32          -36.27           10.95
              33         -0.2382           16.54
              34           3.713            12.1
              35           22.06           11.39
              36          -51.87           11.39
              37          -18.77           17.14
              38          -4.304           11.49
              39           16.64           10.64
              40          -38.91           13.45
              41          -13.97           17.13
              42           13.98           12.42
              43            40.2            10.4
              44          -25.77           19.45
              45         -0.4928            17.3
              46           32.94           11.54
              47           34.47           11.51
              48          -57.05           10.58
              49          -19.48           18.06
              50          -12.92           10.26
              51           15.85           9.584
              52          -51.12           11.23
              53          -0.391           18.31
              54           24.29           9.551
              55           34.85           9.705
              56          -21.36           13.44
              57         -0.8878           18.16
              58           31.46           9.726
              59           47.49           9.977
              60          -18.94           19.73
              61          -16.77           18.51
              62           29.38           9.751
              63           72.13           11.23
              64          -44.61            11.6
              65           -11.7           10.18
              66           15.29           13.69
              67           36.75           11.84
              68          -26.09           10.84
              69          -2.621           9.633
              70           10.52           12.06
              71           11.54           10.65
              72          -55.54           10.63
              73          -8.174           9.785
              74          -1.552           11.71
              75           35.38           11.63
              76          -25.13           10.19
              77          -2.328           9.586
              78           51.06           12.04
              79           69.21           11.92
              80          -53.01           11.56
              81          -5.369           9.841
              82          -9.934           10.08
              83           20.38           9.959
              84          -33.34            10.9
              85           -8.19           9.579
              86           19.03            9.68
              87           20.63           9.998
              88          -26.36            10.5
              89          -1.876           9.512
              90           24.69           9.939
              91           28.69           10.98
              92          -42.15           9.872
              93           -11.5           10.07
              94           28.15           10.16
              95           67.05           11.41
              96          -35.69           11.15
              97          -16.64           10.04
              98           3.004           11.69
              99           3.524           11.52
             100           -54.9           10.46
             101          -11.59           9.724
             102           20.38           12.01
             103           52.87           11.08
             104          -23.14           10.35
             105         -0.2232           10.48
             106           43.13           12.19
             107           61.04           12.03
             108          -28.07           10.26
             109          -8.503           10.08
             110           43.89           12.53
             111           89.32           12.31
             112          -39.68           11.51
             113           3.632           9.619
             114           13.68           9.906
             115          -3.643           9.557
             116          -30.32           10.44
             117          -3.836           9.013
             118            26.4            9.56
             119              38           10.25
             120          -47.67           10.43
             121          -41.44           9.666
             122           11.48           9.633
             123           46.44           11.47
             124          -41.18           9.875
             125          -21.19            10.5
             126           36.74           9.935
             127            -3.5           10.51
APV              147               9              17               1
               0           29.73           49.46
               1          -44.32           38.02
               2            -6.9           23.36
               3          -61.14           18.04
               4          -139.6           12.08
               5          -66.09           9.974
               6           16.06              14
               7           35.67           10.19
               8          -81.44           10.13
               9          -47.65           10.23
              10           41.01           11.53
              11           50.34           9.887
              12          -70.93           10.65
              13          -15.97           10.07
              14           55.63           11.63
              15           50.74           10.34
              16          -66.42           10.79
              17          -48.84           10.46
              18          -16.63           13.16
              19           22.09           9.346
              20          -75.54           10.65
              21          -47.78            10.4
              22           22.72            9.83
              23           43.93            9.07
              24          -79.82           10.16
              25           -40.9            10.5
              26           42.48           9.509
              27           55.17           9.477
              28          -54.08           10.32
              29          -13.98           11.37
              30           63.03           9.437
              31           66.25           9.855
              32          -62.74           10.73
              33          -44.24           9.868
              34           1.645           11.67
              35           27.01           11.19
              36          -67.66           10.32
              37          -33.09           9.969
              38            35.4           12.11
              39           55.39           10.08
              40           -59.8           10.45
              41          -26.44           10.07
              42           50.78           12.49
              43           57.13           10.02
              44           -33.9           10.97
              45           2.621           9.982
              46           61.97           11.08
              47           72.55           10.56
              48          -71.07           11.05
              49          -44.71           10.47
              50            7.54           11.01
              51           31.65           9.146
              52          -81.38           10.34
              53          -43.86           10.27
              54           18.31           9.385
              55           49.68           9.122
              56          -62.67           10.28
              57          -18.86           10.95
              58           48.33           9.346
              59           40.86            9.57
              60          -61.18           10.49
              61          -3.474           12.04
              62           72.95           9.363
              63           74.69           9.991
              64          -62.28           10.99
              65          -31.46           9.522
              66          0.4718           13.49
              67           30.01           11.39
              68          -70.14           10.46
              69          -36.67           9.348
              70           50.33           12.18
              71           57.16           9.836
              72          -43.78           9.836
              73          -4.741           9.093
              74           67.49           11.69
              75           66.71           9.918
              76          -40.79           9.793
              77         -0.0848           9.268
              78           74.58           11.01
              79           77.83            10.9
              80          -58.04           11.01
              81          -28.92             9.5
              82           5.274           10.64
              83           37.92           9.242
              84          -47.45           10.53
              85          -27.22           9.593
              86           28.93           9.168
              87           47.79           9.214
              88           -59.1           9.879
              89          -11.37           9.954
              90           55.36           9.395
              91              62           9.672
              92          -52.52           9.726
              93           5.172           11.03
              94           79.86           9.515
              95           94.01           10.04
              96          -66.11           10.28
              97          -42.89           9.449
              98           22.74           13.53
              99           35.94           11.19
             100          -68.25           10.29
             101          -27.91           9.447
             102           50.79           11.33
             103           48.66            9.88
             104          -67.92           9.862
             105           -9.52            9.72
             106           57.63           11.52
             107           75.85           10.31
             108          -36.01           9.762
             109           11.76           9.748
             110           74.87           12.02
             111           83.15           10.71
             112          -86.57           10.94
             113          -41.49           9.491
             114           20.58           10.43
             115           23.77            9.31
             116          -71.39           10.16
             117          -23.53           9.395
             118           31.83           9.158
             119           46.72           9.055
             120             -63           9.698
             121          -21.85           9.784
             122           38.66           9.337
             123            63.5           9.776
             124          -48.09           9.688
             125          -6.587           12.54
             126           84.82           9.514
             127          -48.56           9.467
APV              147               9              17               2
               0           65.67           48.11
               1          -12.89           37.33
               2          -8.685           23.38
               3          -82.19            19.1
               4          -82.17           12.87
               5          -32.04            10.6
               6           -5.01           15.86
               7           12.51           11.28
               8          -16.14           10.37
               9          -20.63           10.66
              10           5.999           12.11
              11           11.23           10.86
              12          -50.13           10.96
              13          -13.75           10.55
              14           6.727           11.98
              15           16.47           11.07
              16          -40.71           11.94
              17          -19.88            10.9
              18          -13.18           16.04
              19            7.08           9.779
              20          -27.83           11.16
              21          -16.18           10.63
              22           2.522           10.31
              23           23.99           10.07
              24           -37.1           10.71
              25           -3.49           10.95
              26           17.52           9.996
              27           18.58            10.4
              28          -20.49           10.36
              29          -5.636           12.14
              30           8.664           9.823
              31           38.35            10.8
              32          -29.15           11.75
              33          -10.49           10.74
              34           1.211           12.84
              35           29.92           12.46
              36          -9.446           10.71
              37          -7.883           10.36
              38           16.12           13.04
              39           21.28           11.09
              40          -23.68            11.1
              41           2.991           10.42
              42           14.41            13.1
              43           32.18           11.19
              44          -1.223            11.3
              45           8.638           10.37
              46           19.91           11.65
              47           33.48           11.53
              48          -27.23           12.04
              49          -17.84           10.74
              50          -1.757           13.07
              51           7.291           9.551
              52          -37.39           10.79
              53          -17.48            10.5
              54          -11.81           10.14
              55           22.33           9.814
              56          -18.02           10.56
              57          -21.16           11.31
              58          -4.325           9.616
              59           31.23           10.34
              60          -19.67           10.47
              61          -19.93           13.21
              62           10.47           9.732
              63            39.8           10.76
              64          -29.42           11.89
              65          -6.438           9.735
              66          -1.139           14.63
              67           14.27           11.06
              68          -9.945           15.31
              69           2.548           9.554
              70           16.05           12.71
              71           35.75           10.84
              72          -18.45           10.32
              73            -4.5           9.849
              74           18.71            12.1
              75           33.83           11.09
              76          -16.66            10.5
              77            10.3           9.799
              78           42.13           11.39
              79           66.95           11.53
              80          -18.92           12.23
              81          -14.14           14.78
              82           3.147           12.49
              83            32.5           9.973
              84           -21.1           16.05
              85          -10.74           9.972
              86           8.899           10.11
              87            17.8           9.804
              88          -25.21           10.26
              89          -17.91            10.8
              90           30.35           9.911
              91           30.53           10.73
              92          -17.54           10.19
              93          -2.711           12.09
              94           21.33           9.843
              95           76.28           11.12
              96          -27.89           11.12
              97          -10.37           10.04
              98          -4.121           14.08
              99           3.361           11.41
             100          -22.23           10.78
             101          -5.755           9.741
             102           8.768           11.84
             103           23.82           10.74
             104          -21.77           10.55
             105          -7.259           10.14
             106           8.657           11.69
             107           35.33           11.18
             108          -21.36           10.58
             109            2.07           9.651
             110           36.89           12.54
             111           60.78           11.69
             112          -13.69           11.96
             113          -5.132           9.795
             114          -11.05           11.93
             115           11.83           9.706
             116          -30.51           10.66
             117          -26.17           10.14
             118           10.26           9.985
             119           23.92           9.777
             120          -32.38           10.22
             121           1.746           10.49
             122           17.95           9.891
             123           27.06           13.17
             124          -23.47           10.43
             125           7.967            14.2
             126           37.36           10.13
             127          -14.54           10.42
APV              147               8              16               0
               0           152.2           55.01
               1           -2.03           45.68
               2          -15.99           25.93
               3          -35.16           22.71
               4          -76.35           14.32
               5          -54.76           13.56
               6          -28.06           17.39
               7            11.5           13.69
               8          -29.43           12.63
               9          -27.93           14.08
              10          -10.16           14.01
              11           34.61           13.42
              12           -6.77           12.45
              13          -18.59           14.02
              14           8.785           13.38
              15           24.31           13.54
              16           8.762           13.03
              17          -7.194           11.93
              18          -39.05           21.32
              19           20.65           11.99
              20          -5.263           12.76
              21          -30.96           12.77
              22           -13.4           13.13
              23           33.91           11.82
              24            4.29            12.2
              25           -13.4           12.94
              26            10.8           12.25
              27           26.54           12.49
              28          -3.319           11.69
              29          -48.32           15.13
              30          -11.73           11.31
              31           42.78           13.01
              32          -2.298            13.3
              33          -22.31           13.84
              34          -15.62           13.86
              35           21.69           14.62
              36          -13.15           12.47
              37          -34.56           13.93
              38          -2.815           13.85
              39           35.76           13.62
              40          -20.52           12.65
              41          -22.81           13.57
              42          -8.435           15.47
              43           39.12           14.06
              44           9.812           14.06
              45          -18.17           13.39
              46           4.971           12.52
              47           43.93           13.92
              48           12.71           13.74
              49          -9.074           12.24
              50           -36.8           17.88
              51              17           11.54
              52          -13.44           12.48
              53          -23.58           12.43
              54          -19.05           13.13
              55           22.69           11.68
              56          -16.05           12.22
              57          -30.35           13.78
              58          -15.34           12.22
              59           27.75           12.53
              60          -6.274           11.61
              61          0.2782           16.48
              62           25.07           11.47
              63           36.72            13.2
              64           5.523           13.31
              65          -36.83           12.13
              66          -9.862            17.9
              67           13.72           14.87
              68          -25.55            12.9
              69          -22.19           12.46
              70           6.658           15.31
              71           39.26           13.55
              72           17.36           12.49
              73          -19.84           12.24
              74           6.764           13.89
              75           32.86           13.84
              76           4.625           12.24
              77          -29.61           12.25
              78           21.15           13.38
              79           55.21           15.51
              80          -16.96              14
              81          -25.54            11.8
              82           -11.8           15.25
              83           36.03           11.98
              84          -14.32           13.04
              85          -20.88           11.73
              86          -13.09            12.6
              87           19.68           11.81
              88          -16.27           12.25
              89          -31.72           12.91
              90           13.35           11.67
              91           41.42           12.78
              92            6.33           11.55
              93          -23.35           15.53
              94           32.51           11.58
              95           57.46            13.7
              96          -8.647           12.38
              97          -15.91           12.82
              98           -5.36           16.54
              99           28.81           14.95
             100           8.866           12.25
             101          -19.66           12.63
             102           2.522           14.19
             103           25.15           13.53
             104          -10.11            12.4
             105          -24.82           12.04
             106           9.605           13.92
             107           32.12           13.91
             108           -20.1           12.28
             109          -14.41           11.98
             110           39.57           14.96
             111           56.09            14.2
             112          -14.12           13.53
             113          -27.11           11.58
             114           -6.55           14.27
             115           38.32           12.12
             116          -14.43           12.35
             117          -39.63           11.67
             118          -12.19           11.86
             119           32.83           11.63
             120           6.512           11.74
             121          -36.22           12.93
             122           10.18           11.25
             123           51.14           13.38
             124          -7.807           11.13
             125          -17.05            18.1
             126           22.55           11.44
             127           75.66           14.22
APV              147               8              16               1
               0           91.75            54.4
               1          -2.355           44.78
               2          -10.85           24.08
               3          -26.64           20.53
               4          -99.45           14.94
               5          -19.75           11.37
               6          -24.72           11.38
               7           12.66           11.66
               8          -9.662           11.95
               9           5.888           11.23
              10          -23.86           11.33
              11           36.17           12.36
              12          -13.68           11.81
              13          -4.336           11.24
              14          -11.05           10.94
              15           76.45           27.73
              16          -34.93           13.53
              17          -4.823           11.12
              18         -0.3296           10.94
              19           24.37           11.45
              20             -30           13.07
              21          -1.956           10.44
              22          -25.82            10.9
              23           18.64           11.53
              24          -16.48           12.26
              25          -30.56           11.07
              26          -5.196           10.41
              27           30.25            12.4
              28          -14.91           11.24
              29          -14.89            10.9
              30           11.35           10.98
              31           66.11           12.99
              32          -16.59           14.12
              33          -19.42           12.61
              34          -8.413           11.09
              35           31.23           11.52
              36          -21.18           13.16
              37          -14.52           11.13
              38          -10.26           10.89
              39            34.8           12.17
              40          -7.091           12.05
              41           3.037           11.21
              42          -12.39           11.33
              43           61.48            24.1
              44          -28.79           11.55
              45           2.597           11.69
              46            5.76           11.26
              47           92.21            25.1
              48           -32.9           13.44
              49            7.85           12.44
              50          -33.74           10.98
              51           9.174           11.03
              52          -41.56           12.56
              53          -12.26           10.47
              54          -18.49           10.71
              55           57.88           11.92
              56          -15.55           12.11
              57            4.18           10.44
              58          -19.53           10.98
              59           49.85              23
              60          -10.32           10.88
              61          -5.095           11.02
              62           30.18           11.24
              63           89.21            25.2
              64           -31.4           13.47
              65           1.402           11.24
              66           1.749           10.58
              67           18.01           11.76
              68          -8.593           13.07
              69           1.186           11.02
              70          -2.716           10.73
              71           35.63           26.66
              72          -36.34           11.99
              73          -1.877           11.02
              74          -5.875           10.97
              75           74.74           23.81
              76          -16.75           11.57
              77          -3.993           10.63
              78          0.6354            11.1
              79           109.7           22.39
              80          -37.92           13.46
              81          -15.04           11.52
              82          -17.96           10.45
              83           19.61           11.62
              84          -19.47           13.17
              85           -12.3           11.03
              86           0.209           10.13
              87           55.73           12.09
              88          -24.09           12.24
              89            5.58           10.79
              90          -7.354           10.28
              91           74.61           12.83
              92          -8.747           11.11
              93          -15.84           10.37
              94           6.139           10.59
              95           82.24           22.96
              96          -29.73            13.7
              97          -2.935           11.21
              98           8.426           11.23
              99           40.91           12.76
             100          -21.16           13.37
             101          -18.81           11.27
             102           -21.7           11.18
             103            25.7           25.63
             104          -28.76           12.01
             105          -13.47           11.74
             106          -12.06           11.07
             107           67.51           26.05
             108          -6.524           10.74
             109           30.09           11.46
             110           15.31           11.32
             111           104.1           47.81
             112          -11.11            13.7
             113          -4.392           11.14
             114          -2.033           10.39
             115           10.03           11.36
             116           -27.1           12.85
             117           6.792           10.69
             118          -22.66           10.48
             119           54.43           20.03
             120          -13.24           11.65
             121           16.05            10.7
             122          -1.818           10.35
             123           69.05            21.4
             124           1.622           10.81
             125          -8.978           10.48
             126           1.596           10.72
             127           103.6           33.75
APV              147               8              16               2
               0           63.97            54.8
               1             -12           44.92
               2         -0.1004           26.65
               3          -63.85           22.89
               4          -131.1           14.85
               5          -42.84           13.23
               6          -36.16           17.37
               7          -1.767           13.23
               8          -51.78              12
               9          -9.747           13.33
              10           18.32           13.64
              11           38.64            13.4
              12          -59.91           12.26
              13          -7.867           13.59
              14           28.83           13.54
              15           37.07           12.99
              16           -33.1           13.75
              17           -2.72           11.79
              18          -8.639           21.38
              19           10.38           11.44
              20          -68.84           12.94
              21          -32.23           12.09
              22           15.56           13.05
              23           37.08           11.39
              24          -48.53           12.06
              25          -5.691           12.35
              26           37.19           12.25
              27           38.84           12.41
              28           -39.9           11.56
              29          -2.224           14.28
              30           22.08            11.4
              31           46.36           12.31
              32           -42.5           14.01
              33          -8.415           13.02
              34           20.59           14.64
              35           22.52           14.77
              36          -74.29           12.56
              37          -11.19           13.11
              38           40.98           14.62
              39           23.67            13.1
              40          -52.54           12.49
              41           5.089           12.49
              42           35.48           15.24
              43           51.83           13.97
              44          -46.18           13.76
              45           7.116           12.66
              46           8.822           12.82
              47           49.42           13.39
              48          -54.82           13.95
              49          -13.66           11.52
              50           1.857           17.24
              51           20.42           11.23
              52           -58.2           12.42
              53         -0.0554           11.91
              54          0.8432           12.14
              55           38.62            11.4
              56          -65.04           12.04
              57            11.4           13.28
              58           0.627           11.55
              59           42.74           12.49
              60          -53.02           11.64
              61          -17.14            16.1
              62           24.29           11.39
              63           48.22            12.5
              64          -26.52           13.61
              65          -8.636           11.59
              66           11.31           17.68
              67           7.065           14.52
              68          -59.45           12.75
              69           3.228           11.81
              70          -8.614           14.87
              71           25.51           13.36
              72          -47.95           11.96
              73          -2.383           11.55
              74            15.8           13.97
              75            26.8           13.18
              76          -11.29           11.69
              77          -15.63           11.48
              78           10.72           12.86
              79           58.95           13.76
              80          -68.79           14.35
              81          -15.31            11.4
              82           16.86           15.15
              83           25.16           11.29
              84          -69.41              13
              85          -11.76           11.34
              86           18.24           11.88
              87           41.96           11.33
              88          -42.84           11.97
              89          -6.454           12.31
              90           5.563           14.19
              91           32.28           12.24
              92          -47.17           11.41
              93          -10.82           14.97
              94           15.01           11.09
              95            57.8           13.53
              96          -66.28           12.79
              97          -1.327           11.94
              98           16.19           16.88
              99          -3.408           14.34
             100          -48.52           12.64
             101         -0.7944           11.75
             102           20.33           14.37
             103            38.2           13.33
             104          -61.56            12.1
             105         -0.0304           11.35
             106           36.18           13.12
             107           50.82           13.44
             108          -38.18           11.91
             109           18.56            11.8
             110           36.43              15
             111            89.1           14.58
             112          -30.63           14.09
             113           4.633           11.15
             114           30.53           14.19
             115           20.14            11.4
             116          -63.32           12.46
             117           17.84           11.39
             118           23.68           11.51
             119           27.38            11.6
             120          -45.24           11.73
             121          -13.08           12.32
             122           25.42           14.08
             123              34           12.21
             124           -40.5           10.99
             125           11.28           17.56
             126           26.34           11.02
             127           74.27           14.06
APV              147               7              15               0
               0           46.58           50.01
               1          -14.31           37.52
               2          -23.84           22.56
               3          -103.2           17.93
               4           -90.8           11.62
               5          -42.87           9.508
               6          -2.556           13.05
               7           2.477           9.142
               8          -42.28           8.985
               9         -0.9188           9.545
              10           7.333           9.595
              11           20.43           9.167
              12          -17.78           9.317
              13          -16.72           9.927
              14           28.77           9.809
              15            58.4           9.835
              16          -43.63           10.93
              17          -38.53           10.06
              18          -27.42           20.98
              19          -19.16            9.99
              20          -34.63           10.02
              21           -9.58           9.733
              22           17.35           12.15
              23           35.58            8.38
              24          -24.03           9.287
              25          -15.41           10.44
              26           13.53           10.46
              27           32.08            8.49
              28          -20.07           8.929
              29          -18.25           12.23
              30           14.86           9.967
              31            55.8           8.902
              32          -25.87            10.3
              33          -1.315           9.256
              34           20.49           10.33
              35           14.33           10.02
              36           -39.5           9.428
              37          -14.15           9.651
              38           13.26           10.39
              39           21.78           9.276
              40          -19.32           9.337
              41           1.053           8.994
              42           23.91           10.65
              43           34.55           9.071
              44          -29.08           10.66
              45          -12.36            9.25
              46           40.79           9.599
              47           53.99           10.18
              48          -47.55           11.66
              49          -14.24           9.611
              50          -7.312           16.65
              51          -4.849           8.686
              52          -41.41           9.504
              53          -31.52           10.23
              54           3.883            11.6
              55           26.34           8.166
              56          -36.01           9.116
              57          -16.38           11.22
              58           17.39           10.51
              59           35.97           8.596
              60          -28.24           8.899
              61          -11.65            13.9
              62           36.49           10.25
              63           59.58           9.499
              64          -26.75           10.42
              65          -16.65            8.59
              66            14.3           16.41
              67            24.9           12.12
              68          -29.84           9.357
              69          -19.63           8.245
              70          -2.871           13.19
              71           25.45           9.549
              72          -6.912           8.588
              73          -4.608           8.145
              74           38.62           12.11
              75           66.34           9.454
              76          -15.65            8.89
              77          -10.94           8.379
              78           45.02           10.99
              79            65.4           11.02
              80          -28.11           11.97
              81          -16.91           8.395
              82           0.415           11.56
              83           22.12           8.212
              84          -27.28           10.31
              85          -13.93           8.422
              86           1.846           8.224
              87           31.69           8.232
              88          -31.78           9.028
              89          -17.06           9.201
              90            19.6           8.319
              91           42.36           8.924
              92          -36.47           8.497
              93          -9.081           11.43
              94           35.37            8.41
              95           65.46           9.822
              96          -19.71           9.681
              97           6.659           8.228
              98           17.62            15.1
              99          -2.526            11.3
             100          -48.38           9.359
             101          -16.03           8.377
             102          -2.173           12.34
             103           27.74           9.455
             104          -26.28           8.832
             105          -5.916           9.448
             106           31.48           11.85
             107           56.38           9.814
             108          -11.74           8.477
             109          -17.68           8.911
             110           33.16            12.1
             111           69.02           10.88
             112           -41.1           11.66
             113           -18.9           8.366
             114          -12.25           10.78
             115           11.19           7.941
             116          -55.37           9.597
             117          -22.37            8.26
             118           17.12           8.521
             119           40.96           8.354
             120          -18.37           10.35
             121           21.25           24.04
             122           34.48           8.777
             123           64.69           9.442
             124          -13.48           8.343
             125          -0.916            13.9
             126            53.1           8.315
             127          -38.64           9.554
APV              147               6              14               0
               0           70.61           50.33
               1          -24.67           39.84
               2           11.62           22.85
               3          -43.81           18.24
               4          -100.2           12.06
               5          -48.89           11.62
               6          -5.646           11.07
               7           3.994           9.881
               8          -45.06           10.01
               9          -6.397           10.86
              10          0.1536           9.624
              11           43.35            10.4
              12          -27.92           10.39
              13          -15.76           11.08
              14           3.692           9.683
              15           40.19           10.35
              16          -35.67           10.27
              17          -26.78           11.64
              18          -6.091           10.33
              19            37.2           9.933
              20          -29.03           10.14
              21          -34.59            11.9
              22           10.43           9.289
              23           31.12           9.516
              24          -32.55           10.21
              25          -21.55           11.71
              26           16.59            9.14
              27           28.24           9.981
              28          -21.73           9.838
              29          -18.32           11.81
              30           12.48            9.26
              31           34.89           9.949
              32          -14.43           10.26
              33          -37.23            11.5
              34           13.22            10.2
              35           27.72           10.47
              36          -45.09           10.09
              37           -29.2           11.31
              38           12.57           9.991
              39           45.23           10.39
              40          -13.67           10.24
              41           2.175           11.21
              42           37.36           10.74
              43           49.83           10.53
              44          -19.22           10.06
              45          -11.37           11.11
              46           14.12           9.876
              47           73.23           10.63
              48          -52.33           10.01
              49          -37.08            11.7
              50          -4.957           9.811
              51           14.23           9.409
              52          -28.77            9.86
              53          -18.85           11.53
              54           11.26           9.042
              55           34.44           9.622
              56           -29.3           9.959
              57          -21.29           11.57
              58          -1.225           8.895
              59           35.91           9.923
              60          -42.07           9.795
              61          -7.512           11.27
              62           31.37           9.154
              63           73.39            10.2
              64          -26.48           10.36
              65          -21.79           9.829
              66           20.46           11.03
              67           36.01           10.27
              68          -47.64            10.4
              69          -19.68           9.559
              70           9.109           10.43
              71           33.98           9.984
              72           -58.7           10.29
              73          -13.69           9.594
              74           11.36           9.932
              75           34.91           10.18
              76          -16.47           9.365
              77           9.622           9.398
              78           21.96           9.744
              79           65.14           10.46
              80          -27.72           10.37
              81          -21.34           9.609
              82          -1.519           9.159
              83           25.28           9.361
              84          -32.98           10.44
              85          -13.62           9.235
              86           2.783           8.609
              87           27.55           9.385
              88           -41.7           10.06
              89          -30.68           9.414
              90           16.75           9.207
              91           38.53           9.832
              92          -14.48           9.404
              93          -5.198           8.914
              94           40.21           9.097
              95           59.65           10.04
              96          -41.63           10.33
              97          -45.33           9.835
              98          -1.785           10.56
              99           27.98           10.45
             100          -30.84           10.01
             101          -2.886           9.469
             102           36.19           10.37
             103           39.23           9.938
             104          -47.87           10.33
             105           2.457           10.05
             106            25.8           10.57
             107           59.55           10.41
             108          -8.969           9.189
             109           9.745           10.03
             110           28.22           10.13
             111           69.38           10.53
             112          -50.07           10.34
             113          -15.18           9.507
             114           7.945           9.052
             115           33.75           9.417
             116          -52.82           10.03
             117          -24.41            9.08
             118           2.516           8.595
             119           46.55           9.545
             120          -21.38           10.01
             121          -1.011            8.91
             122           12.25           8.963
             123           55.22           10.08
             124           -20.6           9.418
             125          -35.49           9.426
             126            30.3           9.274
             127           35.98           10.35
APV              147               6              14               1
               0           61.99           49.16
               1          -11.95           39.13
               2           2.937           22.64
               3          -68.98           18.13
               4          -129.9           12.64
               5          -54.67           10.16
               6          -18.67           11.59
               7           22.73           10.74
               8          -55.18           10.87
               9          -27.62           9.838
              10           10.69           10.54
              11           50.28           11.13
              12           -16.7           10.56
              13           9.683           9.496
              14           23.65           10.41
              15           35.74           10.93
              16          -32.48           11.11
              17          -31.23           9.933
              18         -0.7424            11.4
              19           7.495           9.983
              20          -55.24            10.8
              21          -39.38           9.736
              22           -1.58           9.781
              23           23.29           9.951
              24          -47.33           10.94
              25          -38.99           9.862
              26           25.24           10.11
              27           35.62           10.75
              28          -26.61           10.28
              29          -3.328           9.379
              30           20.68           9.713
              31           46.06           10.63
              32          -21.53            11.1
              33          -16.85           10.31
              34           27.53           10.87
              35           26.39           10.99
              36          -56.18           10.76
              37          -5.191            9.75
              38           16.39           10.61
              39           42.66           10.86
              40          -26.06           11.04
              41           7.778            9.87
              42           35.44           11.27
              43           34.74           11.14
              44          -36.71           10.82
              45           4.964            9.71
              46           31.35           10.55
              47           42.52           11.31
              48          -40.73           11.03
              49          -14.95           9.821
              50          -9.321           10.59
              51            27.2           10.32
              52          -59.02           10.51
              53          -18.77           9.509
              54           18.15           10.06
              55           39.27           10.21
              56          -38.63            10.7
              57          -7.053            9.49
              58           16.96           10.05
              59            43.1           10.74
              60          -27.37           10.14
              61          -3.762           9.466
              62           26.73           9.876
              63           67.33           11.09
              64          -47.99            11.1
              65             -41           10.26
              66           12.35           11.46
              67              30           10.87
              68          -41.66           10.87
              69          -13.01           9.802
              70           4.825           10.55
              71           46.44           10.56
              72          -45.94           10.62
              73          -13.98           10.16
              74           15.81           10.79
              75           33.89           10.88
              76          -23.29           10.25
              77           1.863           9.691
              78           24.26           10.48
              79           51.81           11.51
              80          -64.07           11.04
              81          -34.48           10.54
              82           11.24            9.95
              83            34.3           10.07
              84          -52.52           10.76
              85          -12.08           9.994
              86           16.35           9.673
              87           45.38           10.14
              88          -36.71           10.41
              89           7.276           9.832
              90           12.18           9.692
              91           32.99           10.74
              92          -23.09           9.968
              93           10.11           10.01
              94           26.28           9.922
              95           73.81           11.08
              96          -37.42           11.08
              97          -49.02           10.61
              98           14.47           11.39
              99           40.94              11
             100          -52.68           10.48
             101          -21.78           10.05
             102           16.56           10.75
             103           34.68           10.81
             104          -65.13           10.67
             105           -24.5           10.53
             106           16.86           10.71
             107           38.41           11.16
             108           -38.9           10.08
             109           18.29           10.23
             110           40.59           10.81
             111           85.59           11.59
             112          -45.21           10.99
             113          -13.98           9.917
             114           5.444           10.12
             115           21.95           10.18
             116          -48.29           10.44
             117           -24.3           9.741
             118           2.038           9.095
             119           13.59           10.01
             120          -49.87           10.36
             121              -6           9.846
             122           6.997           9.531
             123           40.72           10.76
             124           -37.8           10.07
             125           14.76           10.46
             126              53           9.827
             127           71.31           11.34
APV              147               6              14               2
               0           76.15           46.95
               1          -37.43           37.15
               2         -0.7134           21.67
               3          -76.15           17.39
               4          -130.8           12.59
               5          -63.57           10.38
               6           7.586           11.46
               7           15.76           10.34
               8          -52.77            10.3
               9           -8.53           10.15
              10           22.35           10.51
              11           10.88           10.06
              12           -46.2           10.38
              13          -3.363            9.54
              14           32.28           10.43
              15           35.13           10.81
              16          -36.96           10.78
              17          -44.63           10.27
              18          -9.684           11.52
              19          0.4252           9.486
              20          -50.72           10.53
              21           -29.6           9.909
              22           24.44           10.17
              23           14.33           9.895
              24          -44.67           10.32
              25           -12.1           9.957
              26           22.92           10.07
              27           37.02           10.29
              28          -34.51           9.928
              29           -21.7           9.777
              30           29.86           9.764
              31            57.7           10.49
              32          -26.03           10.93
              33          -18.06           10.23
              34           24.69           10.53
              35           23.89           10.47
              36          -27.79            10.7
              37          -5.582           9.642
              38            30.6           10.41
              39           33.61           10.63
              40          -52.25           11.06
              41          -11.55           10.27
              42           41.57           11.36
              43           43.31           10.75
              44           -26.9           10.26
              45          -12.82            10.3
              46           26.69            10.4
              47            61.8           10.77
              48          -24.21           10.52
              49          -21.46           10.05
              50           6.214           10.67
              51           22.32           10.08
              52           -40.1           10.32
              53          -31.26           9.698
              54           18.51           9.656
              55           10.32           9.623
              56          -21.53           10.22
              57          -9.634           9.802
              58           44.19              10
              59           39.06           10.36
              60          -39.97           10.01
              61           -14.9           10.02
              62           25.16           9.497
              63           50.94           10.65
              64          -50.86           10.99
              65          -27.29           9.972
              66           15.37           11.19
              67           16.87           10.38
              68           -36.6           10.56
              69          -9.057           9.803
              70           26.43           10.95
              71           10.39           9.851
              72           -44.8           10.36
              73          -19.37           9.892
              74           28.08           10.64
              75           53.58           10.64
              76          -25.37           10.05
              77          -11.11           9.785
              78           21.25           10.33
              79           50.46           10.72
              80          -20.33           10.51
              81          -31.77           9.962
              82           24.62           10.31
              83           21.66           9.691
              84          -50.33           10.65
              85          -27.36           9.864
              86            25.8           9.766
              87            21.5           10.02
              88          -34.76           10.15
              89          -9.362           9.586
              90            18.7           9.644
              91           43.27            10.2
              92          -50.78           9.762
              93          0.9698            9.73
              94           44.55           10.02
              95              76           10.46
              96          -41.49           10.41
              97          -18.78           10.04
              98           15.75           11.17
              99            9.51           10.55
             100          -45.83           10.49
             101          -11.92           9.795
             102           36.03           10.81
             103           9.917           10.04
             104           -53.9           10.25
             105          -12.78           10.16
             106           13.56           10.44
             107           44.12           10.55
             108          -38.49           9.645
             109           31.81           10.31
             110           38.11           10.69
             111           76.72           10.94
             112          -24.93           10.51
             113          -16.87           9.959
             114           22.03           10.13
             115           2.199           9.456
             116          -43.87           10.17
             117          -39.13           9.582
             118           22.72           9.653
             119           24.89           9.746
             120          -44.85           10.19
             121           8.903           9.579
             122           32.84            9.68
             123           46.05           10.49
             124          -48.77           9.666
             125           9.865           10.37
             126           46.48           9.816
             127           37.96            10.9
APV              147               5              13               0
               0           107.9            45.9
               1           11.69           37.84
               2          -2.905           21.16
               3          -52.72            18.2
               4          -47.96           12.78
               5           -20.4            11.3
               6          -21.75           12.04
               7          -9.749           11.23
               8          -11.97           11.08
               9          -20.43           11.37
              10          -41.85           11.33
              11           23.23           11.84
              12          -14.47           11.32
              13          -11.91           10.97
              14          -10.61           11.33
              15           19.52           11.75
              16           35.68           11.87
              17          -3.553           10.87
              18          -30.24           13.01
              19           9.899            10.7
              20          -7.449            11.3
              21          -20.98           10.86
              22          -22.33           10.64
              23           11.97           10.99
              24          -13.32           11.27
              25           -32.5           11.16
              26          -40.43           10.85
              27            13.6            11.5
              28           3.787           10.77
              29          -19.59           10.94
              30          -1.513           10.39
              31            42.6           11.49
              32           21.36           11.94
              33           14.63            11.6
              34           -5.84           10.83
              35           14.16           11.36
              36          -6.306           11.04
              37          -23.98           11.41
              38          -2.107           10.86
              39           10.04           11.26
              40           7.409           11.88
              41         -0.3206           11.28
              42            5.51           11.54
              43           33.04           11.94
              44           4.176            11.2
              45          -16.11           11.57
              46          -4.971           10.87
              47            63.9           12.37
              48            22.6           11.84
              49          -7.635           10.74
              50          -25.15            11.8
              51           5.205           10.69
              52          -23.05           11.25
              53          -16.37           10.61
              54           0.966            10.3
              55           19.57           11.13
              56           4.021           10.94
              57          -22.86           11.19
              58          -6.644            10.6
              59           25.92           11.62
              60           25.26           10.99
              61          -14.89           10.88
              62           4.121           10.09
              63            51.1           12.03
              64           12.17           11.51
              65          -17.63           11.05
              66          -24.97           11.81
              67           4.957           11.05
              68           9.647           11.08
              69           9.934           11.01
              70          -18.86           11.69
              71            12.7            11.3
              72           5.662              11
              73          -24.33           11.15
              74          -11.94           11.24
              75           35.58           11.92
              76          -3.843           10.86
              77          -21.88           10.77
              78           7.149            10.8
              79           60.26           12.34
              80           31.93           11.69
              81          -11.43           10.75
              82           3.434           10.76
              83           6.643           10.66
              84          -3.373           11.23
              85          -10.15           10.44
              86          -32.76           10.55
              87           11.42           10.67
              88          -7.002              11
              89          -9.361           10.73
              90          -6.204           10.33
              91           20.19           11.57
              92           25.37           10.87
              93          -28.76           10.89
              94          -3.502           10.23
              95           74.49           11.92
              96          0.5594           11.13
              97          -18.82           11.33
              98          -14.02           11.79
              99           25.41            11.9
             100          -6.953           11.16
             101          -19.95           11.08
             102           -8.27           11.08
             103           24.27           11.45
             104           1.041           11.07
             105          -8.479           11.38
             106          -9.683           11.29
             107           50.94           12.26
             108           1.857           10.78
             109          -10.98            10.7
             110           6.382           11.34
             111           85.21           12.39
             112           12.02           11.43
             113          -2.283           10.77
             114          -2.719           10.74
             115           8.023           10.79
             116            4.94            10.8
             117           -14.2           10.46
             118          -18.67           10.46
             119           18.02           11.05
             120          -6.399            10.9
             121          -10.19           10.56
             122           3.017            10.2
             123           49.32           12.15
             124          -3.269           10.38
             125          -15.53           11.17
             126            8.78           10.39
             127           77.08           12.22
APV              147               5              13               1
               0           56.23           47.17
               1          -32.36           38.69
               2          -22.49            21.5
               3           -39.9           18.65
               4          -107.3           13.33
               5          -55.93           11.42
               6          -14.39           12.65
               7           21.64           11.97
               8          -29.33           11.49
               9          -23.53           11.45
              10           19.66           11.68
              11           41.47           11.81
              12          -15.24           11.58
              13          -11.67           10.95
              14           24.97           11.74
              15           46.52            12.1
              16          -21.74           11.99
              17          -53.72           11.22
              18          -22.12           10.77
              19           17.69           11.01
              20          -32.59           11.93
              21          -47.34           11.06
              22          0.9752           10.22
              23           25.27           11.39
              24          -14.81           11.32
              25          -53.08           11.09
              26            25.5           10.71
              27           41.55           11.61
              28          -18.64           11.01
              29             -24           11.03
              30           12.99           10.61
              31           53.86           11.62
              32          -10.89            12.1
              33          -23.32           11.86
              34           3.961           10.97
              35            32.6           11.94
              36          -14.28           11.78
              37          -30.41           11.17
              38           2.614           11.05
              39           49.93            11.8
              40          -26.37           12.32
              41          -15.68           11.36
              42           29.32           12.22
              43              44           12.31
              44             -14           11.38
              45          -15.43            11.4
              46           18.01           11.61
              47           40.78           12.62
              48          -24.08           11.96
              49          -41.63           11.07
              50           8.993           11.21
              51           34.74           11.09
              52          -31.04           11.56
              53          -27.76           10.88
              54           11.09           10.48
              55           50.37           11.29
              56           -36.7           11.53
              57           -31.4           10.99
              58           20.78           10.75
              59           40.49           11.57
              60          -23.22           10.81
              61             -34            10.9
              62           20.77           10.51
              63           68.68           12.11
              64          -3.976           11.99
              65           1.674           10.87
              66           0.582           11.56
              67           33.31           11.66
              68          -16.58            12.1
              69          -28.94           10.96
              70           8.251           11.45
              71           37.59           11.56
              72          -14.08           11.68
              73          -26.07           11.24
              74           10.64           11.34
              75           50.24            12.2
              76          -16.68           11.25
              77          -15.01           10.81
              78           37.68            11.6
              79           57.97           12.54
              80          -22.12           11.97
              81          -37.69           10.89
              82           4.134           10.73
              83           37.49            10.7
              84          -25.04           11.81
              85          -24.62           10.77
              86           19.99           10.57
              87           33.32           10.97
              88          -5.773           11.01
              89          -32.43            10.8
              90           13.63           10.47
              91           35.79           11.71
              92          -37.95           11.03
              93          -31.52           10.89
              94           22.54           10.34
              95           54.44           12.17
              96           1.125           11.81
              97          -12.61           10.91
              98           7.855           11.49
              99           22.68           11.66
             100          -26.03           11.64
             101          -40.56           11.04
             102          -4.728           11.19
             103           32.87           11.64
             104          -33.91           11.74
             105          -13.68            11.4
             106           31.54            11.9
             107           36.91           12.19
             108          -24.33           11.09
             109          -16.93           11.27
             110           44.31           11.89
             111           70.45           12.88
             112          -3.704           11.43
             113          -25.19           11.08
             114            -8.2           10.64
             115           19.85           10.79
             116          -26.65           11.33
             117          -41.47           10.74
             118           12.48            10.3
             119            34.9           11.19
             120          -41.86           11.23
             121          -17.37           10.84
             122           32.79           10.53
             123           49.18           11.96
             124           -22.1            10.9
             125          -19.88           11.16
             126           36.06           10.64
             127           62.64           13.06
APV              147               4              12               0
               0           97.87           50.19
               1           5.238           39.31
               2          -15.35           22.68
               3          -72.64            17.6
               4          -58.06           11.89
               5          -34.53           9.953
               6          -16.69           10.23
               7          -9.744           9.108
               8          -26.49           9.652
               9           5.451           9.303
              10          -15.71           9.488
              11          -5.514            9.26
              12           -25.4           9.835
              13           3.915           9.105
              14           10.48           9.298
              15           28.73           9.656
              16           12.98           9.392
              17          -16.84           9.322
              18          -12.93           9.916
              19          0.1448           9.078
              20          -29.61           9.715
              21          -22.11           9.286
              22          -14.47               9
              23           3.549           8.622
              24          -14.81            9.46
              25           11.72           9.206
              26           1.592           8.617
              27           19.66           9.296
              28          -23.67           9.429
              29          -1.466           8.583
              30          -4.243           8.566
              31            13.3            9.12
              32          -9.762           9.605
              33          -17.24           9.629
              34           3.033             9.1
              35          -2.685           9.092
              36          -29.18           9.635
              37           -11.6           9.307
              38          -3.827           9.316
              39           28.38           9.559
              40          -8.542           9.441
              41           13.34           9.643
              42            20.3            9.67
              43           28.73           9.717
              44          -2.394           9.153
              45           11.18            9.71
              46            10.5           9.186
              47           31.76           9.961
              48          -19.95           9.582
              49          -19.42           9.274
              50          -7.428           9.427
              51           14.76           8.989
              52          -13.11           9.451
              53          -6.214            8.96
              54         -0.4604           8.668
              55           13.53           8.768
              56           -16.7            9.38
              57           30.55           9.188
              58              17           8.938
              59           11.24           8.963
              60          -19.99           9.159
              61          -9.745           9.044
              62          -1.047           8.302
              63           43.37           9.835
              64           13.07           9.595
              65            6.85           8.729
              66           1.904           9.232
              67          -9.412           8.999
              68          -16.65           9.551
              69           13.77           9.154
              70          -5.893           9.088
              71           6.287           8.767
              72          -0.833           9.132
              73           8.899           8.828
              74          -5.558           9.122
              75           8.409           9.336
              76          -24.19           9.341
              77           3.158           8.818
              78          -15.62           9.237
              79           24.49           9.801
              80          -27.25           9.645
              81          -9.661            9.09
              82          -2.883           8.767
              83           30.61           9.246
              84           16.31           9.691
              85           8.554           8.861
              86            3.33           8.304
              87           -9.05           8.963
              88          -9.462           9.112
              89           5.723           8.686
              90          -2.465           8.551
              91           24.93           9.661
              92          -23.73           8.997
              93          -11.68           8.898
              94          -6.656           8.308
              95           15.63           9.345
              96          -2.905            9.34
              97           3.096            9.11
              98          0.8098           9.654
              99           8.759           9.256
             100          -18.96           9.603
             101          -7.342           8.893
             102           -5.98            8.98
             103           12.66           9.114
             104          -21.98           9.496
             105           14.04           9.673
             106           8.631           9.309
             107           12.56             9.8
             108          0.3954           8.719
             109           12.91           9.432
             110           21.13           9.347
             111           50.83           9.928
             112           2.797           9.098
             113           15.29           9.066
             114           14.26            8.86
             115          -1.948           8.782
             116           -18.7           9.335
             117           21.96           8.714
             118          -3.365           8.186
             119           3.366           8.573
             120           2.608           9.075
             121           6.367           8.658
             122          0.9894           8.518
             123           12.35           9.304
             124         -0.5272           8.641
             125           23.19               9
             126          -1.069           8.532
             127          -45.37           9.788
APV              147               4              12               1
               0           92.75            49.2
               1          -38.75           39.91
               2          -30.94           22.52
               3          -61.53            18.4
               4          -93.97           11.85
               5          -43.75           10.11
               6          -19.37           10.59
               7           34.79           10.02
               8          -30.23           9.775
               9          -25.85           9.995
              10           9.232           9.821
              11           44.34           10.17
              12          -27.66           9.899
              13          -21.08           9.607
              14           31.83           10.05
              15           66.84           9.999
              16          -23.66           9.883
              17          -36.97           9.773
              18             -31           10.23
              19           19.53           9.774
              20          -17.82           9.815
              21          -47.77            9.34
              22          -4.022           9.003
              23           36.77           9.184
              24          -33.41           9.901
              25          -9.719           9.614
              26           14.95           9.261
              27           47.34           9.865
              28          -20.54           9.449
              29          -31.05           9.486
              30           15.96           9.328
              31           73.55           9.858
              32           0.108            9.68
              33          -31.57           10.05
              34           2.239           9.771
              35           34.95           10.19
              36          -16.31           9.966
              37          -24.41           9.577
              38          -8.016           9.783
              39           50.84           10.17
              40          -27.16           10.29
              41          -7.433           9.677
              42          0.4646           9.755
              43           53.69           10.29
              44          -26.16            9.74
              45           13.11           10.04
              46           24.77           9.712
              47              95           10.51
              48           6.776           9.584
              49          -16.62            9.47
              50            0.08           9.367
              51           17.26           9.523
              52          -39.67           9.599
              53          -32.78           9.189
              54          -21.19           9.428
              55           31.04           9.374
              56          -32.47           9.646
              57          -17.73           9.297
              58            8.92           8.996
              59           67.47           9.805
              60          -22.86           9.167
              61          -3.667           9.101
              62           24.06           9.244
              63           72.02           9.833
              64          -12.78           9.993
              65          -19.14           9.642
              66           4.138            9.79
              67           22.42           9.574
              68          -38.98           9.834
              69          -27.76            9.64
              70          -2.268           9.641
              71           35.99           9.863
              72          -35.19           9.894
              73          -22.23           9.763
              74           16.51           9.539
              75           66.51           9.981
              76          -28.12            9.46
              77          -3.673           9.092
              78           22.78           9.673
              79           84.58           10.23
              80          -7.701            9.73
              81          -25.14           9.597
              82          -4.858           9.222
              83           24.06           9.248
              84          -25.05           10.09
              85           -19.4           9.295
              86            17.5            8.92
              87           26.16           9.152
              88          -51.56            9.77
              89          -23.09           9.715
              90           6.716           8.926
              91           57.67           9.928
              92          -26.09           9.318
              93          -11.85           9.219
              94           30.06           9.116
              95           100.1           10.09
              96           3.395           9.539
              97          -20.77           9.757
              98           1.139           9.849
              99           27.01            10.2
             100          -29.17           10.05
             101          -21.33           9.622
             102           15.89           9.708
             103           52.14            9.77
             104           -32.3           9.931
             105          -15.12           10.05
             106           10.41           9.724
             107           59.36           10.07
             108          -21.65           9.525
             109          0.5918           9.496
             110           24.52           9.797
             111           116.1            10.4
             112          -15.07           9.705
             113          -25.07           9.472
             114          0.0104            8.83
             115           26.77           9.373
             116          -53.76           9.596
             117          -8.729           8.738
             118           14.54            8.97
             119           31.88           9.321
             120          -34.71           9.472
             121          -18.85           9.248
             122           11.62           8.862
             123           62.95           9.529
             124          -11.43            9.07
             125          -5.008           9.287
             126           36.26           9.247
             127           71.17           10.16
APV              147               4              12               2
               0           82.99           48.65
               1          -12.75           38.12
               2          -16.68           22.36
               3          -74.02           17.63
               4          -101.7           12.36
               5          -59.36           10.57
               6          -9.356           10.78
               7           28.12           10.07
               8          -32.99           10.15
               9          -20.35           10.22
              10           13.17           10.21
              11           19.01           10.14
              12          -50.09           10.49
              13           -18.4            9.99
              14           36.95           10.12
              15           32.33           10.07
              16          -7.244           9.994
              17          -31.67           9.918
              18           -2.65           10.02
              19           9.204           9.771
              20          -49.45           10.24
              21          -33.78           9.714
              22            3.28           9.172
              23           20.81           9.365
              24           -19.1           10.08
              25          -3.228           9.453
              26           33.18           9.812
              27           32.88           10.05
              28          -26.02           9.755
              29          -14.25           9.451
              30           12.79           9.253
              31           48.82           9.995
              32          -36.89           10.62
              33          -31.38           10.52
              34           6.625           10.08
              35           18.26           10.09
              36          -39.16           10.33
              37          -25.28           9.944
              38           25.68           10.27
              39           27.24           9.975
              40          -31.75           10.82
              41          -21.75           10.33
              42           10.71           10.61
              43            50.3            10.5
              44          -42.93           10.24
              45          -11.82           10.19
              46            35.6           10.09
              47           41.63           10.59
              48          -39.32           10.24
              49          -37.23           10.01
              50          -20.24           9.995
              51          -1.421           9.219
              52          -29.75           9.939
              53          -22.92           9.591
              54           31.62           9.715
              55           27.41           9.477
              56          -39.64           9.998
              57          -12.91           9.411
              58           13.49           9.562
              59           34.42           9.925
              60          -37.21           9.734
              61          -15.49           9.776
              62            12.4           9.166
              63           31.35           9.814
              64          -13.72           10.29
              65          -9.013           9.744
              66           26.56           10.49
              67           40.23           9.684
              68           -38.3           10.13
              69          -8.749           9.392
              70           24.91           10.19
              71           46.65           9.851
              72          -14.16           10.01
              73           11.03           9.796
              74           17.99           10.15
              75           29.29           10.11
              76          -13.68           9.678
              77           -16.2           9.577
              78           56.75           10.06
              79           58.91           10.26
              80          -30.02           10.59
              81          -28.69           9.943
              82           15.71           9.735
              83           34.41           9.599
              84          -44.51           10.02
              85          -6.074           9.473
              86           3.857           8.987
              87           30.95           9.668
              88          -42.51           9.976
              89          -3.774           9.389
              90           23.68           9.652
              91           40.97           9.908
              92          -32.95           9.757
              93          -2.466           9.099
              94           46.96           9.423
              95           66.34           10.12
              96          -18.19           10.29
              97          -17.48           10.09
              98           10.16           10.47
              99           8.043           9.885
             100          -36.79           10.21
             101          -16.61           9.785
             102           28.69           10.13
             103           20.72           9.717
             104          -28.47           10.35
             105          -16.84           9.993
             106           24.05           10.16
             107           32.34           10.23
             108           -29.1           9.891
             109          -2.801           9.722
             110           42.55           9.815
             111           54.08           10.24
             112          -46.38           10.46
             113          -12.46           9.516
             114           12.42           9.669
             115           12.68           9.424
             116          -8.986           9.718
             117          -17.49           9.424
             118           24.83           9.235
             119           25.49           9.403
             120          -17.35           9.782
             121          -24.05           9.671
             122           12.09           9.323
             123           28.77             9.8
             124          -38.07           9.653
             125          -8.308           9.549
             126           47.34           9.511
             127           20.07           9.948
APV              147               3              11               0
               0           125.9           56.51
               1          -23.19           46.81
               2          -17.88           24.99
               3           4.113           20.98
               4          -79.98           13.17
               5          -58.74           11.99
               6           -10.8           12.57
               7            8.93           11.85
               8           -47.1           11.82
               9          -29.15           11.97
              10          -4.986           11.58
              11           41.93           12.55
              12          -36.15           12.05
              13          -30.48           11.73
              14           14.56           11.99
              15           64.23           12.23
              16          -9.255           11.53
              17          -25.92           11.49
              18          -7.095           12.04
              19           34.86           11.67
              20          -38.12           11.89
              21          -40.68           11.44
              22            2.37           10.95
              23           31.72           11.47
              24          -43.74           11.94
              25          -45.66           11.77
              26           6.022           11.04
              27           49.89           11.71
              28          -14.41            11.1
              29          -26.68           11.52
              30           26.39           11.37
              31           77.14           11.83
              32          -17.43           11.89
              33          -34.12           12.25
              34          -7.531           11.69
              35            14.1           12.13
              36          -48.62           11.89
              37           -41.5           11.71
              38           2.368           11.51
              39            35.9           12.21
              40          -38.69           12.11
              41          -17.96           11.86
              42           11.07            12.5
              43           55.92           12.38
              44           -52.7              12
              45            3.54           11.74
              46           30.12           11.74
              47           83.42            12.6
              48          -13.18           11.69
              49          -7.677           11.38
              50         -0.0048           11.48
              51           26.32           11.58
              52          -13.99           11.38
              53          -21.86           11.43
              54          -4.116           10.74
              55           11.21           11.23
              56          -30.03           11.57
              57          -33.32           11.59
              58           16.39           11.35
              59           42.16           11.82
              60          -18.86           11.08
              61          -13.69           11.52
              62           9.227           10.71
              63           77.28           12.34
              64          -14.88           11.78
              65          -17.56           11.55
              66           7.853           11.86
              67           24.63           11.93
              68          -35.88           11.68
              69          -20.92           11.48
              70           9.993           11.88
              71           53.56              12
              72          -43.31           11.85
              73          -21.14           11.74
              74           21.99           11.85
              75           80.02           12.16
              76          -34.31           11.76
              77           2.388           11.16
              78           24.19           11.89
              79           80.29           12.37
              80          -24.75           11.79
              81          -34.91           11.45
              82          -3.882           11.14
              83           38.72           11.09
              84          -31.77           11.62
              85          -14.97           11.55
              86           7.133           10.73
              87           45.98           11.16
              88          -33.37           11.67
              89          -24.87           11.31
              90           12.24           10.89
              91           63.36           11.89
              92          -33.46           11.29
              93          -2.993           11.07
              94           22.91           11.07
              95           67.87           12.12
              96          -12.92           11.67
              97          -16.79           11.73
              98           2.171           11.97
              99           40.55           12.33
             100          -40.08           11.91
             101          -31.36           11.96
             102           17.12           11.84
             103           40.82           11.92
             104          -46.35           12.01
             105          -13.88           11.68
             106           12.83           11.91
             107           55.04           12.44
             108          -29.56            11.8
             109            7.75           11.48
             110           21.69           11.88
             111           122.1           12.96
             112          -5.327           11.17
             113          -6.789           10.96
             114           14.26           11.37
             115           49.43           11.31
             116          -30.22           11.24
             117          -20.78           11.18
             118           24.69           11.07
             119           63.39           11.27
             120          -26.41           11.72
             121           0.031           11.39
             122           10.83           11.01
             123           57.06           11.85
             124          -34.62           11.14
             125          -4.491           11.36
             126           17.57           10.85
             127           122.6           12.65
APV              147               3              11               1
               0           118.1           55.37
               1          -24.52           45.66
               2          -6.241           24.18
               3           9.754           20.71
               4          -109.1            12.9
               5          -86.03           11.68
               6          -23.18           12.97
               7           39.84           12.09
               8          -25.57           11.55
               9          -54.88           11.76
              10            30.8            12.1
              11            57.5           12.18
              12          -56.37           11.95
              13          -23.93           11.01
              14           43.58           12.12
              15            55.6           11.91
              16          -18.74           11.58
              17          -48.17           11.45
              18         -0.6024           12.23
              19           13.87           11.11
              20          -23.83           11.47
              21          -62.25           11.34
              22           4.275           10.92
              23            29.9           11.03
              24          -49.52           11.41
              25          -37.98           11.48
              26           13.17              11
              27           46.33            11.9
              28          -43.69           11.16
              29          -37.44           11.48
              30           34.15           11.14
              31           69.78           11.84
              32          -20.78           11.78
              33          -38.97           12.03
              34           -13.1           11.85
              35            48.2           12.49
              36          -36.42           11.59
              37          -57.56           11.56
              38           10.08           11.68
              39           50.52           12.09
              40          -32.82           12.04
              41          -21.31           11.91
              42           25.63           12.61
              43           58.65           12.45
              44          -53.11           11.77
              45          -29.71           12.09
              46           49.33           11.86
              47            78.7           12.85
              48          -22.93           11.33
              49          -47.42           11.19
              50           -10.7           11.58
              51           52.17           11.21
              52          -18.69           11.22
              53          -49.48           11.14
              54           5.242            10.9
              55           41.86           10.94
              56          -52.41           11.41
              57          -42.12           11.68
              58           29.08           11.17
              59           51.78           11.78
              60          -34.68           11.11
              61          -22.41           11.27
              62           30.04           10.86
              63            83.5           12.27
              64          -23.01              12
              65          -26.85           11.61
              66           11.76           12.34
              67           40.07           11.93
              68           -26.1           11.57
              69          -39.11           11.52
              70           20.41           12.13
              71           42.08           11.85
              72           -42.7            11.5
              73          -39.06           11.43
              74           46.21           11.88
              75           52.81           11.96
              76          -32.65           11.41
              77          -27.64            11.4
              78            43.6            11.6
              79           93.28           12.52
              80          -16.92           11.57
              81          -36.06           11.48
              82           4.274           11.58
              83           31.59           11.13
              84          -7.833           11.32
              85          -35.01           11.11
              86           11.43           10.81
              87           58.81           11.05
              88          -37.86           11.62
              89          -33.82           11.53
              90           23.46           11.05
              91           49.62           11.62
              92          -51.71           10.85
              93          -13.09           11.35
              94           48.49           11.08
              95           90.55           12.16
              96          -26.84           11.66
              97          -45.27            11.9
              98           20.66            12.4
              99           35.95           12.23
             100           -26.4           11.35
             101          -54.09           11.25
             102           1.275            11.5
             103           54.03           11.92
             104          -14.39           11.75
             105          -40.26              12
             106           23.95           11.86
             107            69.5            12.5
             108          -34.89           11.38
             109           6.067           11.12
             110           53.79           12.01
             111           102.3            12.5
             112          -28.59           11.11
             113          -52.24           11.36
             114           7.072            11.1
             115           60.13           11.16
             116          -27.35           10.96
             117          -35.57           10.88
             118           23.55           10.78
             119            63.5           11.18
             120          -38.95           11.42
             121          -23.88           11.43
             122           38.82           11.03
             123           39.07           11.65
             124          -46.98           10.91
             125          -6.031           11.61
             126            60.1           10.75
             127           145.1           12.43
APV              147               3              11               2
               0           98.86           51.54
               1          -13.61           42.79
               2           2.803           23.28
               3          -8.321            19.9
               4          -130.7            12.7
               5          -87.56           11.73
               6          -1.073           12.59
               7           17.76           12.07
               8          -57.76           11.54
               9          -53.74           11.71
              10           17.33           11.55
              11           46.72           11.89
              12          -51.37           11.79
              13          -6.667           10.75
              14           46.26           11.99
              15           105.5              12
              16          -31.86           11.27
              17          -44.44           11.28
              18          -8.608           11.85
              19           32.14           11.16
              20          -54.78           11.34
              21          -43.45           10.75
              22           22.11              11
              23           24.45           10.79
              24          -38.09           11.39
              25          -54.51           11.36
              26           9.657           10.57
              27           43.05           11.54
              28          -66.37           11.06
              29           -17.7           11.15
              30           30.13           10.77
              31           89.71           11.68
              32          -35.51           11.76
              33          -29.64           11.72
              34           32.92            11.9
              35           42.57           12.22
              36          -39.44           11.63
              37          -39.65           11.28
              38           19.28           11.59
              39           64.79           12.25
              40          -45.19           11.92
              41          -27.69           11.61
              42           27.44           12.19
              43            77.3            12.3
              44          -39.75           11.54
              45          -13.23           11.16
              46           38.45           11.93
              47           83.91           12.26
              48          -76.59            11.2
              49          -53.08           11.07
              50            22.5           11.65
              51           49.43           10.95
              52          -59.38           10.99
              53          -44.88           10.85
              54           19.37           10.86
              55           40.29           10.84
              56          -42.39           11.11
              57          -20.28           10.88
              58           9.573           10.72
              59           68.24           11.41
              60          -72.87           10.74
              61          -16.26           11.21
              62           40.07           10.76
              63           84.15           11.86
              64          -64.17           11.19
              65          -39.17           11.52
              66           22.04           12.28
              67           50.34           12.05
              68          -45.95           11.59
              69          -38.96              11
              70           38.25              12
              71           67.79           12.04
              72          -64.17           11.39
              73          -22.67           11.28
              74           41.98           12.03
              75           53.52           11.93
              76          -44.53           11.28
              77           7.343           10.61
              78           27.36           11.49
              79           110.2           12.24
              80          -43.59           11.42
              81          -30.85           10.95
              82            7.09           11.16
              83           53.33           11.32
              84          -52.78           11.28
              85          -19.01           10.79
              86           14.36           10.79
              87           67.98           11.14
              88          -64.85           11.01
              89          -22.72           11.22
              90           44.45           10.94
              91           97.64            11.5
              92          -56.67           10.95
              93          -14.91           11.22
              94           51.18           10.77
              95           102.2           11.86
              96          -47.61           11.35
              97          -31.34           11.55
              98           23.85           12.35
              99           44.18           12.46
             100          -65.05            11.6
             101          -41.05           11.44
             102           6.288           11.56
             103           42.25           11.76
             104          -55.68           11.69
             105         -0.5746           11.03
             106           44.71           11.95
             107           93.29           12.27
             108          -39.19           11.38
             109          -8.244           10.66
             110           48.87           11.93
             111           107.2           12.34
             112          -57.55           11.27
             113          -58.86           10.88
             114           31.67           11.51
             115           35.49           11.05
             116          -57.11           11.05
             117           -36.6           10.48
             118           18.12           10.48
             119           70.41           11.04
             120          -53.24           11.15
             121          -21.23           11.03
             122           31.59           10.44
             123           43.64           11.22
             124          -47.95           10.67
             125          -5.171           11.23
             126           57.15           10.97
             127           151.8           12.28
APV              147               2              10               0
               0           96.01           52.47
               1          -12.68           43.93
               2          -21.65           23.74
               3          -21.05           19.32
               4          -77.95           12.29
               5          -49.32           10.83
               6          -28.06           10.99
               7           28.25           10.54
               8          -40.47           10.18
               9          -7.768            10.4
              10          -8.659           10.03
              11           69.73           11.02
              12          -34.21           10.55
              13          -14.96           10.13
              14           28.63           10.55
              15           62.81            10.9
              16          -14.93           10.55
              17          -28.45            10.2
              18          -10.43           10.49
              19            18.6           10.12
              20          -9.797           10.33
              21          -16.97           9.724
              22          -30.02           10.05
              23           42.31           9.989
              24          -46.14           10.45
              25          -43.57           10.17
              26           2.397           9.579
              27           64.38           10.52
              28          -37.51           10.15
              29          -27.53           9.965
              30           11.42            9.84
              31           86.88            10.5
              32           9.221           10.53
              33          -9.577           10.65
              34          -1.059           9.928
              35           49.28           10.47
              36          -37.82           10.62
              37          -31.54           10.47
              38          -24.94            10.4
              39           61.65            10.7
              40          -50.89           10.97
              41           -19.2           10.66
              42            8.06           10.17
              43            52.8           10.93
              44          -41.58           10.53
              45          -20.66           10.98
              46           17.15           10.25
              47           92.56           11.27
              48          -7.944            10.3
              49          -8.436           9.723
              50          -32.36           10.12
              51           29.67           10.08
              52           -36.5           10.42
              53          -20.25           9.774
              54          -7.371            9.36
              55           47.06           10.03
              56          -29.06           10.34
              57          -14.49           9.933
              58           19.02           10.16
              59           67.98            10.6
              60          -31.33           9.895
              61             -16           9.891
              62           13.99           9.577
              63           79.44           11.15
              64          -14.65           10.65
              65          -6.256           10.08
              66          -12.74           10.32
              67           23.67           10.42
              68           -19.7           11.73
              69          -23.58           10.19
              70            15.8           10.24
              71           62.42           10.25
              72          -36.71           10.46
              73          -25.61           10.27
              74           8.536           10.01
              75           73.64           10.63
              76          -35.65           10.43
              77           -4.94           9.842
              78           37.95           10.25
              79           88.93           10.66
              80         -0.8812           10.27
              81          -16.76           10.13
              82          -16.36           9.793
              83           52.26           10.02
              84          -24.84           10.43
              85          -20.42           9.877
              86          -10.92           9.573
              87           62.65           10.02
              88           -36.9           10.38
              89          -11.05           10.01
              90           11.66            9.46
              91           64.71           10.62
              92           -21.7           9.839
              93          -17.15           9.962
              94           36.21            9.82
              95           102.8           10.82
              96          -25.99           10.47
              97          -9.636           10.21
              98           5.727           10.22
              99           37.46            10.8
             100          -21.66           10.22
             101          -21.21           9.952
             102           3.669           10.24
             103           55.52           10.49
             104          -21.08           10.39
             105          -1.321           10.52
             106           12.05           10.25
             107           79.86           11.22
             108          -48.82           10.09
             109          -8.977           10.24
             110           38.65           10.11
             111           110.5           10.86
             112          -26.59           11.66
             113          -27.24           10.03
             114          -7.614           9.757
             115           56.16           10.25
             116          -51.75           10.31
             117          -30.71           9.684
             118           7.943           9.509
             119           53.19            9.95
             120          -33.54           10.07
             121          -25.65           9.872
             122           13.47           9.529
             123           76.17           10.59
             124          -31.59           9.858
             125           -26.5           10.07
             126           31.24           9.673
             127           123.3           11.16
APV              147               2              10               1
               0           56.21           53.74
               1          -46.33           45.39
               2          -3.434            24.4
               3          -28.49           20.16
               4          -124.8           12.91
               5          -87.05           11.22
               6           11.72           11.23
               7           36.36           10.89
               8           -47.7           10.77
               9          -62.19           10.57
              10           31.93            10.9
              11           55.25           11.06
              12          -54.92           10.98
              13          -33.72           10.53
              14           51.61           11.02
              15           67.46           10.81
              16          -43.92           10.63
              17          -66.13           10.44
              18          -2.021           10.67
              19           25.51           10.35
              20          -40.23           10.82
              21          -65.08           10.19
              22          0.9678           9.654
              23           59.32           10.39
              24          -43.79           10.49
              25          -23.61            10.1
              26           32.53           10.16
              27           57.68           10.62
              28           -60.7            10.3
              29          -41.44           10.06
              30           33.63           10.17
              31           84.45            10.7
              32          -50.17            10.9
              33           -49.6           11.17
              34           11.16           10.79
              35           48.19           10.84
              36          -48.65           10.83
              37          -53.86           10.57
              38           28.82           10.81
              39           43.51           10.76
              40          -32.76           11.29
              41          -50.03           10.88
              42            23.9           11.21
              43           82.98           11.28
              44          -60.05           11.04
              45          -9.043           10.47
              46           14.91           10.39
              47           96.37           11.54
              48          -40.48           10.76
              49          -53.95           10.31
              50          -22.23           10.64
              51           52.33            10.1
              52          -34.12           10.56
              53          -72.22           10.13
              54           16.95           10.01
              55           45.86           10.07
              56          -32.19           10.34
              57          -35.61           10.13
              58           29.83           10.39
              59           72.52            10.9
              60          -31.38           10.26
              61          -16.63           10.17
              62           50.97           10.07
              63           104.9           11.11
              64          -34.38           11.03
              65          -30.27           10.27
              66           10.75           10.65
              67           30.96           10.77
              68          -24.39            11.1
              69          -38.56           10.29
              70           26.62           10.89
              71           64.62           10.74
              72           -35.6           10.88
              73          -3.668           10.32
              74           54.99           10.69
              75            62.9           11.19
              76           -24.9           10.66
              77          -8.786           9.979
              78           30.42            10.3
              79           86.18            11.2
              80          -27.77           10.62
              81          -56.24           10.22
              82           10.43           10.12
              83           38.41           10.31
              84          -23.23            10.8
              85          -55.86           10.11
              86           11.49           9.697
              87           45.58           10.11
              88          -29.68           10.42
              89          -13.38            10.1
              90           12.25           9.653
              91           64.35           10.77
              92          -13.39           10.08
              93          -12.08           9.961
              94           49.74           9.904
              95           102.3            11.1
              96          -29.28           10.73
              97          -62.38           10.58
              98           9.318           11.04
              99           25.05           10.96
             100           -55.1           11.06
             101          -54.88           10.33
             102           29.53           10.63
             103           47.52           10.54
             104          -39.23           11.01
             105          -20.45           10.66
             106           22.89           10.98
             107           89.42           11.42
             108          -21.52           10.39
             109          -12.29           10.54
             110           28.63           10.33
             111           131.4           11.58
             112          -30.53           10.73
             113          -42.37           9.994
             114           9.183           10.14
             115           26.41           10.21
             116          -43.73           10.62
             117          -33.79           9.926
             118           28.64           9.881
             119           67.92           10.41
             120          -31.58           10.66
             121          -14.19           10.15
             122           34.62           10.11
             123           59.32           10.86
             124          -28.18           10.14
             125          -8.437            10.1
             126           59.71           9.942
             127           138.1           11.43
APV              147               2              10               2
               0           59.46           51.49
               1          -49.06           41.89
               2          -39.58           24.36
               3          -72.47            19.5
               4          -117.9           13.12
               5          -70.62           11.11
               6          -11.57           12.32
               7           38.75            11.6
               8           -40.5           10.88
               9          -32.29            11.1
              10           11.65           11.18
              11           61.14           11.74
              12          -56.71           10.91
              13          -44.58           10.93
              14           21.42           11.47
              15           67.43           11.84
              16          -24.06           11.03
              17          -56.84           10.85
              18          -32.29           11.53
              19           28.45           11.12
              20          -35.99           11.08
              21          -28.89           10.35
              22           11.81           10.39
              23           61.83           10.88
              24          -62.52           10.77
              25           -31.7            10.5
              26           18.97           10.45
              27            97.3            11.4
              28          -49.05           10.48
              29          -22.62           10.42
              30           24.37           10.61
              31           64.34           11.46
              32          -24.87           11.13
              33          -36.19           11.14
              34           8.237           11.24
              35           31.08           11.87
              36          -42.49           11.36
              37          -53.26           10.89
              38           1.441           11.13
              39           65.65            11.5
              40          -54.54           11.35
              41             -35            11.4
              42           7.265           11.82
              43           86.22           12.07
              44          -28.67           10.94
              45          -19.85           10.89
              46           38.24           11.37
              47           108.8           12.24
              48          -36.37           10.92
              49          -33.66           10.66
              50           4.797           10.96
              51           49.47           11.13
              52          -68.39           10.53
              53          -45.52           10.27
              54          -9.493           10.22
              55           63.36           10.97
              56           -26.4           10.68
              57          -28.61           10.52
              58           23.15           10.69
              59            84.6            11.3
              60          -38.08           10.06
              61          -27.39           10.73
              62           33.46           10.54
              63           81.44           11.81
              64          -15.43           11.08
              65          -24.58           10.93
              66           10.95           11.64
              67           48.42           11.45
              68           -35.1           11.19
              69          -4.377           10.26
              70           20.02           11.69
              71           57.82           11.16
              72          -33.12           10.92
              73          -22.53           10.75
              74           38.25           11.35
              75           70.06           11.64
              76           -36.1           10.93
              77         -0.9306           10.21
              78           56.64           11.28
              79           87.55           11.87
              80          -47.79           10.89
              81          -38.09            10.5
              82           13.58           10.76
              83           46.54           10.85
              84          -45.25           10.94
              85          -32.27           10.15
              86           28.62           10.45
              87           88.49           10.72
              88          -34.29           10.81
              89          -27.48           10.55
              90           30.27            10.6
              91           64.93           11.35
              92           -46.1           10.17
              93          -23.92           10.62
              94           43.89           10.29
              95           108.2           11.53
              96          -45.57           11.04
              97          -55.66           10.79
              98           17.65           12.14
              99            35.8           11.64
             100          -56.76              11
             101          -51.41            10.6
             102           16.13           11.47
             103           90.76           9.339
             104          -31.96           11.28
             105          -13.46           10.99
             106           31.27           11.31
             107           93.63            12.1
             108          -15.74           10.38
             109           2.901           10.68
             110           35.92           11.44
             111           108.3           12.06
             112          -44.71           11.14
             113          -40.36           10.44
             114          0.5304           10.29
             115           59.21              11
             116          -43.47           10.34
             117          -44.09            10.3
             118           21.28            10.6
             119           90.44           10.77
             120          -37.74           10.63
             121          -30.75           10.66
             122           39.31           10.39
             123           80.12            11.6
             124          -42.69           10.06
             125          -6.235           10.63
             126           63.35           10.54
             127           115.7           12.14
APV              147              21               9               0
               0           40.94           50.09
               1          -44.63            31.6
               2          -9.912           21.19
               3          -126.3            14.6
               4          -75.11           11.77
               5          -45.58           10.87
               6          -4.523           10.23
               7           21.07           10.52
               8          -48.52           10.46
               9          -18.74           10.51
              10         -0.4982            9.78
              11           37.74           10.81
              12          -39.58           10.68
              13          -16.69           10.18
              14           16.02           10.09
              15           54.34           10.74
              16          -14.47           10.64
              17          -20.03           10.09
              18           13.36           10.36
              19           5.637           9.858
              20          -38.78           10.53
              21          -20.35           9.937
              22          -6.602           9.523
              23           29.91           10.03
              24           -21.9            10.6
              25          -22.59           10.07
              26           14.78           9.561
              27            24.3           10.44
              28          -22.79           10.15
              29          -31.01           10.03
              30           28.11           10.27
              31           38.27           10.43
              32          -26.17           11.04
              33          -26.82            10.5
              34           -13.6           10.33
              35         -0.1624           9.916
              36           -43.8           10.61
              37          -14.94           10.43
              38           16.23           10.34
              39           32.63           10.63
              40          -34.43           10.79
              41          -19.87           10.46
              42           16.31           10.52
              43           45.29           10.89
              44          -12.26           10.24
              45           12.97           11.32
              46           27.48           10.34
              47           72.61           11.05
              48          -21.72           10.81
              49           1.371           9.695
              50           8.128           9.858
              51           7.303             9.7
              52           -24.4           10.41
              53           -29.4           9.692
              54           -13.8           9.886
              55           48.81           10.13
              56          -24.95           10.52
              57          -12.98           9.822
              58           33.61            10.3
              59           48.38           10.48
              60          -19.39           9.847
              61          -5.385           9.785
              62           28.68           10.07
              63            67.5           10.93
              64          -27.51           10.73
              65          -12.01           9.976
              66          -3.021           9.805
              67           26.16           10.05
              68          -48.87            10.5
              69          -8.078           10.15
              70            10.5           10.07
              71            23.4           10.45
              72          -33.72           10.61
              73           5.866           10.03
              74           33.31           10.36
              75           50.53           10.76
              76           -30.1           10.09
              77          -19.85           10.36
              78           22.74           10.08
              79           74.66            10.6
              80           -39.2           10.97
              81           -15.8           10.07
              82           10.54           9.704
              83           17.12              10
              84          -22.16           10.42
              85           -21.5           9.916
              86           24.63           9.671
              87           39.35           9.867
              88          -18.38           10.12
              89          -3.211           9.658
              90            5.23           9.618
              91           55.64           10.62
              92          -14.65           9.718
              93         -0.3296           9.677
              94           22.97             9.6
              95           60.58            10.8
              96          -17.24           10.43
              97          -12.59           10.25
              98          -4.624           10.05
              99           11.34            10.3
             100          -36.27           10.54
             101          -19.16           10.26
             102           9.026           10.01
             103           41.62           10.32
             104          -26.17           10.45
             105           3.348           10.76
             106            24.4           10.34
             107           49.85           10.78
             108          -20.78           10.22
             109           -15.8           10.81
             110           48.41           10.44
             111           89.27           11.05
             112           -40.5           10.69
             113          -22.06            10.1
             114           3.257           9.769
             115           12.78           9.803
             116          -15.27           10.04
             117          -15.99           9.723
             118           2.495            9.11
             119           31.07           10.06
             120          -26.02           10.23
             121           -14.4            9.95
             122           14.18            9.48
             123              43           10.42
             124          -21.99           9.784
             125          -18.83           9.982
             126           26.84            9.84
             127           58.56           10.92
APV              147              21               9               1
               0           101.4           51.16
               1          -39.29           31.01
               2          -39.02           21.49
               3          -111.2           14.28
               4          -78.86           11.49
               5          -61.52           10.36
               6           -14.7           11.16
               7           38.25            10.2
               8          -30.55           10.36
               9           -17.8           10.49
              10         -0.8024           9.955
              11           58.29            10.5
              12          -43.31            10.4
              13           -14.4           10.16
              14           15.72           10.31
              15           82.96            10.4
              16          -7.855           10.41
              17          -40.45           10.15
              18          -21.61           10.63
              19           22.73            10.1
              20          -11.06           10.09
              21          -26.28           10.07
              22          0.2896           9.339
              23            36.3           9.738
              24          -39.18           10.47
              25          -29.72           10.18
              26          -2.476           9.417
              27           45.09           10.31
              28          -63.18           9.987
              29          -21.36           9.771
              30           1.584           9.364
              31           92.32           10.35
              32           11.22           10.56
              33          -30.94           10.59
              34          -13.56           10.29
              35           2.422           10.16
              36          -20.97           10.47
              37          -12.96           9.856
              38          -21.94           10.25
              39           37.95           10.52
              40          -37.61           10.84
              41          -34.29           10.71
              42          -0.215            10.4
              43           69.36            10.8
              44          -49.26           10.38
              45          -10.19           10.46
              46           1.356           10.08
              47           104.4           10.88
              48           1.193           10.03
              49          -31.63           10.05
              50          -7.354           9.921
              51           20.74            9.91
              52             -28           10.26
              53          -10.26           9.409
              54          -18.24           9.702
              55           38.05           9.861
              56          -34.95           10.14
              57          -32.35           9.996
              58           2.227           9.442
              59           67.29           10.25
              60          -32.52           9.846
              61          -19.42           10.03
              62           22.87           9.633
              63           97.09           10.43
              64           8.888            10.5
              65          -1.114           9.733
              66         -0.1728           10.44
              67           34.21           10.44
              68          -15.03            10.3
              69          -5.308           9.749
              70           7.592           11.39
              71           65.38           10.26
              72          -38.07           10.38
              73          -21.46           10.09
              74           7.157            10.1
              75            54.7           10.75
              76          -11.36           9.949
              77          -2.992            9.62
              78           41.66           10.06
              79           86.13            10.5
              80           6.376           10.25
              81           6.224           9.605
              82          -4.602           9.366
              83           44.95           9.886
              84          -29.09           10.34
              85          -15.09           9.702
              86           9.427           9.205
              87            17.2           9.626
              88          -46.36           10.22
              89          -30.36           9.756
              90           -0.37           9.307
              91           59.33           10.33
              92          -44.52           9.759
              93            19.4           9.627
              94          -1.675           9.025
              95           100.9           10.58
              96          -7.127           10.43
              97          -14.22           10.22
              98           1.776           10.33
              99           25.27           10.79
             100          -13.13           10.19
             101          -3.512           9.935
             102           21.86           11.99
             103           54.46           10.27
             104          -44.23           10.56
             105          -13.15           10.24
             106           1.124           10.02
             107           66.24           10.84
             108          -40.66            10.1
             109           19.72           10.36
             110            38.5           10.19
             111           107.7           10.77
             112           2.854            9.91
             113          -4.715           9.472
             114          -2.788            10.8
             115           25.47           9.997
             116          -30.61           9.986
             117          -5.497           9.399
             118          -10.48           13.18
             119           40.97           9.764
             120          -34.97           10.24
             121          -13.79           9.706
             122            19.9           9.612
             123           104.5           10.41
             124          -38.28           9.905
             125           5.232           9.451
             126           18.17           9.384
             127           102.9           10.63
APV              147              21               9               2
               0           59.31           51.22
               1           5.648           30.74
               2          -42.74           21.63
               3          -102.6           14.35
               4          -23.33           11.79
               5          -30.72            10.8
               6          -35.94           11.61
               7           44.37           10.81
               8          -5.194           10.34
               9          -28.69            11.1
              10          -16.46           10.66
              11           44.72           11.13
              12          -16.51           10.82
              13          -14.52           10.51
              14          -3.006           10.29
              15           61.28           11.01
              16          -7.252           10.63
              17            15.9           10.62
              18          -42.68           10.84
              19            11.1           10.31
              20          0.4124           10.42
              21          -18.98           10.13
              22          -12.38            9.83
              23           37.09           10.04
              24          -17.48           10.48
              25          -5.078           10.03
              26          -9.283           9.723
              27           55.27           10.74
              28          -5.634           9.997
              29           -22.9           10.18
              30          -1.148           9.596
              31           61.04           10.69
              32           6.521           10.93
              33           9.962           10.87
              34          -25.42           10.93
              35           30.77           11.24
              36           13.86           10.84
              37          -8.156           10.21
              38           -6.75           10.31
              39           41.25           11.09
              40          -19.33           11.34
              41          -18.41           11.06
              42          -2.689           10.76
              43           55.62           11.45
              44          -11.44           10.55
              45          -14.69           11.16
              46         -0.5356           10.33
              47           71.08           11.38
              48           17.72           11.08
              49            22.1           10.57
              50          -16.54           10.49
              51           41.52           10.43
              52           3.259           10.31
              53           1.746           9.582
              54          -30.01           10.08
              55           54.58           10.13
              56           3.729           10.07
              57          -10.81           10.24
              58           4.888           9.665
              59           50.25           10.47
              60          -6.941           9.976
              61          -20.03           10.43
              62            5.21           9.275
              63           76.56           10.76
              64           8.705           11.07
              65           -13.5           10.34
              66          -32.11              11
              67           34.87           10.63
              68          0.8246           10.18
              69          -16.39           10.33
              70           -28.3           11.02
              71           38.36           10.64
              72          -23.87           10.57
              73          -27.25           10.43
              74          -15.44           10.66
              75           48.68           10.88
              76          -11.67           10.15
              77          -25.89           10.28
              78          -13.13           10.14
              79           63.25           11.11
              80          -1.444           10.58
              81          -2.015           9.792
              82          -13.62            10.1
              83           25.82           10.17
              84          -9.291           10.51
              85          -14.17           9.811
              86          -28.56            9.97
              87           48.68           10.08
              88          -1.004           9.952
              89          -31.56            10.3
              90          -13.03           9.987
              91           44.53           10.56
              92          -26.27           10.14
              93          -14.15           9.981
              94           -15.4           9.741
              95           73.62            10.7
              96          -12.06           10.79
              97          -6.755           10.25
              98          -17.06            11.2
              99           7.607           10.62
             100           5.585           10.37
             101          -17.67           10.53
             102          -18.37              11
             103           42.85           10.92
             104          -6.463           10.46
             105          -17.61           10.72
             106           -8.04           10.47
             107           41.73           11.07
             108           -1.88           10.19
             109          -23.31           10.64
             110           11.31           10.42
             111           84.67           11.05
             112          -5.391           10.79
             113          -0.658           9.646
             114          -25.83           10.24
             115           15.87           10.22
             116          -18.58           9.934
             117          -2.157           9.663
             118          -30.83           9.873
             119           51.68            10.2
             120           10.71           9.948
             121          -16.95           9.693
             122          -16.14           9.638
             123           64.32           10.64
             124          -17.49           9.818
             125          -28.69           10.32
             126           6.153            9.44
             127           67.56           11.08
APV              147              20               8               0
               0           79.32           50.37
               1          -21.04           31.33
               2          -14.08           21.85
               3          -102.6           15.25
               4          -68.47           12.01
               5           -47.5           11.06
               6           -19.4           12.01
               7           44.08            11.3
               8          -30.38           10.98
               9          -17.42            10.9
              10          -6.538           10.91
              11            39.2           11.35
              12          -45.52           10.87
              13           -16.7            10.9
              14           24.26           10.93
              15           50.05           11.22
              16          -28.47           11.26
              17          -26.83           10.56
              18           -15.4           11.64
              19           47.28            10.9
              20          -14.89           10.78
              21          -21.11           10.11
              22          -9.932           10.08
              23            18.7           10.23
              24          -20.97           10.97
              25           -32.7           10.67
              26         -0.7364           10.33
              27           37.67           11.13
              28           -23.5           10.55
              29          0.0946           9.855
              30           10.28           10.24
              31           52.72           11.21
              32          -26.98           11.25
              33          -22.22           11.23
              34          -2.074           11.22
              35            19.8           11.14
              36          -31.41           11.13
              37           -12.7           10.43
              38          -1.826           10.76
              39           29.38           11.02
              40          -23.09           11.36
              41          -15.13           10.88
              42          -7.674           11.47
              43           51.94           11.41
              44          -25.73           10.87
              45          -8.165           10.89
              46           21.96           10.95
              47           37.21           11.68
              48          -32.61           11.05
              49          -16.75           10.41
              50          -20.98           10.94
              51           23.73           10.45
              52           -30.7           10.62
              53          -13.16           9.986
              54           2.488           10.19
              55            44.2           10.69
              56          -44.54           10.69
              57          -8.699           10.16
              58          0.1234           10.37
              59           28.43           10.98
              60          -32.53           10.35
              61          -1.467           9.998
              62           11.71           10.04
              63           43.39           11.42
              64          -16.95           10.81
              65          -6.136           10.21
              66           15.29           11.19
              67           32.72           10.87
              68          -32.51           10.89
              69          -9.976           10.19
              70           6.721           10.54
              71           37.03           10.51
              72          -28.92           10.97
              73          -10.34           10.42
              74            16.7           10.71
              75           30.68           10.62
              76          -24.61           10.57
              77          -3.467            10.1
              78           33.59           10.55
              79           70.99           11.44
              80          -14.31           10.96
              81           -15.1           10.55
              82          -4.067           10.16
              83            46.4           10.53
              84           -33.3           11.18
              85          -12.73           9.998
              86           10.62           9.839
              87           40.04           10.34
              88          -30.17           10.82
              89          -16.37           10.43
              90           4.748           9.668
              91           38.14           10.54
              92          -22.17            10.2
              93         -0.4916           9.919
              94           18.33           9.984
              95           77.12           11.21
              96          -35.07           11.08
              97           -30.2           11.15
              98          -2.396           11.07
              99            22.7           11.14
             100          -46.73           10.97
             101          -2.566           10.22
             102           10.59            10.4
             103           53.65           10.65
             104          -5.099           10.71
             105           3.197           10.57
             106           21.24           10.73
             107           55.08           10.93
             108          -24.08           10.64
             109          -11.25           10.55
             110           34.63           10.85
             111           88.97           11.48
             112          -16.81           10.95
             113         -0.9846           10.15
             114          -2.303            10.1
             115           38.71           10.39
             116          -36.17           10.55
             117           -14.6           9.873
             118           18.76           9.854
             119           48.55           10.43
             120          -35.67           10.71
             121          -12.18           10.04
             122           6.827           9.905
             123           45.55           10.59
             124          -25.55           10.12
             125           -0.12           10.23
             126           35.51           10.09
             127           55.53           11.68
APV              147              20               8               1
               0          -85.16           50.16
               1          -73.97           31.36
               2          -23.03           21.26
               3           -61.7           14.33
               4          -162.5            11.8
               5          -66.45           11.05
               6           22.16           11.49
               7           64.39           11.16
               8          -104.2           10.66
               9          -35.43           11.08
              10            33.6           10.66
              11           70.94           11.34
              12          -104.4           11.14
              13           18.56           10.67
              14           68.01           10.88
              15           63.74              11
              16          -145.7           10.91
              17          -88.36           10.59
              18          -30.19            11.1
              19            43.4           10.63
              20          -135.5           10.86
              21          -48.42           10.56
              22            27.1           10.12
              23            74.1           10.37
              24          -90.12           10.67
              25          -24.38            10.6
              26           40.92           10.38
              27           69.67           10.91
              28           -69.2           10.38
              29          -8.344           10.34
              30           56.57           10.17
              31           86.67            10.6
              32          -143.7           11.19
              33          -88.65            10.8
              34           22.04           11.08
              35           63.86           11.22
              36          -123.7           10.94
              37          -31.12           10.81
              38           30.78           10.75
              39           75.01           10.96
              40          -91.19           11.28
              41          -22.21           11.11
              42           32.96           11.35
              43           87.97           11.45
              44          -90.19           10.87
              45          -1.473            10.7
              46           68.71           10.85
              47            88.3           11.36
              48          -129.5           11.03
              49          -75.97           10.54
              50           22.82           10.64
              51           85.12           10.54
              52          -127.3           10.41
              53          -59.43           10.45
              54           36.54           10.09
              55              76           10.48
              56          -99.61           10.88
              57          -6.467           10.06
              58           52.53           10.34
              59           75.24           10.99
              60          -65.87           10.56
              61           2.279           10.35
              62            71.4           10.19
              63           84.95           11.19
              64          -126.1           11.26
              65          -59.15            10.7
              66           16.88           10.91
              67           66.38           11.16
              68            -114           10.92
              69          -31.24           10.43
              70           31.81           10.69
              71           70.53           10.71
              72          -95.66           10.92
              73          -18.49           10.75
              74            49.2           10.86
              75           80.27           11.05
              76             -76           10.69
              77           7.997            10.2
              78           61.58           10.69
              79           79.86           11.36
              80          -141.1           10.97
              81          -70.35           10.47
              82            10.4            10.2
              83           61.56           10.49
              84          -101.2           11.04
              85           -36.8           10.45
              86           26.26           10.16
              87           74.12           10.28
              88          -71.55           10.66
              89          -15.67            10.4
              90           50.23           10.16
              91           91.01           11.01
              92          -45.96           10.53
              93           14.68           10.24
              94           60.78           9.986
              95           97.21           11.13
              96          -131.5           11.12
              97          -64.48           10.72
              98           25.28           10.84
              99           78.19           11.25
             100          -119.6           10.91
             101          -25.26           10.63
             102           35.84           11.09
             103           77.24            10.8
             104          -82.72           10.99
             105           1.692           10.62
             106           64.32           10.95
             107           94.24            11.5
             108          -53.67           10.59
             109           18.75           10.68
             110           68.76           10.72
             111           100.5           11.48
             112            -130           10.99
             113          -55.52           10.72
             114           23.96           10.21
             115           71.77           10.41
             116          -116.6           10.67
             117          -25.68           10.11
             118           50.44           9.833
             119           70.52           10.34
             120          -84.24           10.54
             121           3.045           10.05
             122           63.22              10
             123           71.84           10.77
             124          -71.04           10.16
             125           9.773           10.22
             126           47.11           10.15
             127           96.63           11.17
APV              147              20               8               2
               0           7.617           64.54
               1          -18.85           35.69
               2          -39.61           25.21
               3          -158.4           14.61
               4            -109           11.47
               5           -48.2           10.46
               6          -3.934           10.86
               7           8.544           10.27
               8          -73.01           10.36
               9          -19.79           10.22
              10          -6.034           10.23
              11           4.693           10.43
              12           -55.9           10.63
              13          -14.61           10.13
              14           27.72           10.75
              15           52.94           10.76
              16          -43.08           10.76
              17           -34.8           10.44
              18           16.09           10.69
              19           10.28           9.954
              20          -57.37           10.68
              21          -17.13           9.878
              22           13.47           9.688
              23           13.18           9.974
              24          -50.68           10.42
              25          -11.43           10.08
              26           8.972           9.558
              27           24.39            10.2
              28          -37.66           10.33
              29           1.746           9.588
              30           21.62            9.86
              31           20.35           10.01
              32          -49.72           11.05
              33          -38.68           10.74
              34           15.23           10.57
              35           6.091           10.12
              36          -42.38           10.58
              37          -7.237           9.885
              38           23.42           10.66
              39           23.33           10.36
              40          -55.35           10.97
              41           8.671           10.42
              42           22.63           10.76
              43            40.4           11.04
              44          -22.23           10.56
              45            11.1           10.46
              46           39.36           10.77
              47           43.83           11.36
              48          -45.57           10.74
              49          -36.73           10.49
              50           7.519           10.34
              51           14.65           10.02
              52          -58.17           10.48
              53          -9.319           9.588
              54           7.698           9.465
              55           18.18            9.99
              56          -38.08           10.26
              57          -15.41           10.16
              58           9.886           9.814
              59           35.56           10.35
              60          -36.07           9.905
              61            6.04           9.783
              62           22.74           9.964
              63           47.07           10.61
              64          -37.37            10.9
              65          -16.54           10.05
              66           17.56           10.54
              67           24.66           10.26
              68          -45.68           10.55
              69          -21.41           10.12
              70           9.532           10.31
              71           22.63           10.07
              72          -23.16           10.54
              73           11.32           9.815
              74           31.84           10.66
              75           40.63           10.62
              76             -44           10.24
              77         -0.8692           9.547
              78           44.71           10.43
              79           64.52           10.53
              80           -46.9           10.78
              81          -13.15           10.04
              82            19.3              10
              83           31.08           9.919
              84          -40.84           10.59
              85          -6.648           9.878
              86           4.612           9.242
              87           57.77           9.889
              88          -44.74           10.37
              89           9.003           9.826
              90           37.83           9.915
              91            48.4           10.38
              92          -17.63           10.09
              93          -4.183           9.626
              94           29.07           9.728
              95           56.23           10.31
              96          -62.85            10.9
              97          -29.02            10.4
              98           28.94           10.95
              99           34.36           10.66
             100          -49.51           10.26
             101           9.467           10.14
             102           24.61           10.38
             103           39.12           10.26
             104           -24.5           10.33
             105          0.7076           10.33
             106           30.45           10.51
             107           37.75           10.68
             108          -29.01           10.08
             109          -5.412           10.22
             110           34.72           10.41
             111           73.97           10.93
             112          -49.27           10.73
             113          -29.74           10.08
             114           8.416           9.845
             115           24.56           9.903
             116          -35.36           10.12
             117            10.7           9.607
             118           19.79           9.686
             119           58.73           10.12
             120          -36.57           10.16
             121          -9.538           9.636
             122           17.58           9.645
             123           15.85           10.09
             124          -42.99           9.923
             125           17.02           10.07
             126           46.29           9.692
             127           15.71           10.56
APV              147              19               7               0
               0           88.17            51.6
               1          -7.979           42.96
               2           2.484           23.64
               3          -69.81           19.77
               4          -99.19            13.2
               5          -45.49           11.38
               6          -3.141           11.43
               7          -6.196           10.83
               8          -22.26           11.16
               9           9.584           10.91
              10          -1.576           10.66
              11          0.8944           10.89
              12          -29.58           11.24
              13           14.83           10.85
              14           15.03           10.93
              15           29.56           11.47
              16          -9.404           11.03
              17           -22.3           10.84
              18           1.447           11.48
              19          -4.962           10.31
              20          -37.83           11.07
              21          -25.69           10.61
              22            9.83           10.38
              23          -5.241           10.11
              24          -28.25           11.16
              25          -4.819           10.59
              26           2.758            10.2
              27           23.18           11.27
              28          -21.61           10.67
              29          -13.68           10.48
              30          0.6312           10.05
              31           39.83           11.09
              32           1.002           11.07
              33          -22.32           11.21
              34              12           11.24
              35           9.455           10.92
              36          -23.51           11.23
              37          -1.743           10.72
              38           9.612           10.77
              39           19.26           11.12
              40          -13.02           11.58
              41          -2.484           10.87
              42           25.92           11.74
              43           29.61           11.56
              44         -0.0172           10.74
              45           15.74           11.43
              46           29.56           10.96
              47           59.32           11.99
              48          -30.62           11.16
              49           -32.2           10.63
              50         -0.0538           10.86
              51           4.585           10.26
              52          -45.76           11.03
              53          -12.59            10.2
              54           12.86           10.27
              55           5.923           10.35
              56          -29.18           11.17
              57          -17.27            10.5
              58           19.16           10.75
              59           7.372           10.84
              60            4.75           10.15
              61          -15.72           10.61
              62           8.095           10.15
              63           72.75           11.59
              64          -12.84           11.27
              65          -21.83           11.12
              66            27.6           11.29
              67          -11.58           10.84
              68           -11.8           11.05
              69          -5.108           10.51
              70         -0.7172           10.64
              71           2.505           10.38
              72          -22.89            11.4
              73          -8.941           10.51
              74           15.25           10.87
              75           19.55           11.35
              76          0.4124           10.55
              77           29.18           10.72
              78           13.94            10.6
              79           45.94           11.82
              80          -20.28           11.25
              81           3.855           10.63
              82           12.34           12.07
              83          -4.131           10.23
              84          -26.39           11.22
              85          -18.22           10.51
              86           1.216           9.943
              87           20.63           10.51
              88          -24.43           10.99
              89          -8.577           10.28
              90          -7.792           10.15
              91           28.06           10.98
              92           1.826           10.39
              93           6.085           10.34
              94           13.98            10.1
              95           73.57           11.43
              96          -29.01           11.44
              97          -15.43           10.91
              98           45.32           13.24
              99           -2.78           10.93
             100          -29.53           11.37
             101           9.396           10.69
             102           6.446           10.73
             103           12.22           10.82
             104          -20.23           11.38
             105          -11.39           11.42
             106           1.592           10.93
             107           33.46            11.6
             108          -19.51           10.74
             109           15.61           11.24
             110           24.54           10.88
             111           94.12           12.11
             112          -24.57           11.41
             113          -17.42            10.6
             114           9.741            10.5
             115          -10.95           10.54
             116          -19.78           11.02
             117          -1.386           9.936
             118           11.78           9.935
             119           14.14            10.4
             120          -25.97           11.23
             121         -0.4638           10.14
             122           7.477           10.07
             123           38.22           10.98
             124          -16.24           10.48
             125          -17.02           10.56
             126           23.37           10.42
             127           106.6           11.86
APV              147              19               7               1
               0           81.49            49.9
               1           7.778           41.03
               2          -10.18           23.14
               3          -72.02           18.86
               4           -88.6           12.77
               5          -6.134           10.98
               6          -6.844           11.43
               7          -11.76           10.77
               8          -15.62           10.89
               9           10.93           10.94
              10           10.04           10.78
              11          -19.34           11.05
              12          -39.22           11.39
              13          -18.43           10.61
              14          0.1182           10.33
              15           8.717           10.78
              16          -19.66           11.41
              17          -9.724           10.56
              18           16.77           11.43
              19         -0.7194           10.35
              20          -31.66           11.37
              21           1.641           10.31
              22          -2.235           10.07
              23          -4.377           10.05
              24          -42.41           11.25
              25           4.153           10.53
              26           10.68           10.12
              27           2.708           10.43
              28          -5.869           10.53
              29           15.45           10.54
              30           24.35           10.32
              31           12.71           10.67
              32          -21.24           11.46
              33          -15.29           11.13
              34           23.23           11.29
              35           7.155           10.92
              36          -27.45           11.28
              37          -2.364           10.42
              38           27.95           11.13
              39           6.634           10.88
              40          -12.06           11.52
              41            9.76           11.25
              42           24.92           11.53
              43           10.52           11.09
              44          -10.42           10.95
              45           12.65           10.94
              46           29.55           10.92
              47           23.38           11.37
              48          -32.04            11.3
              49           -13.7           10.74
              50          -4.366           10.67
              51          -10.31           10.42
              52          -62.35           10.88
              53          -14.61           10.38
              54           8.713           10.07
              55           1.109           10.25
              56          -27.86           10.79
              57          -17.55            10.4
              58           15.15           10.54
              59          -6.739           10.49
              60          -21.93            10.6
              61          -26.13           10.59
              62           23.67           10.27
              63           20.44           11.09
              64           12.11            11.3
              65           16.91           10.81
              66           23.83           11.24
              67           19.84           10.89
              68          -27.21           11.15
              69          -6.923           10.41
              70           9.176           10.85
              71          -3.744           10.35
              72          -7.149           11.04
              73           19.09            10.8
              74           32.72           11.04
              75           6.374           10.71
              76          -8.158           10.53
              77          -4.774           10.14
              78          -1.328            10.3
              79           23.53           14.55
              80          -18.94           11.53
              81           -0.39           10.43
              82           14.82           10.62
              83           12.12           10.52
              84          -9.697           10.97
              85           5.851           10.43
              86           16.67            10.3
              87           1.035           10.15
              88           6.329           10.62
              89          -11.19            10.5
              90           13.23           10.03
              91          0.1168           10.29
              92          -7.775           10.39
              93          -4.191           10.06
              94           17.74           10.17
              95           10.21           13.96
              96          -36.28           11.38
              97           27.91           11.19
              98           27.64           11.69
              99           14.87           11.05
             100          -26.16           11.04
             101          -1.494           10.11
             102           9.515           11.01
             103         -0.4548           10.41
             104          -27.51           11.41
             105          -2.546           10.74
             106           3.058           10.54
             107           19.43           11.18
             108          -15.12           10.63
             109          -18.87           10.98
             110           13.09           10.54
             111           29.81           11.62
             112          -13.74           10.95
             113          -2.288           10.57
             114           3.315           10.49
             115           1.755           10.15
             116          -24.84           10.97
             117           2.802           9.942
             118           10.84           9.816
             119          -4.073           9.946
             120          -10.72            10.6
             121           2.557           10.24
             122           18.71           10.14
             123            4.19           10.39
             124          -2.226           10.14
             125         -0.2698           10.02
             126          0.5876           9.854
             127           31.39           11.35
APV              147              19               7               2
               0           100.2           64.67
               1          -19.82           50.74
               2          -39.11           29.73
               3          -98.02           21.79
               4          -116.7           14.09
               5          -60.08           11.72
               6          -36.42           12.06
               7           17.68           11.01
               8          -41.87           10.68
               9          -28.96           10.83
              10           6.699           10.51
              11            56.9           11.23
              12          -45.31           10.47
              13          -24.76           10.42
              14           1.617           10.53
              15           75.75           10.89
              16          -46.28           10.62
              17          -29.53           10.54
              18          -29.82           11.05
              19           44.62           10.49
              20          -37.08           10.72
              21          -12.35           9.984
              22          -11.76           10.03
              23           37.44           10.19
              24          -43.84           10.65
              25          -13.59           10.23
              26           5.823           9.857
              27           70.72           10.99
              28           10.69           9.926
              29          -24.35           10.12
              30          0.3824           9.646
              31           92.33           10.64
              32          -19.25           10.77
              33          -32.04           10.94
              34          -7.415           10.52
              35           33.77           10.79
              36          -60.98           10.48
              37          -32.82           10.61
              38           -15.7           10.56
              39           44.35           11.02
              40          -22.73           11.01
              41          -10.78           10.66
              42           31.75           11.24
              43           105.4           11.46
              44          -22.57           10.65
              45          -18.55           10.74
              46           19.46           10.56
              47           89.91           11.41
              48          -29.99           10.57
              49          -23.37            10.4
              50          -3.323           10.42
              51           36.98           10.31
              52          -66.85           10.26
              53          -5.844           9.666
              54            -8.5           9.712
              55           35.55           10.41
              56          -11.95           10.19
              57          -31.41           10.16
              58          -5.965           10.06
              59           72.85              11
              60          -30.16           9.966
              61          -12.52           9.916
              62           27.67           10.01
              63           114.9           10.26
              64          -14.68           10.84
              65          -32.87           10.54
              66          -9.741           10.61
              67           44.02           10.47
              68          -29.65           10.35
              69          -12.75           10.32
              70           8.281           10.32
              71           66.12           10.53
              72          -32.79           10.76
              73          -16.24           10.34
              74           19.14           10.46
              75           87.83            10.8
              76          -34.63           10.29
              77            1.06           9.815
              78           40.24           10.44
              79           100.7           11.38
              80          -8.251           10.42
              81          -2.248           9.786
              82          -10.52           10.02
              83           49.52           10.13
              84          -34.47           10.66
              85          -3.129           9.748
              86           11.29            9.48
              87           63.63           10.07
              88          -29.82           10.23
              89          -17.85            10.3
              90         -0.6672           9.318
              91           62.71           10.64
              92          -34.68           10.04
              93          -18.54           10.14
              94           6.555           9.422
              95           100.6           10.99
              96          -23.93           10.59
              97          -15.63           10.35
              98          -9.962           10.68
              99           43.35           11.17
             100          -36.54           10.43
             101          -14.55           10.16
             102           9.585           10.19
             103           74.16           10.75
             104           -37.2           10.44
             105          -9.662           10.57
             106           31.21           10.84
             107            95.3           11.16
             108          -18.57           10.24
             109          -21.76           10.41
             110           20.37            10.4
             111             121            11.4
             112          -42.01           10.67
             113          -17.89           10.08
             114           9.572           10.05
             115           54.34           10.06
             116          -27.37           10.25
             117          -34.28           9.843
             118          -3.754           9.177
             119           73.97           10.11
             120          -20.62           10.39
             121          -22.41           10.29
             122           25.75           9.867
             123           92.69           10.75
             124           -32.6           9.778
             125          -2.081           9.663
             126           44.05           9.808
             127           113.1           11.53
APV              147              18               6               0
               0           113.4           51.17
               1          -22.21           42.76
               2          -23.94           24.21
               3          -32.47            19.7
               4           -96.3           13.42
               5          -61.08           11.63
               6          -25.44           12.37
               7           31.75           11.47
               8          -47.23           11.22
               9          -33.37           11.32
              10           37.16           11.63
              11           63.93           11.78
              12          -30.87           11.51
              13          -52.83           11.16
              14           35.93           11.64
              15           91.22           11.69
              16          -7.453           11.34
              17          -51.67           10.96
              18          -30.81           12.17
              19           21.65           10.97
              20          -31.65           11.43
              21          -45.09           10.61
              22           1.484           10.59
              23           46.72           10.78
              24          -49.28           11.35
              25          -44.42           10.84
              26           18.81           10.85
              27           70.74           11.42
              28           -8.36           10.82
              29          -50.59           10.78
              30           21.21           10.87
              31           67.01           11.38
              32          -8.636           11.47
              33           -58.6           11.43
              34           3.558           11.31
              35            25.5           11.45
              36          -42.33           11.47
              37          -44.88           11.02
              38           13.15           11.27
              39           55.78           11.39
              40          -28.19           11.68
              41          -36.76           11.36
              42           25.44           11.87
              43           67.36            11.8
              44          -30.96           11.45
              45          -23.93           11.25
              46           41.02           11.31
              47           95.91           11.98
              48          -16.32           11.15
              49          -43.14           10.88
              50          -1.289           11.03
              51           38.53           11.01
              52          -52.09           11.12
              53          -43.54           10.48
              54           9.219           10.42
              55           44.47           10.69
              56          -57.12           11.27
              57          -48.77           10.83
              58           16.85           10.71
              59           54.28           11.37
              60          -39.61           10.63
              61          -45.02           10.79
              62           32.72           10.65
              63           104.5           11.78
              64          -22.33           11.28
              65          -48.58           10.96
              66           24.98           11.82
              67           43.94            11.3
              68          -32.42           11.36
              69          -20.97           10.96
              70           4.535           11.32
              71           48.22           11.33
              72          -25.76           11.41
              73          -25.89            11.3
              74           39.76           11.55
              75           69.37           11.63
              76          -42.66           11.08
              77          -2.965           10.66
              78           32.16            11.2
              79            93.5           11.66
              80          -22.96           11.54
              81          -42.66           10.99
              82           1.797           10.69
              83           61.16           10.92
              84          -31.28           11.36
              85           -50.2           10.92
              86            8.15           10.31
              87            53.3           10.97
              88          -36.69           10.95
              89          -23.83           10.74
              90           37.73           10.66
              91           76.03           11.35
              92          -33.42           10.73
              93          -4.462           10.67
              94           41.22           10.54
              95           96.02           11.53
              96          -30.57           11.44
              97          -57.32           11.32
              98           10.45           11.66
              99           51.12           11.65
             100          -45.95           11.25
             101          -42.85           11.14
             102           13.85           11.29
             103            74.6           11.33
             104          -25.08           11.24
             105          -34.91           11.37
             106           42.66           11.51
             107           73.17           11.87
             108           -36.6           10.93
             109          -21.84           11.13
             110           33.68           11.39
             111           117.8           12.07
             112          -50.91           11.43
             113          -49.23           10.88
             114           13.13           10.74
             115           39.09           10.72
             116          -64.38           10.99
             117          -26.76           10.54
             118           23.52           10.69
             119           67.59           11.02
             120          -30.56           10.96
             121          -17.76           10.71
             122           49.89           10.71
             123           97.58           11.35
             124          -30.69            10.7
             125          0.8328           10.72
             126           43.07           10.68
             127             100           11.67
APV              147              18               6               1
               0           70.03           49.59
               1          -13.98           40.51
               2          -6.657           23.12
               3          -17.14           18.81
               4          -133.2           13.12
               5           -68.4           11.34
               6          -15.09           11.75
               7           53.92           11.51
               8          -59.28           10.75
               9          -46.79           11.36
              10           26.91           11.16
              11           41.04           11.03
              12           -54.6           11.45
              13          -26.01           10.85
              14           30.74           11.15
              15           41.32           11.29
              16          -51.17           11.28
              17          -54.04           11.15
              18          -11.93           11.18
              19           36.78           10.94
              20          -47.48           11.29
              21          -36.85           10.84
              22           4.977           10.19
              23           76.02           10.54
              24          -48.23           11.15
              25          -37.56           10.83
              26           38.13           10.66
              27           70.63           11.17
              28          -47.54            10.4
              29           -25.7           10.51
              30           34.16           10.52
              31           58.61           10.79
              32          -27.84           11.43
              33          -48.23           11.29
              34          -4.303           10.93
              35           53.16           11.31
              36          -61.36           11.26
              37          -40.69           10.96
              38           19.35           11.05
              39           62.36           11.53
              40          -55.14           11.33
              41             -35           11.21
              42           30.25           11.71
              43            57.9           11.37
              44          -55.21           10.91
              45           -19.2           11.45
              46           52.13           11.22
              47           77.16           11.63
              48          -40.39           11.22
              49          -51.96           10.98
              50           -3.12           10.92
              51           35.95           10.72
              52          -83.42           11.13
              53          -59.14           10.39
              54           11.75           10.19
              55           57.32           10.62
              56          -42.04           11.03
              57          -32.58            10.7
              58            28.4           10.46
              59           45.22           10.92
              60          -65.97           10.47
              61          -17.16           10.74
              62           38.27           10.29
              63           87.23           11.15
              64          -38.64           11.32
              65          -25.96           10.92
              66           24.51           11.56
              67           63.04            11.3
              68          -60.35            11.3
              69          -36.26           10.92
              70           17.91           11.11
              71            43.7           11.03
              72          -46.93           11.33
              73          -14.57            10.8
              74           34.04           11.35
              75           57.41            11.3
              76          -30.42           10.84
              77            7.53           10.47
              78           51.01           10.88
              79           73.25           11.57
              80          -49.46           11.28
              81          -47.14           10.76
              82           12.05           10.61
              83           47.57           10.63
              84          -45.89           11.37
              85           3.329           10.27
              86           20.24           10.26
              87           53.08           10.51
              88          -31.21           10.82
              89          -23.37           10.84
              90           25.27           10.21
              91            52.7           10.79
              92          -47.37           10.61
              93          -12.96           10.51
              94           29.73           10.15
              95           91.74            11.2
              96          -73.81           11.38
              97          -61.91           10.88
              98           8.513           11.31
              99           46.31           11.33
             100          -50.27           11.26
             101           -25.6           10.87
             102           27.37           11.06
             103           45.61           11.37
             104          -41.53           11.26
             105          -18.05            11.4
             106           52.59           11.22
             107           75.61           11.61
             108          -20.61            10.7
             109          -16.28            11.3
             110           45.63           10.78
             111           98.19           11.62
             112           -44.1           11.14
             113          -36.83           10.66
             114            5.54           10.35
             115           37.61           10.62
             116           -44.6           10.94
             117          -40.24           10.44
             118           40.92           10.13
             119           67.47           10.62
             120          -40.25           10.94
             121          -6.039            10.4
             122           43.43           10.33
             123           60.28           11.19
             124          -44.65           10.62
             125           15.86           10.77
             126           26.41           10.13
             127           103.2           11.56
APV              147              18               6               2
               0           125.9           48.92
               1          -11.88           38.97
               2          -32.58           22.28
               3          -54.74           18.26
               4          -78.21           12.72
               5           -63.7           11.12
               6           -34.1           11.59
               7            11.4            10.6
               8           -40.1           10.98
               9          -26.76            10.9
              10           9.414           10.58
              11           40.39           10.82
              12          -22.89           11.11
              13           -12.4           10.45
              14           35.51           11.03
              15           66.55           11.06
              16           23.18           11.25
              17          -22.44           10.87
              18          -28.17           11.08
              19           22.58           10.39
              20          -32.75           10.92
              21          -24.06           10.27
              22          -18.84           10.08
              23            30.5           10.36
              24          -52.04            10.9
              25          -28.87           10.76
              26           -4.98           9.596
              27            42.8            10.7
              28          -36.79            10.6
              29          -39.31            10.5
              30           24.21           10.21
              31           75.76           10.73
              32           34.42           11.14
              33          -25.93           11.05
              34           -21.5           11.05
              35           21.04           10.95
              36          -34.16           10.92
              37          -37.64           10.94
              38          -22.45           10.93
              39           39.28            10.7
              40          -37.97           11.46
              41          -1.015           10.89
              42           7.861           10.97
              43           63.93            11.1
              44          -47.19           10.94
              45          -31.13           11.04
              46           29.52           10.67
              47           82.42           11.43
              48          -2.332           10.62
              49          -20.93           10.51
              50          -20.89           11.01
              51           26.49           10.39
              52          -16.42           10.37
              53          -23.23           10.14
              54           -22.5           10.08
              55            28.4           10.18
              56           -51.6           10.73
              57          -29.61           10.57
              58            19.9           10.26
              59           59.53           10.55
              60          -22.12           10.23
              61          -18.24           10.29
              62           24.23           9.959
              63           86.94            11.1
              64           9.828           10.96
              65          -19.62           10.76
              66          -13.49            11.3
              67           40.72           10.82
              68          -20.14            10.8
              69           3.541            10.2
              70          -10.65           10.88
              71           45.52           10.52
              72           -26.1           10.93
              73          -7.665           10.52
              74           27.41           10.84
              75           67.23           10.95
              76          -19.63            10.5
              77          -15.71           10.44
              78           34.67           10.61
              79           104.3           11.17
              80          -20.01            11.1
              81          -19.97            10.5
              82          -26.57           10.38
              83           39.54           10.41
              84          -30.05           10.93
              85          -30.67            10.5
              86          -17.16           9.822
              87           49.96           10.17
              88          -36.14           10.93
              89          -12.34           10.35
              90           7.456           9.775
              91           55.37           10.76
              92          -37.04           10.43
              93          -18.77           10.44
              94           42.89              10
              95           98.46           10.84
              96           3.226           10.75
              97          -18.85           10.85
              98         -0.8862            11.3
              99           37.96           11.04
             100          -31.49           10.96
             101          -28.73            10.8
             102           12.73           10.63
             103           55.78           10.81
             104          -25.67           10.99
             105          -25.38           11.11
             106           46.09              11
             107            66.2           11.07
             108          -20.77           10.71
             109          -31.05           10.64
             110           50.99            11.1
             111           121.3           11.14
             112           -5.95           10.57
             113          0.2816           10.09
             114          -23.58           10.48
             115           41.99           10.25
             116          -26.32           10.54
             117          -32.47           10.32
             118           7.638           9.721
             119           53.77           10.34
             120          -39.68           10.37
             121          -14.19           10.24
             122           39.51           10.02
             123            42.4           10.45
             124          -11.92           9.898
             125          -19.07           10.49
             126           34.73           10.07
             127           97.53           11.14
APV              147              17               5               0
               0           75.32           51.87
               1          -24.06           42.91
               2          -15.79           22.93
               3          -59.69           19.52
               4          -109.1           12.85
               5          -42.41           10.85
               6          -11.76            11.7
               7           13.82           10.61
               8           -43.8           10.58
               9           2.286           10.18
              10           27.09           10.88
              11           30.91           10.88
              12          -21.36           10.38
              13          -20.98           9.486
              14           23.98           10.41
              15           48.57           10.18
              16          -4.521           11.46
              17          -11.89            10.2
              18          -14.89           10.84
              19           13.25           10.06
              20          -47.76           10.67
              21          -27.65           10.17
              22          -0.551           9.417
              23           45.01            9.94
              24          -51.05           10.86
              25          -4.012           10.02
              26           21.69           10.03
              27           49.32           10.54
              28          -55.13           10.34
              29          -12.44           10.09
              30           43.17           10.13
              31           56.69           10.53
              32          -5.088           11.78
              33          -8.209           10.68
              34           4.937           10.49
              35           2.395           10.47
              36          -54.99           10.85
              37          -24.22           10.54
              38           11.53           10.69
              39           25.51           10.54
              40          -25.09           10.84
              41           12.48            10.5
              42           30.95            11.2
              43           45.47           10.94
              44          -21.18           10.65
              45          -13.85           9.446
              46           22.49           10.67
              47           50.47           11.05
              48          -18.89           10.81
              49          -24.28           10.43
              50          -13.65           10.24
              51         -0.3614           9.671
              52          -42.05           10.31
              53          -17.41           10.02
              54           15.22           9.696
              55           23.48           9.868
              56          -43.16           10.08
              57          -7.292           9.504
              58           31.39           10.04
              59           39.85           10.39
              60          -28.48           9.964
              61          -8.232            10.4
              62           32.82           10.31
              63           60.75           10.84
              64          -36.79           10.95
              65          -32.67           10.45
              66         -0.2994           10.38
              67           20.87           10.54
              68          -47.74           10.35
              69          -2.735           9.705
              70           22.24           10.82
              71           25.24            10.4
              72          -14.48           10.41
              73         -0.7884           9.969
              74           33.28              11
              75           33.98           10.55
              76          -27.22           10.19
              77           10.58           10.25
              78           52.55           10.48
              79           68.23            11.1
              80          -30.51           10.95
              81          -27.54           10.55
              82          -10.07           10.01
              83          0.8548           9.497
              84          -49.72            10.8
              85          -22.07           10.13
              86           12.62           9.431
              87           17.69           9.767
              88          -53.76           10.59
              89          -14.31              10
              90            22.9           10.09
              91           28.99           10.51
              92          -50.99           10.21
              93          -1.078           10.05
              94           31.72           9.874
              95           59.06           10.66
              96          -29.12           10.57
              97          -27.26           10.55
              98          -10.44           11.09
              99           9.659           10.48
             100          -32.38           10.57
             101          -2.741           10.01
             102           1.928           10.44
             103           15.11           10.11
             104           -35.1           10.68
             105          -6.992           10.66
             106           28.98           11.08
             107            35.4           10.88
             108          -16.12            10.2
             109           6.698           10.46
             110           46.94           11.25
             111           86.17           11.27
             112          -40.24           10.77
             113          -12.77            10.2
             114          -3.715           9.779
             115           15.63           10.01
             116          -37.28           10.69
             117          -19.75           10.05
             118           12.55           9.449
             119           35.29           9.911
             120          -39.96           10.44
             121           7.837            9.87
             122           22.97            9.95
             123           33.57           10.45
             124          -43.79           10.17
             125          -6.059           9.967
             126           44.17           9.837
             127           20.71           10.16
APV              147              17               5               1
               0           38.94           50.88
               1          -21.91              42
               2           6.176           23.59
               3          -66.18           18.99
               4            -125           12.38
               5          -59.64           11.13
               6          -3.727           11.06
               7          -10.98           10.37
               8          -70.29           10.57
               9          -16.56           10.38
              10           19.94           10.67
              11           24.48           10.51
              12          -62.72           10.74
              13          -2.714           9.849
              14           14.26           10.56
              15           38.47           10.87
              16          -22.81           10.57
              17          -47.17           10.57
              18           7.841           10.85
              19           7.984           9.739
              20          -63.11           10.63
              21          -10.87           9.986
              22           13.32            9.66
              23           35.64           9.997
              24          -55.54           10.63
              25          -3.928           10.05
              26           27.08           10.09
              27           44.59           10.29
              28          -52.17           10.24
              29          -8.666            9.87
              30           18.95           9.644
              31           48.29           10.36
              32          -28.22           10.72
              33          -29.03           10.61
              34           22.85           10.72
              35           31.61           10.72
              36          -58.73           10.59
              37          -18.98           10.22
              38           36.31           10.98
              39           28.37           10.73
              40          -42.04           10.94
              41          -5.178           10.04
              42           17.72           11.04
              43           43.12           10.94
              44          -50.44           10.43
              45          -7.197           10.54
              46           39.93           10.88
              47           53.55           11.01
              48          -32.03           10.39
              49          -6.914           10.09
              50           12.71           10.56
              51           13.76           9.848
              52          -33.09            10.5
              53          -10.15           9.813
              54           21.33            9.96
              55            21.5           9.886
              56          -57.99           10.66
              57          -19.26           10.13
              58           41.51           10.09
              59           45.53           10.31
              60          -36.55           9.952
              61            4.25           9.791
              62           37.01           9.821
              63           41.91           10.47
              64           -31.9            10.6
              65          -7.744            9.97
              66           14.97           10.97
              67          -3.652           10.16
              68          -69.36           10.63
              69          -7.202           9.608
              70           19.39           10.71
              71           33.81           10.31
              72          -53.34           10.67
              73           -8.64           10.17
              74           16.91           10.64
              75           22.72            10.3
              76          -44.91           10.44
              77           4.802           9.774
              78           35.69           10.54
              79           66.17           10.76
              80          -31.58           10.76
              81          -28.88           10.11
              82           1.725           9.869
              83           22.45           10.03
              84          -59.81           10.66
              85          -2.069           9.515
              86           29.53           9.824
              87           31.34           9.811
              88          -57.22           10.53
              89          -11.27           10.15
              90           16.65           9.869
              91           54.52           10.23
              92          -26.25           10.03
              93          -9.164           9.915
              94           39.58           9.913
              95           51.99           10.25
              96          -52.03           10.64
              97          -13.06           10.35
              98           15.35           11.09
              99           -4.64           10.34
             100          -83.92           10.53
             101          -27.05           9.806
             102           18.04           10.76
             103           52.63           10.64
             104          -47.68           10.61
             105          -11.92           10.54
             106           22.91           10.67
             107           41.61           10.84
             108          -46.46            10.4
             109           12.22           10.15
             110           49.07           10.79
             111           85.66           10.75
             112          -39.88           10.62
             113          -15.09            10.1
             114           11.68           10.02
             115            26.3           9.749
             116          -48.46           10.41
             117          -11.28           9.631
             118           12.75           9.484
             119           32.54           9.809
             120           -29.6            10.4
             121          -8.345           9.971
             122           27.44           9.834
             123           55.61           10.33
             124          -38.54           10.04
             125          -4.662           10.26
             126           42.18           9.997
             127           31.48           10.59
APV              147              17               5               2
               0           110.5           48.82
               1          -3.262           39.29
               2          -10.38           23.49
               3          -57.66           17.72
               4           -90.1           12.29
               5          -45.74           10.08
               6           4.985           10.73
               7           1.207            9.41
               8          -8.975           9.577
               9           7.926           9.668
              10          -7.152            9.65
              11           18.38           10.86
              12          -13.42           9.779
              13          -12.16           9.434
              14           6.482           9.528
              15           22.44           9.648
              16          -41.11           9.661
              17          -4.297           9.172
              18           11.42           10.29
              19           20.13           9.445
              20          -6.572           9.542
              21           7.608            8.89
              22            7.64           8.996
              23           9.421            9.87
              24          -10.74           9.592
              25          0.7098           9.149
              26           6.149           8.827
              27           10.49           9.226
              28          -14.75           9.459
              29           8.652           9.173
              30          -1.432           8.864
              31           33.25           9.364
              32          -24.73           10.27
              33          -18.86           10.02
              34           16.44            10.2
              35           3.811           9.484
              36          -23.02           9.903
              37         -0.7308           9.362
              38           5.077           9.864
              39           21.23           10.88
              40          -15.08           10.08
              41          -2.797           9.763
              42           3.345           9.897
              43           12.75           9.828
              44           -22.4           9.611
              45          -1.953           9.789
              46          -2.531           9.307
              47           16.45           10.01
              48          -26.33           9.908
              49          -1.028           9.237
              50           4.745           9.436
              51           4.791            8.88
              52          -25.65           9.516
              53          -3.975           9.055
              54           17.44           9.199
              55           10.85           10.12
              56          -36.07           9.506
              57          -8.321           9.072
              58           4.692           8.893
              59          0.3446           9.019
              60          -22.93           9.267
              61           3.938           9.209
              62            20.2           9.179
              63           27.73           9.603
              64           -9.83             9.9
              65         -0.8146           9.198
              66           10.19            9.85
              67           7.541           9.196
              68          -14.85           9.741
              69          -8.638           9.184
              70           14.49           9.786
              71           26.65           9.612
              72          -13.21           9.664
              73            3.64           9.105
              74           8.327           9.584
              75            29.1           9.546
              76          -7.535           9.156
              77         -0.4226           9.102
              78           15.65           9.548
              79           37.57            9.66
              80          -36.31           10.08
              81          -12.41           9.493
              82           -12.3           9.192
              83         -0.6474           8.965
              84          -40.06           9.874
              85           -17.1            9.39
              86          -1.091           8.546
              87          -1.816           8.795
              88          -12.51           9.409
              89         -0.7354           8.996
              90           2.789           8.641
              91           32.28           9.502
              92           7.137           9.189
              93          0.3176           9.102
              94           16.81           9.107
              95           9.707           9.364
              96          -21.49           9.685
              97          -12.05            9.48
              98          -8.481           10.23
              99           -5.23           9.591
             100          -28.76           10.09
             101           4.522           9.268
             102          0.6242           9.528
             103           11.59           9.484
             104          -4.342           9.278
             105         -0.8042           9.532
             106           18.27           9.882
             107           19.61           9.738
             108           0.008           9.068
             109           6.708           9.459
             110            17.6           9.833
             111           43.62           10.03
             112          -32.61           9.751
             113            12.7           9.576
             114           10.87           9.368
             115           19.92           9.283
             116          -24.94           9.526
             117          -7.451            8.84
             118           13.16            8.92
             119           31.86           9.066
             120          -27.84           9.705
             121          -18.25           9.221
             122          -3.372           8.608
             123           17.53           9.638
             124         -0.4534           8.778
             125          -3.214           9.185
             126           20.19            8.94
             127          -33.35           9.575
APV              147              16               4               0
               0            91.6           49.78
               1          -3.369           39.72
               2          -25.42           23.11
               3           -81.7           18.24
               4          -99.58           12.93
               5          -41.64           11.01
               6          -19.07           11.62
               7           7.783           10.58
               8          -29.59           10.71
               9          -8.975           10.33
              10          -12.91           10.48
              11           6.931           10.68
              12          -24.57           10.62
              13           1.425           10.17
              14           13.07           10.97
              15           32.52           10.85
              16          -14.18           10.65
              17          -22.94           11.15
              18           2.161           10.82
              19           15.77           10.23
              20          -30.52           10.81
              21          -28.16           11.19
              22          -3.103           9.748
              23           12.88           9.918
              24          -31.76            10.7
              25          -8.789           10.82
              26          -2.275           9.485
              27           23.93           10.87
              28          -26.33           10.43
              29           -6.02           10.88
              30           6.137           9.643
              31           53.03           10.52
              32          -7.332           10.82
              33          -5.292           10.76
              34           13.87            11.2
              35           32.28           11.13
              36          -24.39           11.08
              37           4.207           10.45
              38            12.8           10.61
              39           34.27           10.89
              40          -28.51           11.02
              41          0.4264           10.49
              42           20.16           11.19
              43           36.97           11.29
              44          -12.26           10.81
              45           18.19           10.49
              46           20.21            10.9
              47           42.11           11.19
              48          -7.598           10.56
              49           -27.3           11.02
              50           6.859           10.44
              51           19.83            10.2
              52           -28.4           10.47
              53           1.332           10.76
              54           12.04            9.76
              55           35.09           9.974
              56           -22.1            10.6
              57          -9.916           10.85
              58           6.404           9.802
              59            38.9           10.56
              60          -25.86           10.83
              61         -0.3844            10.5
              62           13.06           9.794
              63           66.64            10.8
              64          -29.18           11.16
              65          -11.12           10.36
              66           11.52           11.56
              67           11.79           10.98
              68          -35.63            11.2
              69           -9.51           10.13
              70          -7.751           10.89
              71           13.24           10.38
              72          -5.195           10.74
              73          -10.41            10.3
              74           3.612           10.66
              75           30.31           11.02
              76          -10.69           10.03
              77          -5.938           9.991
              78           18.08           10.83
              79           61.46           11.38
              80          -36.59           11.33
              81           -32.5           10.26
              82           0.899           9.798
              83           6.133           10.04
              84           -42.6           11.24
              85          -21.35           10.28
              86           3.954           9.503
              87           14.88           10.05
              88          -35.06           10.66
              89           5.093           9.991
              90           18.07           10.02
              91           41.27           10.59
              92          -16.41           10.25
              93          -22.92           10.03
              94           17.25           10.09
              95           67.14           10.77
              96           1.159           10.85
              97           -21.2           10.46
              98            1.12           11.33
              99         -0.4758           10.82
             100          -25.37           11.08
             101          -15.24           10.25
             102           4.105           10.48
             103           28.85           10.88
             104          -25.96            10.8
             105          -18.11           10.57
             106          -2.753           10.65
             107           38.77           11.39
             108           9.344           10.04
             109           15.05           10.74
             110           43.74            11.3
             111           87.22           11.39
             112          -10.72           10.99
             113          -18.98           10.09
             114          -9.508           10.03
             115          -4.891           9.993
             116          -24.45           10.76
             117          -20.11           9.814
             118            18.5           9.806
             119           31.04           10.19
             120          -23.45           10.74
             121          -9.101           9.935
             122           12.65           9.924
             123           31.91           10.87
             124          -25.78           10.12
             125         -0.9512           9.807
             126           41.75           10.35
             127           11.78           10.71
APV              147              16               4               1
               0           140.6           48.66
               1          -6.547           39.23
               2          -13.51           22.93
               3          -75.63           18.25
               4          -65.35           13.08
               5          -35.89           10.93
               6          -24.78           11.91
               7          -31.82           10.73
               8          -5.801           10.41
               9          -8.075           10.42
              10           2.003           10.29
              11           1.173           10.38
              12          -22.14           10.67
              13          -14.41           10.34
              14           3.242            10.1
              15           52.36           10.97
              16           29.45           11.09
              17           -18.4            10.5
              18          -20.26           11.45
              19          -13.26           10.24
              20          -7.138           10.68
              21          -3.891           10.08
              22          -5.514           9.808
              23           8.637           9.805
              24         -0.2088            10.4
              25          -3.397           10.19
              26           -11.8           10.09
              27           10.17           10.27
              28          -1.474           9.918
              29         -0.1512           10.07
              30           11.81           9.855
              31           32.24           10.92
              32            31.1           11.28
              33            -7.3           10.73
              34          -6.227           10.64
              35           9.238           10.42
              36          -1.253           10.73
              37          -12.51           10.38
              38          -8.552           10.33
              39           8.754           10.46
              40          -1.888           10.96
              41           6.884           10.54
              42            14.8           11.05
              43            12.8           10.83
              44           -24.8           10.78
              45          -1.297           10.47
              46           15.57            10.4
              47           46.27           11.26
              48           30.68           11.05
              49          -18.54           10.27
              50          -21.87           11.09
              51           16.29           10.09
              52           11.18           10.73
              53          -5.912           10.08
              54          -17.36            10.2
              55          -1.906           9.823
              56          -15.45           10.51
              57          -14.76           10.07
              58          -8.898           9.793
              59            24.2           10.62
              60          -17.64           10.16
              61          -15.22           10.26
              62           16.78           9.844
              63           52.06              11
              64           24.08           11.14
              65          -15.31           10.35
              66          0.2364           10.92
              67           24.08           10.86
              68            12.9           10.79
              69           3.823           9.927
              70          -3.396           10.48
              71         -0.6476           10.01
              72           0.353           10.39
              73          -2.473           9.873
              74          -11.45           10.66
              75            13.2           9.793
              76          -5.468           10.02
              77          -5.871           9.749
              78           3.766           10.52
              79           61.84            11.2
              80           20.29           11.19
              81          -14.58           10.46
              82           -10.4           10.28
              83           5.962           9.811
              84           -14.5           11.05
              85           -7.31           9.983
              86          -15.75           9.711
              87          -4.272           9.695
              88          -11.18           10.57
              89          -12.24           10.15
              90            1.31           9.687
              91           28.57           10.77
              92          -14.32           10.12
              93          -16.44           10.29
              94            12.6           9.895
              95           69.39           11.06
              96           25.55           11.17
              97          -18.02           10.63
              98          -15.86           11.34
              99          -23.03           10.87
             100          -6.087           10.33
             101          -1.369           9.738
             102          -10.55           10.72
             103           21.22           10.41
             104           1.889           10.71
             105           4.258            10.3
             106          -5.795            10.5
             107           16.01           10.97
             108          -6.886           10.09
             109          -17.94           10.43
             110           5.456           10.58
             111           76.77           11.56
             112           31.58           11.06
             113          -6.203           10.16
             114          -20.03           10.29
             115           5.587           9.679
             116          -4.266           10.24
             117           3.042           9.644
             118           6.061           9.513
             119           8.456           9.794
             120           6.634           10.25
             121          -12.01           10.07
             122          -4.265           9.613
             123           22.19           10.66
             124          -4.778           9.831
             125          -10.25           10.14
             126           5.934           9.769
             127           32.99           11.23
APV              147              16               4               2
               0           12.39           48.26
               1          -52.29           37.61
               2          -8.238              22
               3          -76.57           17.37
               4          -149.7            12.8
               5          -66.32           10.84
               6           28.72           11.82
               7           23.78           10.55
               8          -89.71           12.01
               9          -27.44           10.67
              10           46.27           10.71
              11           37.49           10.69
              12          -57.75           10.86
              13          -16.71           10.25
              14           31.13            10.8
              15           53.25           10.89
              16          -83.14            11.1
              17          -60.42            10.6
              18           8.579            11.2
              19           35.44           10.12
              20          -100.6           10.87
              21          -55.73           10.22
              22           24.49           10.02
              23           31.32           9.928
              24          -70.15           11.01
              25          -5.702           10.06
              26           28.15            10.2
              27           45.31           10.57
              28           -70.2           10.36
              29          -24.78           10.21
              30            35.6           10.07
              31           41.33           10.55
              32          -85.57           11.31
              33          -43.21           10.91
              34            10.5           10.66
              35           17.03           10.58
              36          -77.51           10.97
              37          -41.21           10.32
              38           28.08           10.94
              39           57.87           10.59
              40          -43.16           11.05
              41          -21.31            10.6
              42           40.36           11.16
              43            56.6           10.85
              44          -52.78           10.65
              45           5.838           10.31
              46           54.89           10.85
              47           69.49           11.11
              48          -68.38           11.29
              49           -39.2           10.52
              50           18.96           10.89
              51           40.19           10.08
              52          -76.49           11.64
              53             -21           9.962
              54           27.82           9.925
              55           38.05           10.05
              56          -65.15           10.76
              57          -25.84           10.26
              58           61.24           10.47
              59           45.18           10.28
              60          -63.95           10.31
              61           21.98           10.27
              62            47.4           10.19
              63           71.09           10.91
              64          -73.28           11.21
              65          -46.68           10.45
              66           32.09           11.28
              67           30.86           10.61
              68          -73.73           11.07
              69           -14.4           10.14
              70            56.2           10.89
              71           60.48           10.42
              72          -57.03           10.87
              73          -15.18           10.25
              74           58.33           11.12
              75            55.3           10.57
              76          -63.69           10.47
              77           7.828           10.03
              78           50.54           10.83
              79           50.06           11.04
              80          -93.52           11.27
              81          -52.07           10.45
              82           11.65           10.15
              83           23.26           9.894
              84          -80.77           11.24
              85          -28.34           10.38
              86              49           9.824
              87           41.34           9.775
              88          -66.18           10.91
              89          -5.692           9.998
              90           56.18           10.34
              91           42.53           10.43
              92          -55.13           10.26
              93           9.266            10.2
              94           66.15           10.03
              95           68.62           10.86
              96          -87.93           11.34
              97          -55.68            10.7
              98           32.39           11.21
              99           46.47           10.63
             100          -73.64            10.9
             101          -34.81           10.46
             102           58.34           10.94
             103           51.33           10.53
             104          -63.47           10.87
             105           3.752           10.23
             106           39.06           10.53
             107           40.09            10.9
             108          -44.52           10.52
             109           20.66           10.55
             110           69.17           11.01
             111           53.75           11.16
             112          -88.08           11.09
             113          -32.94           10.34
             114           37.14           10.37
             115           25.67           9.704
             116          -80.15           10.86
             117          -24.37           10.06
             118           45.19           9.745
             119            46.4            9.75
             120          -54.54           10.54
             121          -2.006           9.649
             122           59.63           9.958
             123           61.15           10.67
             124          -47.91           10.27
             125           15.66           10.45
             126           80.43           10.37
             127           -8.84           10.65
APV              147              15               3               0
               0           44.58           51.56
               1          -44.67           39.93
               2          -28.56           23.22
               3           -92.2           17.97
               4          -100.3           12.25
               5          -36.83           9.987
               6           4.631            15.9
               7          -3.849           9.033
               8          -11.11           9.394
               9          -12.77           9.341
              10           14.03           9.426
              11          0.0644           9.138
              12          -43.32           9.673
              13          -8.739           9.048
              14           30.49           9.439
              15           19.15           9.679
              16          -38.57           9.812
              17          -32.84           12.48
              18            2.67           9.925
              19           19.14           9.176
              20          -35.26           10.01
              21          -11.61           9.076
              22           21.19           8.856
              23           21.97           8.916
              24          -25.95           9.741
              25          -27.91           9.451
              26           14.68           8.995
              27           7.529           9.041
              28          -23.99           9.212
              29          -5.286           8.995
              30           28.49           8.986
              31           8.388           9.096
              32          -47.02           9.932
              33          -25.58           9.617
              34           20.38           9.679
              35           8.305           9.336
              36          -42.88           9.964
              37          -28.72           9.277
              38           9.149           9.299
              39           9.177           9.088
              40           -24.3           9.928
              41         -0.9824           9.298
              42           39.42           10.03
              43           9.414           9.333
              44           -16.5           9.491
              45           20.52            9.64
              46           50.56            9.72
              47           33.64            10.2
              48          -39.61           9.796
              49          -31.86           9.275
              50            18.6           9.741
              51           25.31           9.027
              52          -25.35           9.762
              53          -4.831           8.769
              54           10.77           8.572
              55            9.73           9.208
              56          -33.18           15.52
              57          -8.613           9.083
              58           33.06           9.159
              59           7.481           9.382
              60           -34.7           9.255
              61           7.281           8.966
              62           45.56           9.642
              63           44.71           17.83
              64          -24.38           9.881
              65          -16.47           9.169
              66           20.42           9.957
              67           2.105           9.388
              68          -43.91           9.905
              69          -6.422           8.882
              70           19.69           9.778
              71           12.74           9.161
              72             -35           9.726
              73           2.313           8.735
              74           20.71           9.535
              75            9.47           9.285
              76          -35.53            9.22
              77          -1.959           8.293
              78           34.75            9.73
              79           52.56           10.42
              80           -28.6           9.967
              81          -27.93           9.319
              82           16.77           9.087
              83           26.07           8.931
              84          -32.37           9.814
              85           -28.4           9.248
              86           11.95           8.511
              87           5.278           8.523
              88          -18.57           9.543
              89          -7.988           8.999
              90           23.26           8.883
              91           18.61           9.296
              92          -13.25           9.251
              93           15.39           9.295
              94           50.99           9.039
              95           46.37           9.986
              96          -52.45           9.932
              97          -22.14           9.486
              98           18.51           10.27
              99           6.012           9.435
             100          -26.28           9.735
             101           2.224           8.724
             102           20.76           9.789
             103           26.56           9.495
             104          -29.71           9.722
             105          -1.073           9.182
             106           34.95           9.772
             107           6.152           9.248
             108          -16.27           9.304
             109            22.9           9.447
             110           46.98           10.11
             111            52.9           10.26
             112          -36.62           9.626
             113          -10.27            9.13
             114           12.48           8.901
             115           10.95           8.747
             116          -42.04           9.597
             117          -3.163           8.528
             118           11.01           8.449
             119          -1.099           8.491
             120          -15.53            9.28
             121           4.147           8.659
             122           34.09           8.744
             123           7.254           9.131
             124          -19.79           12.54
             125           2.334           9.256
             126              52           9.285
             127           27.14              10
APV              147              15               3               1
               0           58.05           49.27
               1          -36.84           38.22
               2           3.207           22.51
               3          -60.38           17.57
               4          -111.3           11.98
               5          -71.52           10.44
               6           4.496           11.45
               7           15.72           9.851
               8          -48.44           9.879
               9          -22.04           9.897
              10           18.62           10.38
              11           37.14           9.845
              12          -63.18           9.917
              13          -12.55            9.64
              14           36.94           10.44
              15           49.29           10.03
              16          -38.06           10.29
              17          -46.87           10.49
              18          -11.12           11.02
              19           22.75             9.6
              20          -56.97           10.15
              21          -40.24            9.71
              22           8.366           9.048
              23           40.85           9.365
              24          -36.26           9.913
              25          -23.49           10.07
              26           31.45           9.307
              27           42.22           9.867
              28          -32.11           9.682
              29          -13.63           9.658
              30           52.82           9.418
              31           54.45           10.01
              32           -37.6           10.22
              33          -45.13           10.24
              34           7.592            10.3
              35           36.43           10.27
              36          -40.32           9.938
              37          -17.47           9.689
              38           30.63           10.64
              39           47.14           10.01
              40          -34.62           10.04
              41           -7.42           9.665
              42           39.59           11.11
              43            42.9           9.957
              44          -41.26           10.08
              45          -5.395           9.726
              46            50.8            10.5
              47           47.49           10.53
              48          -39.84              10
              49          -35.38           9.907
              50           6.433           10.23
              51           33.02           9.475
              52          -54.49           9.908
              53          -25.83           9.786
              54           29.55           9.592
              55           45.96           9.394
              56          -53.65           9.843
              57          -25.88           9.848
              58           32.85           9.502
              59            46.5           9.729
              60          -44.63           9.605
              61          -11.75            9.86
              62           35.62           9.203
              63           61.82            10.1
              64          -30.15           9.993
              65          -28.85           9.571
              66          -0.484           10.83
              67           32.43           10.22
              68          -65.56           10.14
              69          -40.57           9.615
              70           33.89           10.83
              71           30.58           9.956
              72          -40.96           10.04
              73          -21.43            9.79
              74            35.2           10.62
              75            38.7           9.992
              76          -28.04           9.684
              77          -12.54           9.403
              78           68.31           10.59
              79           78.25           10.62
              80          -41.79           9.957
              81          -44.41            9.94
              82           1.111           9.694
              83            28.2           9.383
              84          -39.19           9.868
              85          -16.49           9.475
              86           35.87           9.272
              87           51.37           9.423
              88          -46.78           10.02
              89          -1.435           10.56
              90           27.74           13.62
              91           42.41           9.463
              92          -50.49           9.856
              93          -8.141           9.904
              94            67.3           9.665
              95           81.93            10.2
              96          -41.26           10.09
              97          -51.26           9.824
              98           8.969           10.97
              99           29.94           10.08
             100          -62.46           9.955
             101          -26.74           9.894
             102           42.18           10.53
             103           37.39            9.86
             104          -41.31           10.01
             105          0.7846           9.738
             106           44.99           10.89
             107           45.16           10.28
             108          -33.98           9.635
             109          -3.656            9.58
             110           67.47           10.97
             111           81.91           10.82
             112          -50.39           9.957
             113           -40.9           9.686
             114           7.559           9.401
             115           16.88           9.459
             116          -46.94           9.797
             117          -10.81           9.325
             118           38.79           9.254
             119            44.9           9.448
             120          -48.61           10.11
             121          -14.86           9.671
             122           39.49           9.323
             123           49.15           9.739
             124          -44.71           9.537
             125          -19.67           10.14
             126           61.14           9.766
             127          -9.199           9.412
APV              147              15               3               2
               0           59.61           48.68
               1          -37.88           37.49
               2          -16.72           22.23
               3           -71.9            17.2
               4           -97.5           11.85
               5           -37.1           9.584
               6          -4.698              11
               7            4.62           9.052
               8          -32.74           9.607
               9          -21.97           9.394
              10           17.71           9.976
              11           20.97           9.382
              12          -20.81           9.743
              13          -22.34           9.145
              14           6.265           9.748
              15           32.87           9.669
              16           -19.1           9.682
              17          -27.48           9.619
              18           -3.12           10.22
              19           29.47           9.048
              20          -31.54           9.709
              21          -24.84           9.201
              22          -8.868           8.662
              23           7.388           8.614
              24          -23.07           9.508
              25          -14.67           9.247
              26           18.26           8.928
              27           21.66           9.349
              28          -19.98           9.637
              29           3.168            9.11
              30           29.09           9.011
              31           39.44           9.282
              32          -19.07           9.733
              33          -30.95           9.559
              34           8.807            9.88
              35           29.47           10.72
              36          -33.71           9.979
              37          -23.26           9.145
              38            19.3           10.23
              39           27.54           9.554
              40          -29.16           9.964
              41          -6.457           9.356
              42            24.6           10.62
              43           17.82           9.548
              44          -25.82           9.792
              45         -0.8674           9.363
              46           33.54           10.15
              47           27.89           9.918
              48           -36.6            9.63
              49          -19.47           9.341
              50          -5.959           9.771
              51           25.79           9.924
              52             -36           9.682
              53          -32.09           9.064
              54           9.957           8.676
              55           16.13           8.809
              56          -26.09           9.477
              57           -6.04           9.112
              58           30.32           9.133
              59           27.89           9.318
              60          -17.05           9.234
              61           -4.05           9.255
              62           36.84           8.933
              63           41.46           9.488
              64          -30.23              10
              65          -20.61           9.199
              66           6.307           10.42
              67           31.28           9.535
              68          -24.39           9.708
              69          -14.55           8.922
              70           17.96           10.13
              71           34.58           9.578
              72          -15.49           9.712
              73          -2.358           8.865
              74           10.65           9.896
              75           36.72           9.759
              76          -27.57           9.276
              77          -3.154           8.851
              78           53.95           9.868
              79           50.51           10.04
              80          -14.72           9.666
              81          -18.77           9.343
              82            13.4           9.379
              83           12.33           8.765
              84          -28.63           9.882
              85          -29.96           9.242
              86           1.923           8.485
              87           16.74           8.681
              88          -11.98           9.311
              89           4.789            9.15
              90           17.96           8.891
              91           21.84           9.292
              92           -12.1           9.097
              93           -10.9           9.515
              94           46.42           9.065
              95           52.73           9.755
              96          -23.31           9.777
              97          -13.31            9.08
              98           9.155           10.55
              99           6.865           9.455
             100          -50.96           9.783
             101          -9.085            8.91
             102           12.85            9.75
             103           2.092           8.898
             104          -24.95           9.727
             105          -4.289           9.233
             106           23.48              10
             107           38.98           9.795
             108          -7.696           8.941
             109           8.045           9.286
             110           54.82           10.53
             111           48.55           10.18
             112          -13.83           9.601
             113          -17.92            9.03
             114           10.67           8.951
             115            25.5           8.894
             116          -32.91           9.396
             117          -29.15            8.93
             118           0.321           8.356
             119           20.64           8.803
             120          -21.93           9.295
             121          -11.91            9.13
             122            29.6           8.837
             123           28.47           9.542
             124          -14.68            9.28
             125          -2.349           9.607
             126              50           9.267
             127          -24.98           9.615
APV              147              14               2               0
               0           64.37           48.12
               1          -21.62            36.1
               2          -19.39           21.55
               3          -78.57              16
               4          -79.41           11.02
               5          -53.12           8.765
               6          -4.963           10.12
               7           14.33           8.608
               8          -29.03           8.501
               9          -29.68           8.583
              10            25.5           9.325
              11           31.96           8.706
              12          -52.96           8.749
              13          -19.41           8.477
              14           26.37            9.04
              15           43.48           8.659
              16          -17.72           9.201
              17          -18.27           8.511
              18           15.81           11.46
              19           38.01           8.724
              20          -25.64           8.978
              21          -21.27           8.425
              22           10.07           8.676
              23           25.51           8.098
              24           -47.2           8.873
              25          -27.46           8.329
              26            36.4           8.489
              27           35.35           8.435
              28          -44.91           8.485
              29          -27.83           8.712
              30           44.01           8.437
              31           68.34           8.494
              32          -19.19           9.214
              33          -19.53           8.472
              34           0.182           8.957
              35           10.09           8.481
              36           -34.9           8.895
              37          -43.13           8.506
              38           7.036            8.93
              39           15.61           8.435
              40           -29.9           9.196
              41          -12.93             8.6
              42           27.69           9.733
              43           49.34            8.94
              44          -13.67           8.536
              45          -15.35           9.054
              46           55.68           9.091
              47           78.64           9.012
              48          -1.493           9.078
              49          -27.05           8.454
              50           8.523           9.763
              51           14.88           8.038
              52          -43.13           8.623
              53          -41.21           8.339
              54           4.024           8.311
              55           38.09           8.099
              56          -27.63           8.598
              57          -29.94           8.351
              58           26.84           8.549
              59           43.12           8.437
              60          -38.35           8.343
              61          -3.664           8.499
              62           51.11           8.489
              63           56.93           8.922
              64          -30.87           9.358
              65           -26.9           8.127
              66           3.177           9.942
              67           37.85           8.934
              68          -20.75           8.736
              69          -31.46            8.06
              70           24.19           9.532
              71            50.5           8.344
              72          -31.21           8.756
              73          -25.92           8.131
              74           36.94           9.388
              75           62.01           8.732
              76          -25.89            8.42
              77          -14.69           7.979
              78            30.8           8.774
              79           39.25           8.793
              80          -19.25           9.314
              81          -31.99            8.14
              82           20.36           8.844
              83           28.97           7.924
              84          -34.05           8.968
              85           -29.2           7.954
              86           25.85           7.951
              87           32.52           7.947
              88          -52.23           8.372
              89          -25.17           8.281
              90           29.33           8.178
              91           55.62            8.54
              92          -31.56           8.283
              93          -5.106           8.463
              94           65.46            8.05
              95           101.1           8.584
              96          -17.15           8.978
              97          -25.83            8.34
              98           2.571           9.896
              99           35.76           9.087
             100           -37.1           8.609
             101          -39.86           8.326
             102           2.859            8.75
             103           44.26           8.572
             104          -53.08           8.547
             105          -21.51           8.657
             106           42.35           9.372
             107           60.31           8.886
             108          -24.77           8.019
             109          -20.23            8.54
             110           44.26           9.145
             111           78.26           8.991
             112          -36.51           9.024
             113          -28.09           8.037
             114           6.464           8.454
             115           26.87           8.049
             116           -34.7           8.701
             117           -33.7           7.716
             118            18.7           7.799
             119           41.74           8.036
             120          -33.04           8.367
             121          -18.66           8.187
             122           41.04           8.077
             123           47.65           8.407
             124          -55.54           8.016
             125          -7.321           8.944
             126           52.37           8.329
             127          -20.88           9.044
APV              147              13               1               0
               0           71.09           50.48
               1          -19.49           43.27
               2           3.761           22.91
               3          -57.51           18.84
               4          -108.3           11.96
               5          -58.29           18.39
               6           3.244           11.61
               7           19.75            10.1
               8          -53.59           9.818
               9          -7.716           17.91
              10           6.164           10.05
              11           28.66           10.55
              12           -14.9           10.06
              13           2.144           18.07
              14           27.52            10.3
              15           31.88           10.37
              16          -40.91           10.49
              17             -45              19
              18          -1.054           11.69
              19              11            9.33
              20          -68.19           10.04
              21          -18.73           19.01
              22           15.61           9.525
              23           26.75           9.259
              24          -42.75           9.927
              25          -27.83           19.11
              26           23.64            9.36
              27           40.11           10.08
              28          -45.24           10.09
              29          -14.58           19.06
              30           23.33           9.024
              31           45.71           10.13
              32          -19.81           10.37
              33          -19.55           18.33
              34           12.23           10.75
              35            15.1           10.77
              36          -54.37           10.09
              37           -23.9           18.21
              38           14.06            10.3
              39           23.54            10.3
              40           -26.9           10.47
              41          -15.13           18.08
              42            34.7           11.35
              43           42.68           10.69
              44          -23.22           11.28
              45           6.688           18.35
              46           36.65           10.04
              47           44.78           10.84
              48          -44.85           10.22
              49          -25.31           18.83
              50            4.81           10.55
              51           20.66           9.474
              52          -62.52           9.707
              53          -32.57           19.19
              54           11.68           9.144
              55           28.19           9.135
              56          -27.95           9.726
              57          -8.027           18.77
              58           23.48           9.331
              59           20.84           9.814
              60          -38.79           10.37
              61           -15.1           18.89
              62           38.82           9.094
              63           55.83           10.41
              64          -60.95           10.84
              65          -23.62           9.886
              66           5.935           13.04
              67           12.34           11.53
              68          -55.81           10.35
              69          -10.65           9.353
              70           18.77           11.83
              71           19.95           10.74
              72          -21.33            10.1
              73          -4.238           9.467
              74           42.22           11.36
              75           39.69           10.77
              76          -40.09           9.503
              77           14.62           9.375
              78           26.21           10.58
              79           57.99           11.18
              80          -50.54           11.35
              81           -44.8           10.02
              82           13.82           9.343
              83           6.847           9.225
              84          -72.39           10.61
              85          -28.99           9.516
              86           2.566           8.719
              87           42.63           10.02
              88          -25.71           10.39
              89          -6.143           9.267
              90           24.86           9.087
              91              27           10.47
              92          -38.36           9.801
              93          -2.413           9.142
              94           48.84           9.128
              95           63.83           10.53
              96          -45.79            10.7
              97          -41.79           9.935
              98           6.945           12.42
              99           7.306            11.2
             100          -51.83           10.37
             101          -27.12           9.732
             102           25.26           11.63
             103           31.23           10.65
             104          -48.12           10.05
             105           12.96           10.14
             106           42.18           11.32
             107           52.95           10.97
             108          -23.11           9.601
             109           3.785           9.797
             110            32.4           11.27
             111           87.26           11.53
             112          -60.73           11.27
             113          -9.615            9.31
             114           9.674           9.062
             115           9.023           9.317
             116          -54.25           10.35
             117          -10.64           9.069
             118           13.94            9.01
             119           32.54           9.893
             120          -39.17           10.19
             121          -4.306           9.005
             122           38.96           9.464
             123           57.68           10.43
             124           -56.6           9.577
             125          -14.33           9.756
             126           44.46           9.139
             127           51.66           10.62
APV              147              13               1               1
               0           74.64           49.84
               1          -2.001           40.78
               2           10.28           23.14
               3          -70.59           20.07
               4          -102.4           13.69
               5           -46.5           14.17
               6           12.54           15.06
               7         -0.4766           11.48
               8          -32.47           11.11
               9           -9.33           14.21
              10            9.48           11.78
              11          -1.197           11.22
              12          -28.27           11.41
              13          -1.104           14.27
              14           22.66           12.25
              15           15.87           11.69
              16          -33.67           12.51
              17          -21.54           14.09
              18           17.34           18.47
              19           16.35           10.75
              20           -33.9           11.86
              21          -21.78           14.67
              22          -7.746           11.73
              23          -1.553           9.783
              24          -27.14            11.7
              25          -1.113           14.26
              26           15.17           10.92
              27           15.36           10.77
              28           -26.4           10.91
              29           4.234              16
              30           20.35           10.68
              31           32.81           11.26
              32          -20.25           12.33
              33          -18.43           14.48
              34           28.92           12.24
              35          0.0916           12.36
              36          -45.46           11.66
              37          -9.549           14.49
              38           2.112            12.2
              39           13.41           11.42
              40          -42.44           11.67
              41          -13.58           14.02
              42           40.77           13.07
              43           11.95           11.68
              44          -3.283           12.21
              45          -5.839           14.09
              46           8.968           11.17
              47           25.72           11.85
              48          -19.18           12.52
              49           -10.9           14.04
              50           13.24           15.36
              51           8.249           10.43
              52          -48.47           11.45
              53          -4.649            14.4
              54           25.74           11.56
              55           3.392           9.872
              56           -28.5           11.21
              57           0.062           14.87
              58           17.23           10.61
              59           20.32           11.03
              60          -25.04           10.63
              61          -3.586            17.1
              62           20.36           10.42
              63           33.63           11.24
              64          -33.21           12.63
              65          0.1066           10.06
              66           7.684           16.01
              67          0.2674           12.88
              68          -29.56           11.76
              69           11.59           10.53
              70           12.16           14.44
              71           22.96           12.08
              72          -24.87           11.39
              73          -6.493           10.31
              74            25.5           13.26
              75           10.23            11.7
              76           -20.2           10.86
              77           24.97           10.68
              78           20.39            11.9
              79           34.16           12.39
              80          -41.19           13.15
              81          -25.83           10.55
              82          -1.286           12.13
              83          -9.919           10.13
              84          -25.93            12.2
              85          -7.483           10.21
              86           22.29           10.65
              87           19.02           10.49
              88          -8.395           11.04
              89          -5.748           10.61
              90            14.4           10.04
              91            11.4           11.18
              92          -36.76           10.55
              93          -7.549           12.44
              94           22.83           9.857
              95           37.76            11.8
              96          -34.13           12.03
              97          -5.823           10.56
              98           11.43           15.32
              99           10.18           13.11
             100          -37.52           11.69
             101           4.478           10.42
             102           22.63           13.52
             103           35.22           11.81
             104           -7.27           10.97
             105           10.09           10.48
             106           12.93           12.91
             107           10.71           12.13
             108          -23.04           10.61
             109            0.02           10.16
             110           21.41            12.9
             111           39.57           12.45
             112          -33.17           13.33
             113          -5.036           10.13
             114           13.92           11.87
             115           6.449           10.24
             116          -34.15           11.53
             117          -10.39           10.01
             118           24.76            10.6
             119           23.63           10.47
             120          -31.25           10.89
             121           12.64           10.62
             122           15.69           10.03
             123           18.02           11.57
             124          -12.67           10.11
             125           1.993           14.67
             126           35.97            10.2
             127           8.225           11.09
APV              147              13               1               2
               0           44.37           48.55
               1          -30.41           38.53
               2          -24.05           23.59
               3          -59.27           19.26
               4          -122.5           13.35
               5          -50.59           11.29
               6          -11.88            15.8
               7           42.52           13.14
               8          -59.73           11.13
               9          -9.601           11.26
              10           15.78           12.23
              11           80.42           11.85
              12             -54           11.37
              13          -17.08            11.1
              14           44.41           12.29
              15           71.92            11.9
              16          -56.49            12.5
              17           -42.1           11.03
              18          -30.54            19.8
              19           15.28           10.54
              20          -76.76           11.75
              21          -40.59           11.05
              22           -22.8           12.53
              23           44.12           11.55
              24          -62.96           11.12
              25          -32.07           11.33
              26           12.32           10.98
              27           63.41            10.9
              28          -51.54           10.86
              29          -21.39           11.97
              30           25.67           11.02
              31           98.54           11.24
              32          -41.95           12.57
              33          -26.72           11.42
              34           8.674           12.13
              35           32.96           12.54
              36          -56.48           11.69
              37          -23.32           11.16
              38            4.57           12.48
              39           68.66           11.71
              40           -49.5           11.69
              41           4.159           10.91
              42           33.09           13.59
              43              78           11.81
              44             -39           11.91
              45          -10.25            10.9
              46           27.69           11.93
              47            74.7           11.95
              48          -47.17           12.81
              49          -21.54           10.71
              50          -21.69           16.06
              51           35.48           10.68
              52          -63.12           11.47
              53          -15.53           10.55
              54           8.644           11.61
              55           89.52           10.49
              56          -56.59           10.97
              57          -41.71           11.29
              58           19.67           11.25
              59            73.7           11.04
              60           -62.4           10.63
              61          -15.83            12.8
              62           41.25           10.42
              63           83.96           11.42
              64          -53.85           12.48
              65          -31.08           10.91
              66           17.91           16.73
              67           50.75           13.67
              68          -68.01           11.54
              69          -20.54           10.68
              70           5.516           14.47
              71           72.79           12.16
              72          -74.81           11.32
              73          -11.26           10.66
              74           41.78           13.57
              75           82.02           11.75
              76           -55.4           11.14
              77           2.547           10.57
              78           53.91           12.63
              79           82.49              12
              80          -88.72           12.76
              81          -48.14           10.89
              82          -7.885           12.78
              83           51.91           10.54
              84           -65.8            11.9
              85          -29.84           10.64
              86           6.005           10.81
              87           92.83           10.61
              88          -52.13           11.15
              89          -28.15           11.37
              90           27.38           10.68
              91           79.74           11.07
              92          -53.51            10.8
              93             -17           13.15
              94           60.84            10.5
              95           122.6           11.39
              96          -62.67           11.73
              97           -1.52           10.47
              98           26.42           16.03
              99           39.44           13.01
             100          -67.79           11.28
             101          -22.33           11.08
             102           26.88           13.69
             103           82.52           11.95
             104          -67.18           11.18
             105          -13.97           10.84
             106           29.57           13.67
             107           83.38           11.81
             108          -55.26           10.86
             109          -11.53            10.9
             110           63.46           13.59
             111           119.4           12.44
             112           -48.1           12.56
             113          -8.327           10.56
             114           22.89           12.64
             115           41.57           10.41
             116          -30.67           11.51
             117          -24.11           10.51
             118           27.91           10.82
             119           87.97            10.7
             120          -54.61           10.92
             121          -13.78           11.21
             122           61.34            10.7
             123            86.4           11.19
             124          -50.49           10.58
             125          -34.97           15.22
             126           58.18           10.74
             127           60.56           11.67
APV              147              10               0               0
               0           56.86           48.63
               1          0.4396            36.6
               2           10.43           22.14
               3          -75.56           17.28
               4            -117           11.89
               5          -40.74           9.899
               6          -6.399           11.85
               7           10.06           9.696
               8          -39.97           9.884
               9           -11.2           9.763
              10           6.741           10.41
              11           30.72           9.922
              12          -24.83            9.81
              13          -3.314           9.297
              14           35.73           10.77
              15           51.81           10.18
              16          -32.04           11.08
              17          -26.17           10.37
              18           2.082           14.83
              19          -9.401           9.226
              20          -61.42           10.69
              21          -27.16           9.906
              22           1.163           10.08
              23           13.09           9.081
              24           -43.4           10.16
              25          -3.354           9.707
              26            18.4           9.966
              27           27.15           9.385
              28          -19.43           9.584
              29          -2.656           9.994
              30           24.65           9.704
              31           47.25           9.729
              32          -29.73            10.7
              33          -13.89           9.636
              34           13.59           10.76
              35           11.06           10.33
              36          -50.32           10.23
              37          -14.61           9.554
              38           20.41           10.47
              39           20.55           9.789
              40          -37.67            10.3
              41          -15.97            9.79
              42           22.34           11.28
              43           29.87           10.01
              44          -39.17           10.17
              45          -3.069           9.478
              46           29.28           10.63
              47            41.7           10.81
              48          -20.72              11
              49           -20.6           9.999
              50           10.91           12.46
              51          0.3196           9.058
              52          -55.23           10.24
              53          -28.32           9.818
              54           4.362           9.822
              55           29.17           9.034
              56          -34.77           10.13
              57           6.433           9.648
              58           28.77           9.849
              59           32.23           9.669
              60          -22.32           9.514
              61           2.777           10.77
              62           48.06            9.83
              63            55.1           10.34
              64          -36.53           10.85
              65          -8.692           9.341
              66           19.61           13.02
              67            9.25            10.5
              68          -54.83           10.06
              69          -10.35           9.353
              70           20.17            11.4
              71           12.01            9.84
              72          -31.07           10.13
              73           15.02           9.676
              74           36.11           11.16
              75            43.5           10.15
              76          -39.58           9.719
              77          -17.68           9.398
              78           34.67           10.91
              79           53.59           10.96
              80          -46.13           11.46
              81          -10.51           9.443
              82          0.7454           10.57
              83           10.93           9.152
              84          -44.83           10.64
              85          -13.52           9.565
              86           10.99           9.349
              87           23.76           9.317
              88           -34.9           10.11
              89          -3.117           9.526
              90           10.92           9.539
              91           41.95           9.907
              92          -30.55           9.562
              93          -16.66           10.83
              94           52.56           9.804
              95           71.73           10.51
              96          -28.29           10.34
              97          -21.17           9.602
              98           23.78           12.69
              99           17.83           10.52
             100          -40.07           9.972
             101          -1.899           9.251
             102           35.98            10.4
             103           21.73           9.611
             104          -33.77           9.953
             105          -1.656           9.627
             106           26.59           11.17
             107           53.36            10.5
             108          -10.32           9.137
             109          -1.624           9.367
             110           55.66           11.39
             111           72.25           11.15
             112          -43.26           11.16
             113          0.3306           9.188
             114           8.464           10.58
             115           10.61           9.058
             116          -47.43           10.07
             117          -21.33            9.45
             118           10.57           9.292
             119           25.09            9.25
             120          -21.52           9.744
             121          -12.54           9.709
             122           14.38           9.367
             123           45.55           9.941
             124          -24.59           9.576
             125          -11.42            11.7
             126           57.68           9.949
             127          -58.15           10.26
APV              147              10               0               1
               0           60.57           49.27
               1          -6.815           37.05
               2          -9.733           22.91
               3            -100           17.48
               4          -92.79           12.11
               5          -37.49           9.816
               6          -14.82           13.25
               7          -13.21            9.92
               8          -22.38           9.772
               9          -15.61           9.643
              10           8.262           10.81
              11           24.98           9.847
              12          -16.42           9.952
              13            2.61           9.304
              14           24.14           10.64
              15           12.58            9.48
              16          -43.06           10.88
              17          -24.38           10.66
              18          -7.575           15.21
              19          -24.09           9.555
              20          -46.92           10.44
              21          -22.93           10.11
              22           10.94           10.19
              23           17.27           9.001
              24           -17.6           10.01
              25          -5.432           9.808
              26           31.91           9.957
              27           20.94           9.632
              28          -21.84           9.795
              29           -6.96            10.4
              30           5.031           9.271
              31           11.47           9.481
              32          -31.01           10.91
              33          -20.63           10.05
              34          -8.583           10.88
              35           -11.9           10.59
              36          -42.71           10.29
              37          -11.62           9.456
              38           10.95           11.13
              39          -4.053           9.521
              40          -30.08           10.44
              41           8.921           9.719
              42           21.03           11.71
              43           16.69           9.758
              44          -21.63           10.35
              45           10.08           9.869
              46           31.81           10.55
              47           21.55           10.21
              48          -36.15           11.03
              49          -21.07           10.33
              50          -4.101           12.88
              51          -3.504            9.08
              52          -27.26           10.26
              53         -0.1168           9.518
              54           25.03           10.26
              55           15.71           9.032
              56          -19.66           9.899
              57          0.2176           9.874
              58           23.69           9.818
              59            23.3           9.573
              60          -14.95           9.643
              61          -17.14           11.06
              62           31.16           9.445
              63           35.03           9.889
              64          -11.99           10.68
              65         -0.1002            9.45
              66           16.65           14.11
              67           9.315           10.94
              68          -13.16           9.939
              69           4.299           9.139
              70           14.34           12.32
              71           8.277           9.302
              72           -24.2            9.89
              73          -4.161            9.02
              74           14.47           11.42
              75           30.28           9.797
              76          -17.76           9.867
              77           -11.8           9.283
              78           29.87           11.12
              79           29.23           10.55
              80          -23.23           11.26
              81            7.01           9.407
              82           10.31            10.8
              83           15.35           9.047
              84          -15.18           10.25
              85          -6.349           9.303
              86           17.76           9.556
              87           8.307           8.852
              88          -25.17           10.04
              89          0.6746           9.775
              90           25.37            9.57
              91           33.28           9.427
              92           -26.5            9.66
              93          -15.87           11.17
              94           13.73           9.177
              95           24.82           10.12
              96          -21.83            10.3
              97         -0.7588           9.215
              98           15.72           13.43
              99          -4.829           10.52
             100           -42.3           10.08
             101           3.159           9.109
             102           22.06           11.44
             103           10.19           9.407
             104          -13.72           9.651
             105           12.54           9.797
             106           31.87            11.5
             107           31.71           10.28
             108           5.201           9.388
             109           5.899           9.647
             110           36.09           12.18
             111           30.92           11.06
             112          -35.04           11.08
             113          -3.596           9.256
             114           4.617           10.24
             115           0.652           8.998
             116          -11.89           9.735
             117           4.942           9.226
             118           18.18           9.408
             119          -2.886           8.706
             120          -21.63           9.829
             121          -3.187           9.605
             122           29.64           9.527
             123           35.62           9.626
             124           5.278           9.451
             125           1.224           12.18
             126            34.8           9.739
             127          -107.1           10.01
APV              146               9              23               0
               0           73.11           50.13
               1           -39.2            41.9
               2          -11.74           23.32
               3          -12.49           19.32
               4          -108.1           13.19
               5          -98.03           11.35
               6          -6.611           11.74
               7           67.84            11.6
               8           -44.8           11.19
               9          -14.82           11.29
              10            18.3           10.96
              11           71.18           11.52
              12          -36.27           11.06
              13          -21.41           11.67
              14           34.47           11.03
              15           101.8           11.51
              16          -29.55           11.37
              17          -40.58           10.92
              18           -11.1           11.76
              19           45.95           11.14
              20          -52.94           11.33
              21          -69.74            10.5
              22          -3.339           10.13
              23           94.47            10.8
              24          -32.74           11.25
              25          -41.75           11.21
              26           26.12           10.43
              27           76.88           11.48
              28          -43.46           10.59
              29          -30.57           11.67
              30           35.07           10.49
              31           102.2           11.29
              32          -13.59           11.16
              33          -48.57            11.3
              34           4.758           11.12
              35           67.93           11.42
              36          -43.21           11.13
              37          -41.73           11.07
              38           20.43           11.29
              39           59.42           11.56
              40          -47.99           11.72
              41          -41.14           11.69
              42           7.327           11.15
              43           88.19           11.85
              44          -54.54           11.14
              45           -41.8           12.78
              46           50.18           11.07
              47           104.1           12.08
              48           -26.3           11.38
              49          -40.49           10.94
              50          -1.053           10.94
              51           44.19            10.7
              52          -58.36            11.1
              53          -55.86           10.87
              54           7.091           10.25
              55           61.54           10.64
              56          -43.34           10.93
              57           -34.2           11.03
              58           9.919           10.46
              59           59.91            11.1
              60          -54.87           10.83
              61          -33.18            12.7
              62           26.14           10.52
              63           87.91           11.57
              64          -17.11           11.24
              65          -52.94           10.72
              66          -7.061           11.07
              67           64.35           11.37
              68          -32.49           11.32
              69          -26.07            10.6
              70           4.043           10.77
              71           91.75           11.21
              72          -43.61           11.07
              73          -43.84           10.77
              74            19.6           10.94
              75           84.37           11.69
              76             -29           10.66
              77          -15.73           10.44
              78           33.81           10.68
              79           111.4           11.87
              80          -30.09           11.37
              81          -62.47           10.81
              82          -9.487           10.42
              83           53.33           10.84
              84          -42.65           11.27
              85          -33.02            10.5
              86           3.373           9.826
              87           73.61           10.69
              88          -38.13           11.01
              89          -33.84            10.8
              90           40.34           10.44
              91           84.53           11.39
              92          -37.79           10.51
              93          -16.03           10.61
              94           20.28           10.02
              95           109.1           11.58
              96          -42.94            11.4
              97          -40.64           11.04
              98           4.907           10.97
              99           45.33           11.51
             100          -31.83           10.98
             101           -22.5           10.86
             102           7.853           10.64
             103           75.04           11.41
             104          -40.23           11.42
             105          -22.35           11.23
             106           26.58           11.18
             107           75.41           11.63
             108          -50.99           10.84
             109          -8.304           10.74
             110           44.79           10.88
             111             123           12.41
             112          -47.57           11.44
             113          -40.75           10.92
             114           10.91           10.42
             115           76.66           10.78
             116           -48.7           10.87
             117          -41.69            10.3
             118           20.27           9.914
             119           64.72           10.47
             120          -45.61           10.78
             121          -29.47           10.46
             122           43.21           10.26
             123           89.82           11.31
             124          -35.55           10.32
             125           1.194            10.4
             126           53.37           10.27
             127           128.1           12.05
APV              146               9              23               1
               0           70.18           55.06
               1          -18.53           46.11
               2          -8.139           25.15
               3          -42.18           21.32
               4          -114.2           13.64
               5          -54.23           11.77
               6           1.312           12.09
               7           21.32           11.94
               8          -47.05           11.74
               9          -24.42           11.76
              10           21.24           11.51
              11           28.45           11.91
              12          -58.63           11.76
              13          -8.107           11.02
              14           20.04           11.56
              15           46.02           12.02
              16          -47.52           12.09
              17          -37.21           11.14
              18          -20.47           12.41
              19           17.65           11.26
              20           -38.5            11.9
              21          -32.78           11.16
              22          -1.458           10.62
              23           26.11           11.18
              24          -28.99           11.81
              25          -8.624           11.06
              26           22.93           10.82
              27           30.12           11.51
              28          -39.48           11.27
              29          -11.13           10.91
              30           37.96           11.11
              31           40.46           11.77
              32          -35.97            12.3
              33          -17.57           11.87
              34           16.66           11.65
              35           29.68           11.99
              36          -35.89           12.01
              37          -34.82           11.74
              38           20.11           11.67
              39           28.62           11.82
              40          -43.86           12.66
              41          -13.28           11.96
              42           21.87           11.91
              43           38.42           12.31
              44          -55.37           11.59
              45          -3.632           11.82
              46           34.74           11.69
              47           42.92           12.43
              48          -26.37           11.81
              49          -43.42           11.28
              50           13.93           11.64
              51           31.04           11.58
              52          -30.83           11.49
              53          -14.91           10.96
              54           10.91           10.85
              55           33.82           11.39
              56          -48.42           11.66
              57            7.79           10.98
              58           36.34           11.08
              59           17.31           11.44
              60          -47.25           11.38
              61           -21.6           11.29
              62           38.94           10.97
              63           52.42           11.86
              64             -44           12.14
              65          -18.17           11.24
              66           40.92           11.81
              67           24.48           12.03
              68          -20.89           11.99
              69          -12.34           11.04
              70          -2.687           11.33
              71           24.32           11.83
              72          -56.89           12.06
              73           6.352           11.03
              74           23.82            11.7
              75           61.63           12.13
              76          -26.85           11.43
              77          0.8102           10.77
              78           18.03           11.26
              79            49.9           12.19
              80          -39.81           12.32
              81          -31.41           11.44
              82           26.08           11.33
              83           35.46           11.37
              84          -21.59           11.84
              85          -11.95           10.81
              86           20.14           10.76
              87           31.51           11.05
              88           -27.2           11.74
              89          -9.505           10.83
              90           26.93           10.75
              91           39.78           11.66
              92          -45.11            11.3
              93          -2.316           11.08
              94           32.98           10.79
              95           35.51            11.6
              96          -43.77           12.01
              97          -19.09           11.44
              98           15.41           11.97
              99           17.55           11.76
             100          -48.29           12.05
             101          -19.55           11.42
             102           11.39           11.16
             103           29.13           11.62
             104          -45.73           11.97
             105           6.978           11.53
             106           23.32           11.55
             107           23.81           11.97
             108           -38.6           11.31
             109           7.589           11.58
             110           53.85           11.73
             111           51.33           12.31
             112          -51.23           11.92
             113          -25.36           11.28
             114          -12.74           11.01
             115           21.58           11.04
             116           -18.8           11.48
             117          -20.27            10.7
             118           7.133           10.17
             119           30.22           11.08
             120          -46.41           11.36
             121           5.464           10.77
             122           14.32           10.51
             123           46.28           11.64
             124          -17.49           11.08
             125          -10.29           11.13
             126           17.59           10.45
             127           66.69           12.35
APV              146               9              23               2
               0           33.21           52.46
               1          -34.43            44.4
               2          -15.29           24.61
               3          -38.76           20.15
               4            -125           13.26
               5          -49.72           11.72
               6          -11.88           12.47
               7           48.84           11.83
               8          -56.55           11.43
               9           2.824           11.45
              10           15.32           11.56
              11           40.46           12.09
              12          -36.93           11.79
              13          -9.959           10.86
              14           15.04           11.42
              15           64.52           12.13
              16           -54.7           11.52
              17             -24           11.11
              18          -7.414           11.84
              19           20.26           11.09
              20          -60.46           11.45
              21          -20.89           10.77
              22           15.79           10.71
              23           48.28           11.06
              24          -58.59           11.58
              25           2.748           10.74
              26           16.71            10.7
              27           32.61           11.64
              28           -22.5           11.01
              29          -2.334           10.67
              30           35.28            10.9
              31            61.2           11.34
              32          -63.22           11.76
              33          -45.48           11.74
              34           17.71           11.66
              35           32.76           11.83
              36           -50.4           11.55
              37          -30.48            11.3
              38          -7.096           11.53
              39           36.58           11.69
              40          -45.32           12.24
              41          -6.045           11.65
              42           22.88           12.07
              43           53.06           12.28
              44          -36.66           11.81
              45          0.3018           11.08
              46            40.4           11.57
              47           46.04           12.19
              48          -53.97           11.36
              49          -22.22           10.97
              50           3.499            11.3
              51           29.46           11.14
              52          -38.06           11.17
              53          -14.45           10.51
              54           12.56            10.3
              55           55.16            11.2
              56          -26.91           11.21
              57          0.2354           10.37
              58           11.43           10.51
              59           59.93           11.57
              60          -31.35           10.83
              61           3.351           10.49
              62           55.54           10.82
              63           74.61           11.89
              64          -59.69           11.67
              65          -39.38            11.2
              66           9.128           11.94
              67           52.09           11.82
              68          -56.12           11.63
              69           -29.2           10.94
              70           0.885           11.36
              71            36.9           11.68
              72          -55.64           11.47
              73           -27.8           11.25
              74           28.08           11.74
              75           63.01           11.84
              76          -28.47           11.18
              77           -4.66           10.37
              78           15.46           11.21
              79           72.08           12.07
              80          -53.71           11.69
              81          -2.809           10.49
              82          -7.191            10.7
              83           52.73           11.29
              84          -52.81           11.53
              85          -17.29           10.66
              86           12.67           10.49
              87           72.53           10.94
              88          -26.62           11.18
              89          -20.36           10.94
              90           20.96           10.64
              91           59.23           11.45
              92          -34.84            10.8
              93          -17.48           10.76
              94           26.99           10.68
              95           66.76           11.86
              96          -60.95           11.59
              97          -12.34           10.96
              98           9.907           12.04
              99           27.73           12.06
             100           -38.2           11.56
             101          -11.35           10.89
             102           16.12           11.53
             103           52.39           11.76
             104          -48.16           11.64
             105          -13.96           10.98
             106            42.8           12.11
             107           50.81           11.96
             108           -35.3           11.24
             109          -31.21           11.02
             110           50.75           11.76
             111           75.07           12.19
             112          -53.36           11.28
             113           -40.7           10.65
             114          -1.248           10.77
             115           31.22           10.73
             116          -73.62           11.04
             117          -32.66           10.51
             118           3.318           10.03
             119            56.3           10.81
             120          -23.76           11.04
             121          -1.088           10.46
             122           31.25           10.79
             123           64.27           11.79
             124          -33.38           10.58
             125          -26.67           11.07
             126           26.89           10.68
             127           45.86           12.18
APV              146               8              22               0
               0           107.5           48.82
               1           6.646           39.81
               2          -17.01              23
               3          -66.66           19.03
               4          -79.71           13.32
               5          -65.61           11.49
               6          -54.23           12.15
               7         -0.0906            11.3
               8          -17.57           11.15
               9          0.2848           11.23
              10           9.556           11.15
              11            19.5           11.56
              12           -6.44           10.97
              13          -31.64           11.25
              14           7.446           11.03
              15           55.46           11.69
              16           27.99           11.68
              17          -21.61            11.1
              18          -41.92           12.31
              19          -6.461           10.62
              20          -26.62           11.35
              21          -7.383           10.57
              22          -6.562           10.43
              23           21.05           10.54
              24          -5.999           10.88
              25          -17.62           10.89
              26           16.82           10.61
              27              49           11.62
              28          -14.25            10.5
              29          -61.44           11.04
              30           3.245           10.41
              31           48.65           11.27
              32           18.05           11.74
              33           5.009           11.25
              34          -10.78            11.1
              35           19.84           11.34
              36          -5.228           10.89
              37          -29.28           11.14
              38          -10.07           11.32
              39           44.52            11.8
              40          -15.42           11.64
              41          -18.07           11.53
              42           -9.87            11.7
              43           30.85           11.97
              44          -14.13           10.97
              45          -40.13           11.71
              46           38.25            11.5
              47            75.9           12.17
              48           24.02           11.37
              49           -9.94           10.85
              50          -17.44            11.3
              51           17.14           10.81
              52          -34.87           11.24
              53          -63.88           10.65
              54          -1.099           10.44
              55           32.01           10.78
              56          -19.23           10.91
              57          -29.51           10.69
              58          -15.81           10.66
              59           49.26           11.75
              60           -16.1           10.55
              61           -23.1           11.13
              62           28.45            10.6
              63           56.52           11.61
              64          -2.301           11.07
              65          -2.306           10.57
              66           11.41            11.4
              67           20.93           11.19
              68          -5.827           11.08
              69          -14.13           10.74
              70          -5.668            11.3
              71           28.23           11.24
              72          -2.996           10.74
              73          -3.175           10.96
              74           12.76           11.27
              75           46.07           11.53
              76           -11.1           10.81
              77           -8.06           10.95
              78           12.91           10.88
              79           69.76           11.75
              80           9.005           11.41
              81          -19.77           10.89
              82          -24.59           11.23
              83           16.69           10.61
              84          -6.563           10.96
              85          -12.11           10.84
              86          -15.65           10.38
              87           30.61           10.97
              88           -10.7           10.91
              89          -27.55           10.99
              90          -8.416           10.37
              91            49.9           11.54
              92          -13.33           10.72
              93          -18.93           10.89
              94           13.33           10.47
              95           81.51           11.68
              96            4.16           11.28
              97          -10.52           11.11
              98          -27.35           11.96
              99            15.4           11.52
             100          -14.41           11.29
             101          -12.96           11.03
             102           -18.8           11.54
             103           49.44           11.42
             104          -24.23           11.46
             105          -34.14           11.95
             106            8.09              11
             107           52.37           11.95
             108          -24.44           11.05
             109         -0.2626           11.12
             110           49.27           11.24
             111           85.83           12.21
             112           -0.53            11.2
             113          0.7684           10.67
             114          -20.48           10.89
             115           28.93           10.92
             116          -3.709           10.61
             117          -17.51           10.68
             118          -14.24           10.38
             119           42.88           10.85
             120          -6.334           10.83
             121          -20.23           10.78
             122           11.04           10.37
             123           31.57           11.28
             124          -24.88            10.8
             125          -28.47           11.05
             126           13.45           10.27
             127           55.81           11.77
APV              146               8              22               1
               0           67.25           45.71
               1          -24.32           37.78
               2          -12.51           21.48
               3          -50.91           17.91
               4          -107.1           12.38
               5          -40.38           10.71
               6          -25.51           11.64
               7           10.41           10.25
               8          -29.27           10.53
               9          -9.213           10.46
              10            7.35           10.12
              11           29.78           10.53
              12          -40.75           10.92
              13          -16.83           10.44
              14           2.686           10.18
              15           40.28           10.94
              16          -38.85           11.14
              17          -48.18           10.15
              18          -24.04           11.01
              19           27.42            10.3
              20          -37.38           10.76
              21          -26.83           9.959
              22           4.342           9.599
              23           45.91           10.06
              24          -36.12           10.36
              25          -9.922           10.12
              26            5.57           9.849
              27           46.52           10.57
              28          -35.37            10.5
              29          -5.792           10.05
              30           11.86           9.539
              31           23.51           10.51
              32          -15.52            10.8
              33          -31.05           10.73
              34          -2.736           10.28
              35           38.66           10.84
              36          -29.15           10.66
              37          -7.951           10.19
              38           25.17            10.9
              39           59.16           10.81
              40           -47.5              11
              41          -23.04           10.89
              42           4.735           10.69
              43           53.73           11.01
              44          -35.75           10.71
              45          -8.977           10.73
              46           28.08           10.37
              47           53.48              11
              48          -54.15           10.78
              49          -36.52           10.26
              50          -1.143           10.26
              51           13.32           9.917
              52          -63.22           10.34
              53          -50.26           10.02
              54           7.998           9.695
              55           32.32           10.08
              56          -40.48           10.39
              57         -0.7518           9.714
              58             7.6           9.622
              59           34.08           10.48
              60          -31.86           10.18
              61          -6.173           10.29
              62           20.55           9.491
              63           55.25           10.59
              64          -30.29           10.65
              65          -2.987           9.925
              66           19.84           10.89
              67           36.11           10.59
              68          -33.98           10.56
              69          -6.952            9.82
              70           5.592           10.26
              71           27.23           10.57
              72          -32.31           10.55
              73            20.3           10.26
              74           14.88           10.46
              75           43.59            10.6
              76          -11.36           10.28
              77           23.91           10.03
              78           22.15           10.22
              79           57.76           11.01
              80          -24.61           10.53
              81          -26.83           10.21
              82           1.948           9.724
              83           26.53           9.818
              84          -18.81           10.68
              85          -13.76           9.842
              86          -1.932           9.403
              87           22.73           9.662
              88          -25.36            10.5
              89          -22.53           10.22
              90           7.065           9.534
              91           54.18           10.36
              92          -27.89           10.02
              93           15.59           10.11
              94           10.35           9.406
              95           55.29           10.59
              96          -46.19           10.66
              97          -33.95           10.66
              98           9.284           10.71
              99           32.59           10.67
             100          -34.09           10.53
             101           -12.5           10.25
             102           6.598           10.46
             103           70.14           10.66
             104          -14.87           10.73
             105           5.204            10.4
             106           31.07           10.57
             107           70.95           10.86
             108          -18.25           10.19
             109           11.71           10.34
             110            32.5           10.59
             111           80.97           10.74
             112          -45.41           10.56
             113          -20.17           10.01
             114          0.4758           9.931
             115           26.05           9.988
             116          -20.89           10.32
             117           4.721           9.554
             118           41.43           9.837
             119           36.52           9.905
             120           -40.7           10.41
             121           9.189           9.947
             122           10.76           9.383
             123           51.38            10.5
             124          -44.84           9.906
             125           -19.8           10.29
             126          -7.721           9.379
             127            75.4           10.73
APV              146               8              22               2
               0            91.3           45.21
               1           -32.1            36.2
               2          -14.05           21.49
               3          -51.08           17.06
               4          -87.39           12.29
               5          -44.76           10.77
               6             -32           11.82
               7         -0.1812           10.39
               8          -29.21           10.46
               9          -23.38           10.52
              10         -0.0058           10.32
              11           36.87           10.74
              12          -28.82           10.64
              13          -4.692           10.03
              14            12.7           10.47
              15           67.79           11.07
              16          -9.686           10.31
              17          -18.65           10.23
              18          -10.56           10.96
              19          -22.02           10.01
              20          -8.772           10.45
              21          -10.35           9.721
              22           3.051           9.767
              23           28.65           9.834
              24          -16.78           10.15
              25          -20.97           10.31
              26          0.6716           9.727
              27           30.08           10.51
              28          -31.01           9.907
              29          -20.88            10.1
              30          -6.308           9.529
              31           40.29           10.66
              32             3.3           10.47
              33          -29.75           10.83
              34          -7.664           10.63
              35           2.811            10.2
              36          -22.28           10.74
              37          -18.52           10.25
              38          0.2812           10.32
              39           35.71           10.64
              40          -8.177           10.62
              41          -8.828            10.5
              42           4.592           10.86
              43            56.3           10.93
              44          -44.47           10.55
              45          -17.93           10.87
              46           8.764           10.13
              47           58.22           11.06
              48           -11.7           10.28
              49          -30.09            10.3
              50          -17.76           10.71
              51            9.21           9.709
              52          -37.57           10.31
              53          -1.447           9.369
              54          -11.64           9.993
              55           24.03           9.885
              56           -36.3           10.14
              57          -28.31           10.16
              58           10.24           9.902
              59           34.41           10.47
              60           -31.3           9.757
              61          -15.87           10.15
              62          -1.212           9.295
              63           56.12           10.75
              64          0.5292           10.18
              65          -13.28           9.968
              66            7.16           11.12
              67           24.17           10.41
              68           7.316           10.33
              69          -3.374           9.705
              70          -4.288           10.38
              71           27.19           10.31
              72          -13.85           10.43
              73           4.352           10.08
              74           14.49           10.45
              75           34.79           10.66
              76          -22.47            9.97
              77          0.2266           9.804
              78           9.473           10.06
              79           53.36           10.76
              80          -6.391           10.36
              81          -13.22           9.969
              82          -9.092           9.923
              83            29.5           9.903
              84          -10.69           10.29
              85          -23.99           9.885
              86          -6.573           9.465
              87           38.62           9.839
              88          -26.97            10.4
              89          -6.713           9.887
              90          -1.876           9.387
              91           43.23            10.1
              92          -25.48           9.707
              93           -5.98           9.726
              94           41.67           9.852
              95           61.05           10.56
              96          -12.37           10.41
              97          -2.558           10.01
              98           2.942           10.97
              99           21.07           10.77
             100          -5.028           10.08
             101          -7.893           9.927
             102           15.23           10.52
             103           42.21           10.47
             104          -19.24            10.6
             105          -12.81           10.52
             106           10.83           10.58
             107           51.56           10.78
             108          -22.14           10.16
             109           2.321           9.959
             110           16.97           10.45
             111           91.22           10.88
             112          -22.25           10.65
             113          -17.81           9.895
             114           4.116           9.628
             115           21.26           9.827
             116          -13.08           10.06
             117          -12.11           9.521
             118           18.93           9.811
             119           30.84           9.761
             120          -26.29           10.09
             121           -3.84           9.687
             122           27.09           9.552
             123           58.22           10.45
             124          -4.554           9.534
             125          0.2462           10.02
             126           25.98           9.656
             127           51.83           10.71
APV              146               7              21               0
               0           63.47           51.15
               1          -23.35           40.14
               2          -23.21           23.14
               3          -47.64           18.03
               4          -105.5           12.18
               5          -78.86            10.4
               6           -3.33            10.9
               7            39.5           10.19
               8          -41.37           10.14
               9          -33.08           10.08
              10           21.15           10.59
              11           62.53           10.01
              12          -72.75           10.44
              13          -43.08           10.11
              14           35.91           10.35
              15           107.7           10.19
              16          -22.57            10.4
              17          -48.46           9.831
              18          -7.619           10.69
              19            27.8           9.534
              20          -53.11           10.07
              21           -60.2           9.583
              22          -11.06           9.373
              23           38.31           9.683
              24           -50.8           10.33
              25          -41.47           9.952
              26            16.4           9.652
              27           63.51           9.909
              28          -53.15           9.716
              29          -24.19           9.785
              30           42.19           9.798
              31           97.74              10
              32          -23.39           10.56
              33          -55.78           10.43
              34          -5.778           10.07
              35           27.51           10.21
              36          -61.74           10.45
              37           -65.2           9.931
              38           1.767           9.875
              39           41.73           10.13
              40          -59.47           10.49
              41          -38.24            10.5
              42           23.53           10.88
              43           59.29            10.3
              44          -62.68           10.13
              45           1.076           10.09
              46           61.78           10.46
              47             137           10.59
              48          -26.37           10.51
              49          -39.73           9.974
              50          -5.014           10.21
              51           32.79           9.497
              52          -52.41           10.13
              53          -53.88           9.486
              54           21.01           9.626
              55           58.15           9.667
              56          -64.06           10.03
              57          -38.37           9.867
              58           30.62           9.865
              59           94.36           9.965
              60          -52.32           9.704
              61          -38.32           10.13
              62           49.51           9.679
              63           140.2           10.33
              64          -17.02           10.19
              65          -31.72           9.854
              66           8.465           10.68
              67           40.69           10.22
              68          -46.14           10.26
              69          -22.39           9.746
              70           31.44           10.52
              71           52.12           9.921
              72          -53.68           10.38
              73          -15.37           9.747
              74           32.79           10.34
              75           105.4           10.13
              76          -32.33           10.01
              77          -29.05           9.853
              78           72.12           10.16
              79           156.7           10.26
              80          -15.29           10.29
              81          -43.85           9.754
              82          -7.009           9.739
              83           52.88           9.738
              84           -50.5           10.39
              85          -44.31           9.732
              86           4.626           9.264
              87           62.26           9.656
              88          -45.14            9.97
              89          -18.82           9.568
              90           61.45           9.511
              91           112.5           9.791
              92          -58.14           9.706
              93          -14.14           9.727
              94           70.45           9.535
              95           131.9           10.13
              96          -18.55           10.25
              97           -33.8            9.96
              98           14.75           10.73
              99           46.17           10.34
             100          -48.85           10.25
             101          -15.58           9.726
             102           37.31           10.53
             103            74.9           10.09
             104          -68.86            10.3
             105           -10.8           9.987
             106           52.91           10.46
             107           102.6           10.33
             108          -36.84           9.576
             109           26.97           10.21
             110            74.2           10.54
             111           141.2           10.38
             112          -46.13           10.34
             113          -36.96           9.497
             114          -8.546           9.482
             115           19.62           9.482
             116          -65.14           9.938
             117          -46.46           9.255
             118           0.254           9.016
             119           62.82           9.649
             120          -56.15           9.778
             121          -4.058           9.087
             122           64.32           9.578
             123           93.43           9.893
             124          -58.01           9.637
             125          -2.652           9.683
             126           75.43            9.58
             127           60.88           10.09
APV              146               7              21               1
               0           42.57           49.34
               1          -45.44           38.72
               2          -48.53           22.41
               3           -83.2           17.53
               4          -144.6           11.82
               5          -82.76           9.839
               6          0.5632           10.41
               7           41.05           9.674
               8          -52.89           9.605
               9          -34.39           9.469
              10           23.02           9.527
              11           56.61           9.729
              12             -57           9.623
              13          -36.75           9.632
              14            49.3           9.984
              15           76.92           9.645
              16          -37.53             9.7
              17           -55.7           9.442
              18           2.118           9.859
              19           15.18           8.877
              20           -55.6           9.575
              21          -45.61           8.928
              22           35.95            9.11
              23           38.52           9.022
              24           -63.1           9.463
              25          -27.96           9.285
              26            17.8            9.01
              27           62.39           9.414
              28          -52.98           9.185
              29          -21.13            9.25
              30           49.42           9.082
              31           82.98           9.205
              32           -38.9           9.793
              33           -43.8           9.595
              34            6.44           9.542
              35           26.97           9.655
              36          -66.54           9.713
              37          -34.44           9.213
              38           18.24           9.596
              39            57.9           9.684
              40          -48.72           9.893
              41          -19.48           9.575
              42           21.46           10.08
              43            77.8             9.9
              44          -50.53           9.568
              45          -16.86             9.7
              46           57.55           9.898
              47           93.03           9.984
              48          -57.48           9.727
              49          -47.73           9.391
              50          0.4056           9.418
              51           24.91           9.117
              52          -71.84           9.641
              53          -45.39            8.98
              54           15.94            8.98
              55           54.62           8.956
              56          -51.25           9.242
              57          -34.12           9.071
              58           37.61           9.243
              59            90.5           9.237
              60          -54.17           8.799
              61          -20.13           9.475
              62           64.74           9.092
              63           103.4           9.657
              64           -30.5           9.733
              65          -29.99            8.93
              66           21.71           9.995
              67           40.42           9.518
              68          -50.25           9.456
              69             -25           8.884
              70           22.89            9.55
              71            49.6           9.166
              72          -60.76           9.532
              73          -5.208           8.912
              74           50.38           9.544
              75            80.1           9.431
              76          -49.71            9.21
              77          -11.61           9.005
              78           50.77           9.344
              79           96.44           9.843
              80          -48.74           9.739
              81          -57.18           9.292
              82           -3.25           8.939
              83            32.3           9.065
              84           -60.2           9.519
              85          -30.41           8.899
              86           29.14           8.844
              87            74.9           8.876
              88          -51.69           9.323
              89          -17.52           9.023
              90           54.27           8.726
              91           75.62           9.048
              92          -50.01           9.196
              93           -18.4           9.372
              94           69.97           8.878
              95           102.1           9.487
              96          -77.38           9.636
              97          -40.39           9.344
              98           16.34           10.01
              99           42.09           9.872
             100          -52.97           9.407
             101          -26.88           9.133
             102           30.82           9.575
             103           65.06           9.352
             104          -70.06           9.642
             105          -26.64           9.794
             106           55.41           9.724
             107            77.2           9.651
             108          -57.45           9.022
             109           12.29           9.479
             110           73.89           9.621
             111           127.6           9.929
             112          -48.99           9.671
             113          -34.03           9.114
             114            14.2           9.143
             115           34.52           9.135
             116          -59.95           9.253
             117          -27.99           8.606
             118           23.09           8.734
             119           74.23           8.908
             120          -34.67           9.424
             121          -7.891           8.768
             122           50.02           8.738
             123           75.07           9.139
             124          -62.17           8.911
             125           -12.8           9.255
             126           66.96           8.946
             127           66.14           9.772
APV              146               7              21               2
               0           38.88           49.02
               1          -32.98           37.48
               2          -35.49           22.41
               3          -82.22           16.93
               4          -104.4           11.71
               5          -24.91           9.754
               6         -0.3524           10.13
               7           3.794           8.947
               8          -43.46           9.461
               9          -11.75           9.611
              10           10.71           9.503
              11           25.96           9.283
              12          -42.45           9.708
              13          -17.23           9.267
              14           35.85           9.851
              15           32.92           9.554
              16          -28.36           9.692
              17          -21.59           9.376
              18          -13.09           9.888
              19           8.844            8.74
              20          -52.78           9.667
              21          -38.13           9.269
              22          0.3746           8.526
              23            32.2           9.109
              24          -32.49           9.441
              25          -15.76           9.074
              26           16.71           9.046
              27           39.75           9.251
              28          -38.31            9.29
              29          -7.317           9.003
              30           23.81           8.934
              31           39.53           9.278
              32          -55.66           10.02
              33          -25.14           9.647
              34           10.26           9.577
              35            12.3             9.3
              36          -71.03           9.705
              37          -21.51           9.493
              38           17.15           9.586
              39           17.94           9.351
              40          -34.02           9.934
              41          -6.085           9.385
              42            25.5           10.18
              43           33.73           9.518
              44          -33.57           9.647
              45            7.04           9.631
              46            52.7            9.58
              47           61.65           9.492
              48          -42.98           9.812
              49           -15.5           9.288
              50           3.499           9.279
              51           1.368           8.595
              52          -55.97           9.219
              53          -33.92           9.141
              54           -2.65            8.36
              55           11.03            8.95
              56          -50.51            9.35
              57           1.572           8.749
              58           27.43           9.048
              59           35.45           9.246
              60          -7.577           8.827
              61           29.28           9.454
              62           49.86           9.026
              63           58.35           9.442
              64          -42.31            10.2
              65           -13.3           9.205
              66            22.3           9.904
              67           28.44           9.305
              68          -25.73           9.587
              69          -13.36           9.174
              70           25.54           9.826
              71           36.81           9.075
              72          -32.77           9.454
              73           -7.31           9.023
              74           13.03           9.523
              75           30.07            9.39
              76          -25.36           9.343
              77           6.411           9.018
              78           52.48           9.421
              79           63.37           9.533
              80          -38.51           9.793
              81          -14.55           9.261
              82           -4.21           8.757
              83           2.226           8.532
              84          -42.66           9.715
              85           -20.4           9.007
              86           27.03           8.924
              87           24.83           8.792
              88          -53.94           9.292
              89          -18.98           9.083
              90         -0.0904           8.636
              91           39.01           9.293
              92          -25.65           8.987
              93          -7.009           9.139
              94           44.27           8.968
              95            63.3           9.475
              96          -48.08           9.851
              97          -7.771           9.031
              98           11.95            9.85
              99           21.05           9.443
             100          -68.74           9.664
             101          -40.97           9.442
             102           5.152           9.238
             103           40.03            9.42
             104          -32.24           9.427
             105          -1.313           9.358
             106           28.53           9.727
             107           57.08             9.5
             108          -21.56           9.005
             109           11.61           9.545
             110           48.47           9.496
             111           62.85            9.56
             112          -47.99           9.838
             113           -5.97           9.068
             114           11.58           8.861
             115           17.78            8.85
             116          -46.87           9.396
             117           2.243           8.382
             118           21.31           8.517
             119           18.32           8.825
             120           -29.5           9.382
             121            7.19           9.035
             122           24.99           8.782
             123           41.64           9.264
             124          -15.41           9.023
             125           16.82            9.42
             126           54.89           8.794
             127          -4.915           9.298
APV              146               6              20               0
               0           88.96           53.78
               1          -30.87           33.61
               2          -17.65           22.96
               3          -110.3           16.03
               4          -80.27           12.91
               5          -51.21           11.82
               6           -30.7           12.43
               7            20.5           12.06
               8           -34.2           11.99
               9          -22.28           12.05
              10           5.216           11.49
              11           39.89           12.07
              12          -44.32           12.15
              13          -29.71           11.64
              14           19.55           11.75
              15           65.09           12.75
              16           12.16           30.65
              17          -25.78           11.93
              18          -15.45           12.11
              19           3.954           11.32
              20          -21.63              12
              21          -40.58           11.47
              22          -6.669           10.75
              23           43.23           11.56
              24          -34.77           11.76
              25          -15.64           11.39
              26           24.44           11.37
              27           59.28           12.02
              28          -33.25            11.6
              29          -31.44              11
              30           20.85           11.21
              31           55.11           12.28
              32           11.85           12.19
              33          -6.778           11.89
              34          -18.41           11.72
              35           18.94           12.06
              36           -12.5           11.53
              37          -17.44            11.6
              38           2.463           11.19
              39           40.11            12.4
              40          -22.78           12.44
              41           -37.8           12.04
              42           19.83           12.06
              43           60.33           12.83
              44          -37.26           11.76
              45          -6.962           11.93
              46           11.45           11.59
              47            65.8           12.91
              48           3.626           29.77
              49          -16.36           11.53
              50           8.285           11.27
              51           14.64           11.41
              52          -18.37           11.53
              53          -28.32            11.4
              54           12.09           10.75
              55           34.95           11.64
              56          -36.11           11.96
              57          -11.49            11.2
              58           3.575           11.05
              59            64.7           12.18
              60          -18.99            11.3
              61          -39.19           11.26
              62           21.83           10.98
              63           68.45           12.78
              64           -9.97           19.85
              65          -15.97           11.48
              66           1.241           11.47
              67           39.82           11.99
              68           -16.2           11.89
              69          -18.68           11.42
              70           17.15            11.6
              71           55.03           11.91
              72          -25.43           11.91
              73          0.6208           11.11
              74         -0.4956           11.35
              75           58.79           12.59
              76          -18.31           11.49
              77          -47.97           11.21
              78           32.23           11.73
              79           79.49           12.82
              80          -17.25           25.84
              81          -17.64           11.35
              82          -9.058           10.96
              83           34.04           11.58
              84          -37.01           12.38
              85          -13.23           10.91
              86          -3.367           10.58
              87           16.74           11.31
              88          -58.85           11.54
              89          -21.59            11.4
              90          -10.23           10.73
              91           60.84           12.33
              92          -24.18           11.38
              93          -17.74           11.11
              94           17.74           11.11
              95           108.8           12.66
              96           7.014           15.38
              97          -28.18           11.67
              98           3.326           11.69
              99           28.49           12.13
             100          -51.67            11.9
             101          -17.69            11.5
             102           13.13           11.55
             103           34.73            11.9
             104          -35.56           11.84
             105           -8.68           11.83
             106           23.53            11.9
             107           62.32           12.54
             108          -17.77           11.36
             109            8.89           11.44
             110           35.49           11.57
             111             113           13.07
             112            12.5           12.03
             113           -19.3           11.18
             114           1.622           10.89
             115           23.14           11.43
             116          -44.66           11.45
             117          -24.84            11.1
             118          -19.38           10.75
             119            42.5            11.7
             120          -25.53           11.91
             121          -15.36           10.93
             122           29.36           11.13
             123           62.91           12.07
             124          -24.49           11.38
             125          -42.11           11.19
             126           38.62           11.18
             127           131.4           13.22
APV              146               6              20               1
               0           49.11           52.58
               1           -47.4           31.75
               2          -45.22           22.32
               3          -63.38           15.47
               4          -104.7           12.01
               5          -55.76           11.27
               6          -17.78           11.91
               7           61.18           11.42
               8          -59.74           11.19
               9          -37.53           11.22
              10           34.24           11.32
              11           99.12            11.8
              12          -41.95           11.14
              13          -15.81           11.07
              14           10.88           11.08
              15           100.2           11.92
              16          -43.62           11.32
              17          -41.14           10.78
              18          -24.07           12.01
              19           37.55           10.97
              20          -73.44           11.24
              21          -46.77           10.85
              22           6.098           10.26
              23           83.44           10.92
              24          -50.05           11.06
              25           -44.5           10.67
              26           9.673           10.65
              27           92.55           11.46
              28          -42.36           10.55
              29          -26.73           10.72
              30           31.45           10.76
              31           115.4           11.69
              32          -32.17           11.62
              33          -25.14           11.43
              34          -7.067           11.25
              35           59.69           11.59
              36          -39.03           11.18
              37          -36.84           10.98
              38           24.57           11.35
              39           98.53           11.85
              40           -51.3           11.55
              41          -34.91           11.43
              42          -5.117           11.43
              43           93.32           11.79
              44           -52.2           11.28
              45          -5.695           11.36
              46           44.68           11.44
              47           110.2           12.39
              48           -23.9           11.23
              49          -52.17           10.48
              50           -29.8           11.55
              51           68.75           11.13
              52          -69.85           10.82
              53          -21.63           10.54
              54           11.07            10.6
              55           77.61           10.98
              56           -54.3           10.94
              57          -17.92           10.61
              58           5.887           10.53
              59           94.44           11.69
              60          -52.57           10.39
              61          -14.05           10.91
              62           45.82           10.44
              63             119           11.99
              64          -27.58           11.19
              65          -1.961           10.56
              66          -4.297            11.5
              67           53.04           11.31
              68           -43.6           11.33
              69          -13.33           10.73
              70           3.084           11.31
              71           70.29           11.46
              72          -42.22            11.3
              73          -2.869           10.81
              74           10.95            11.1
              75           107.9           11.87
              76          -44.44           10.82
              77         -0.3204           10.47
              78           49.36           11.08
              79           145.4           12.18
              80           -35.2           11.31
              81          -35.23           10.92
              82           11.86           10.64
              83            33.8           11.06
              84          -33.23           11.45
              85          -26.19           10.66
              86           5.204           10.24
              87           91.41           10.86
              88          -43.31           10.87
              89          -32.16           10.82
              90           37.88           10.52
              91           103.4            11.6
              92          -45.46           10.64
              93          -57.87           11.07
              94           28.63           10.34
              95             133           11.86
              96          -47.25           11.31
              97          -19.55           11.26
              98           5.481           11.44
              99           52.35           11.59
             100          -43.12           11.32
             101          -26.78           10.89
             102           22.28           11.17
             103           74.12           11.47
             104          -57.47           11.45
             105           -13.9           11.27
             106           6.714           11.16
             107            97.7           12.07
             108          -43.12            10.8
             109          -3.703            10.8
             110            38.3           10.89
             111           158.3           12.54
             112          -60.92           11.22
             113          -34.74            10.9
             114           21.42           10.75
             115            38.9           10.82
             116          -74.04           10.96
             117          -52.86           10.38
             118           17.93           10.22
             119           86.93           10.98
             120          -37.66           10.99
             121          -24.79           10.65
             122           26.47           10.65
             123           87.97           11.54
             124          -33.49           10.41
             125          -9.885           10.76
             126           52.23           10.42
             127           185.3           12.39
APV              146               6              20               2
               0            90.5           53.81
               1          -32.47           33.26
               2         -0.8206           22.89
               3          -105.8           15.24
               4          -57.89           12.88
               5          -72.47           11.61
               6          -14.04           12.45
               7          -13.19           11.15
               8          -41.15           11.42
               9          -47.55           11.53
              10              21           11.52
              11           38.71           11.93
              12          -32.86           11.62
              13          -26.26            11.1
              14           12.98           11.02
              15           67.17           11.79
              16          -3.905           11.34
              17          -55.17           11.35
              18          -7.598           12.54
              19           13.79           10.74
              20          -28.13           11.47
              21          -37.69           10.84
              22          -0.137           10.49
              23           28.71            10.5
              24           -35.6           11.49
              25          -21.24           11.12
              26           31.41           10.84
              27           33.97           11.12
              28          -24.96           10.95
              29           -7.52           10.67
              30            8.41           10.15
              31           60.65           11.14
              32           5.338            12.2
              33          -55.71           11.56
              34          -9.013           11.48
              35           33.65           11.89
              36          -16.06           11.44
              37          -44.42           11.26
              38           16.23           11.49
              39           43.06           11.47
              40          -15.92           11.77
              41          -25.24           11.68
              42           29.08           12.18
              43           56.15           11.98
              44          -39.61           11.47
              45          -11.19           11.32
              46           36.03            11.6
              47           91.61           12.05
              48          -3.633           11.38
              49          -41.05           10.97
              50           3.833           11.27
              51          -8.439           10.41
              52          -41.93           11.13
              53           -43.3           10.57
              54           20.49           10.63
              55            60.1           10.79
              56          -62.97           11.35
              57         -0.6124           10.47
              58           36.08           10.91
              59           26.95           11.19
              60          -19.82           10.99
              61          -40.49           10.91
              62           12.94           10.29
              63           92.63           11.67
              64           11.36           11.99
              65          -32.28           11.43
              66           14.01           11.91
              67           27.57           11.58
              68          -14.55           11.37
              69          -38.06           11.07
              70          0.4234           11.18
              71           42.79           11.53
              72          -17.08           11.33
              73          -12.18           10.98
              74           40.38           11.49
              75           68.41            11.6
              76          -18.43           11.15
              77          -29.53           11.05
              78           29.07           10.94
              79           72.63           11.78
              80          -29.78           11.84
              81          -37.51           10.69
              82           30.05           11.29
              83           29.51           10.88
              84          -33.87           11.63
              85          -25.51           10.68
              86            21.3           10.52
              87           46.35           10.69
              88          -12.32           10.85
              89          -29.48           10.86
              90           20.93           10.42
              91           66.45           11.29
              92          -17.95           10.48
              93           -25.6           10.88
              94           50.42           10.48
              95           67.54           11.45
              96          -27.46           11.92
              97          -47.23           11.08
              98          -5.438           11.61
              99           27.19           11.53
             100          -30.36           11.86
             101          -52.54           11.05
             102           17.99           11.44
             103           56.51           11.54
             104          -30.22            11.4
             105           -9.94           11.17
             106           43.41            11.4
             107           59.65           11.92
             108          -34.56           11.19
             109          -16.16           10.97
             110           40.03           11.34
             111           100.1            11.5
             112          -27.85           11.86
             113          -34.73           10.81
             114           15.59           10.97
             115           26.71           10.67
             116          -20.96           11.08
             117          -18.64           10.38
             118           2.662           9.929
             119           25.56           10.69
             120          -20.28           11.02
             121          -35.01           10.87
             122            40.9            10.5
             123           24.12           11.07
             124          -9.075           10.39
             125          -8.791           10.84
             126           18.31           10.37
             127           110.3           11.96
APV              146               5              19               0
               0           46.66           52.32
               1          -8.625           32.89
               2           1.284           22.32
               3          -79.29           15.98
               4          -91.53           12.25
               5          -53.88            11.7
               6          -6.506           12.58
               7           26.74            11.7
               8          -38.31           11.44
               9          -24.81           11.51
              10           8.354           11.19
              11           60.48           12.01
              12          -46.09           11.48
              13          -24.82           11.32
              14           36.46           12.07
              15           81.55           11.81
              16          -11.46           11.31
              17           -16.6           10.95
              18          -16.19           12.25
              19           16.09           10.97
              20          -52.86           11.25
              21          -34.36           11.12
              22           27.92           11.25
              23           43.26           10.83
              24           -33.3           11.38
              25          -22.89           11.21
              26           35.98           11.11
              27           51.88           11.82
              28          -4.931           10.75
              29          -13.01           10.87
              30           20.51           11.04
              31           78.11           11.57
              32          -18.09           11.55
              33          -15.03           11.85
              34           6.928           11.85
              35           23.34           11.86
              36          -29.61           11.46
              37          0.6286           10.86
              38           13.71           11.89
              39           57.18           11.92
              40          -30.44           11.72
              41          -25.55           11.51
              42           41.41           12.33
              43           56.88           12.22
              44          -40.27            11.5
              45          -11.27           11.61
              46            27.5           11.53
              47           87.99           12.05
              48          -21.57            11.3
              49          -29.92           11.02
              50          -12.05           11.74
              51           22.71            11.2
              52          -35.47           10.98
              53           -16.3            10.7
              54           16.83           10.93
              55           46.94           11.11
              56          -34.36           11.07
              57          -8.282           10.72
              58           18.44            10.9
              59           72.15           11.73
              60          -41.36            10.8
              61          -13.18            11.2
              62           30.61           11.02
              63           70.24           11.91
              64          -36.81           11.55
              65          -27.03           11.13
              66          -7.179           11.63
              67           21.78           11.32
              68          -50.25           11.33
              69          -22.72           11.09
              70            11.4           11.24
              71           34.95           11.46
              72          -37.68           11.47
              73          -17.66           11.26
              74           13.79           11.25
              75           73.42           11.69
              76          -19.26           11.05
              77          -8.179           10.93
              78           41.24           11.18
              79           79.84           12.18
              80           -43.5           11.47
              81          -18.49           10.87
              82          -15.57           10.97
              83           33.08           10.89
              84          -44.53           11.64
              85           -31.6           11.03
              86           7.618           10.55
              87           37.09           10.88
              88          -50.37           10.95
              89          -32.86           11.18
              90           28.99           10.63
              91           59.84           11.28
              92          -36.25           10.71
              93          -32.82           11.27
              94           38.48           10.72
              95           95.77           11.96
              96          -30.32           11.69
              97          -29.83           11.49
              98            3.08           11.97
              99           27.95           11.75
             100          -19.04           11.44
             101          -21.35           11.24
             102         -0.2822            10.9
             103           70.22           11.65
             104          -48.97           11.45
             105          -25.89           11.64
             106           28.72           11.48
             107           54.65           11.99
             108          -42.75           11.11
             109          -5.442           11.14
             110           54.89           11.25
             111           106.9           12.14
             112          -34.75           11.53
             113          -15.86           10.59
             114           1.779            10.8
             115           21.23            10.8
             116          -42.83           10.95
             117          -24.21           10.57
             118          -1.894           10.18
             119           67.08           10.79
             120          -36.45           10.84
             121          -36.24           10.89
             122           18.44           10.42
             123           62.94           11.38
             124          -25.57           10.55
             125          -25.36           11.25
             126           29.98           10.48
             127           108.7           11.92
APV              146               5              19               1
               0           92.76           52.88
               1          -9.062            32.1
               2          -26.94           22.64
               3          -130.2            15.3
               4          -38.53           12.52
               5          -30.23           11.48
               6          -29.65           12.51
               7          -9.906           11.22
               8          -14.31           10.85
               9          -4.596           11.07
              10          -4.222           11.04
              11           20.12           11.56
              12           12.23           11.12
              13          -9.532           10.83
              14           23.29           11.49
              15           71.54           12.27
              16           27.55           11.44
              17          -26.02            11.2
              18           -30.1           12.22
              19           -7.83           10.61
              20           5.204           10.69
              21          -9.044           10.57
              22          -13.68            11.5
              23           28.14           10.79
              24          -5.246           10.83
              25          -4.584           10.51
              26          -13.69            10.7
              27           50.06           11.54
              28          -6.744           10.34
              29          -40.96           10.74
              30          -11.64           10.27
              31           40.96           11.31
              32           22.45           11.52
              33          -9.806           11.17
              34          -9.179           11.37
              35           20.94           11.67
              36           1.822           10.93
              37          -11.49           10.93
              38           -21.4           11.54
              39           28.46           11.56
              40          -11.24           11.36
              41          -21.97           11.33
              42          0.8062           11.67
              43           44.21           11.91
              44          -19.45           11.34
              45           -21.5           11.52
              46           14.05           10.93
              47           63.08           11.81
              48           21.82           11.19
              49           3.219            10.5
              50           11.74           11.25
              51           13.74           10.74
              52          -26.74           10.82
              53          -34.52           10.48
              54           1.134           10.21
              55           34.54           10.99
              56          -26.89           10.83
              57          -32.19           10.72
              58           0.133           10.36
              59           35.71           11.55
              60          -8.476           10.37
              61          -21.47           11.03
              62           2.107           9.945
              63           80.47           11.62
              64           7.703           11.14
              65           12.49           10.75
              66          -4.104           11.73
              67            21.8           11.56
              68           -6.54           10.96
              69          -16.05           10.56
              70          -23.77           11.68
              71           22.56           11.18
              72          -11.81           11.02
              73          -15.52           10.64
              74          -1.516           10.82
              75           39.13           11.45
              76           1.996           10.43
              77          -19.49           10.94
              78           7.122           10.88
              79           86.69           11.54
              80           5.611            11.1
              81          -20.52           10.94
              82          -23.55           11.05
              83          -7.934           10.46
              84          -11.93           10.99
              85          -34.43           10.72
              86          -12.93           10.25
              87           38.34           10.71
              88           8.026           10.67
              89          -35.84           10.83
              90          -13.23           10.16
              91           48.59           11.02
              92          -19.08           10.47
              93          -13.98           10.61
              94           5.251           10.08
              95             113           11.35
              96           3.153           10.87
              97          -18.91           11.21
              98           8.387           11.84
              99           21.43           11.72
             100          -11.35           11.02
             101          -27.71           11.07
             102          -6.459            11.2
             103           46.88           10.98
             104            4.64           10.84
             105          -10.85           11.27
             106           8.315           11.13
             107           53.27           11.69
             108          -8.901           10.36
             109           -17.1           11.15
             110           23.84           11.33
             111           128.2           11.79
             112           7.508           11.04
             113          -37.02           10.69
             114          -6.759            10.6
             115           27.29           10.61
             116          -9.209            10.6
             117          -20.08            9.98
             118          -9.818           9.858
             119           47.12           10.77
             120          -17.85           10.71
             121          -19.35           10.57
             122           4.081           9.997
             123           56.06           11.23
             124          -21.34           10.42
             125          -28.28           11.07
             126           8.648           9.718
             127           138.1           11.76
APV              146               5              19               2
               0           95.81           51.74
               1          -19.78           31.04
               2          -70.54           22.37
               3          -100.2           16.15
               4          -56.72           13.09
               5          -45.18           12.05
               6          -18.16           13.63
               7           34.16           12.77
               8          -37.36           11.77
               9          -33.58              12
              10          -11.43           12.12
              11           60.11           12.73
              12          -31.65           12.17
              13          -16.97           11.64
              14           2.623           12.05
              15             126           13.06
              16          0.4314           11.82
              17          -48.41           11.78
              18          -19.03           13.56
              19           12.82           11.68
              20          -17.68           11.73
              21          -46.91           11.33
              22          -8.572           11.04
              23           45.41           11.32
              24          -47.19           11.65
              25           -19.2           11.49
              26          -3.711           11.11
              27           65.79            12.1
              28          -41.81           11.31
              29          -8.481           11.26
              30           12.53           11.31
              31           106.8           12.28
              32          -3.721           11.94
              33          -5.783           12.09
              34          -33.74           12.62
              35           13.23           12.71
              36          -17.59           12.09
              37          -38.87           11.65
              38          -10.71           12.12
              39           45.96           12.76
              40          -33.64           12.64
              41          -19.51           12.05
              42           4.939           12.58
              43           67.03           12.92
              44          -34.89           11.93
              45          -2.113           11.96
              46           24.64           12.14
              47           97.26           12.83
              48          -4.638           11.59
              49          -10.77            11.4
              50          -25.76           12.41
              51           37.19           11.67
              52          -27.36           11.53
              53          -33.12           10.99
              54          -8.066           11.15
              55           73.34           11.47
              56          -34.18           11.37
              57          -31.36           11.32
              58          -10.57           11.15
              59           69.37           12.25
              60          -57.13           11.18
              61          -26.61           11.66
              62         -0.3096            10.4
              63           120.2           12.64
              64           11.26           12.35
              65          -21.25           11.63
              66           9.495            12.9
              67           39.29           12.62
              68          -23.24           12.12
              69          -15.96           11.44
              70          -2.723            12.1
              71           27.38           12.28
              72          -13.36           11.78
              73         -0.3662           11.37
              74           10.65           12.23
              75           85.17           12.66
              76          -44.95           11.64
              77          -14.73           11.36
              78           41.75           12.29
              79           104.3           12.57
              80           12.48           11.86
              81          -12.79           11.13
              82          -19.87           11.57
              83           37.47           11.46
              84          -9.318           11.37
              85          -19.35           11.23
              86           19.26           11.06
              87           55.13           11.37
              88          -32.99           11.53
              89          -25.44           11.33
              90           14.01           10.94
              91           93.76           11.92
              92          -45.99           11.01
              93          -14.81           11.28
              94           11.35           10.73
              95           117.3           12.19
              96             -34           11.91
              97          -14.86           11.71
              98            10.7            12.8
              99           34.65           12.47
             100           -30.5           11.79
             101           -2.95            11.4
             102           8.363           12.12
             103           74.76           12.41
             104          -27.26           11.86
             105          -8.711           11.56
             106           13.99           12.17
             107           78.55           12.54
             108             -23            11.4
             109           1.487           11.67
             110           40.52            12.4
             111             129           12.75
             112            -6.9           11.46
             113          -21.11            11.3
             114          -8.524           11.41
             115           53.27           11.64
             116          -57.17           11.61
             117          -5.846            10.7
             118           13.35           10.61
             119           58.76            11.5
             120          -32.37           11.15
             121          -12.18           11.05
             122           16.21           10.82
             123           101.2           12.25
             124          -36.88           11.04
             125           -20.5           11.79
             126            14.4           10.93
             127           160.6           13.21
APV              146               4              18               0
               0           28.24           41.19
               1            17.5           34.26
               2            22.4           19.73
               3          -65.35            16.6
               4          -102.4           11.67
               5          -17.84           10.19
               6          -14.41           11.78
               7          -5.204           9.815
               8          -20.92           10.08
               9          0.0698           9.888
              10           19.87           10.43
              11          -0.825            9.99
              12          -41.41           10.41
              13          -3.211           9.865
              14           22.84           10.41
              15           7.848           9.982
              16          -42.62           10.52
              17          -4.742           9.777
              18           1.351           10.65
              19            6.53           9.382
              20          -23.49           10.23
              21          -13.81           9.965
              22           11.33           9.564
              23           3.554           9.303
              24          -34.89           10.16
              25          -4.261           9.552
              26           12.77           9.528
              27           21.42           9.983
              28          -21.54           9.872
              29          -8.151           9.602
              30           22.12           9.445
              31           15.92           9.871
              32          -52.67           10.77
              33           -7.84           10.29
              34           32.34           10.82
              35           13.74           10.23
              36           -40.6            10.6
              37           2.721           9.669
              38           17.17           10.52
              39           18.63           10.26
              40          -39.44           10.59
              41           15.13           10.29
              42           30.15           10.97
              43           18.53           10.45
              44          -17.41           10.39
              45           5.157           10.03
              46           41.54           9.911
              47           33.96           10.69
              48          -24.76           10.37
              49           4.368           9.582
              50            19.6           10.42
              51           10.14           9.429
              52          -55.94           10.16
              53          -14.34           9.678
              54           22.61           9.639
              55           22.44           9.757
              56          -40.21           10.25
              57          -2.729           9.495
              58           47.76           9.725
              59           8.276           9.785
              60          -11.58            9.76
              61           6.897           9.929
              62           26.77           9.363
              63          -6.211           9.959
              64          -55.31           10.57
              65          -6.607           9.637
              66           27.96           11.87
              67           18.22            10.3
              68          -42.86           10.24
              69         -0.8052           9.322
              70           5.782           10.49
              71           2.739           9.816
              72           -20.8           10.44
              73           5.201           9.484
              74           30.87           10.48
              75           12.18           10.09
              76           -24.3           9.737
              77           7.326            9.63
              78           30.45            10.2
              79           21.84           10.43
              80          -27.98           10.36
              81          -12.37           9.718
              82           16.94           9.818
              83          -10.02           9.315
              84          -60.43            10.3
              85           -23.6           9.693
              86           11.91           9.252
              87           16.81           9.662
              88          -26.28           10.06
              89          -3.742           9.341
              90           3.651           9.151
              91           8.974           9.787
              92          -20.39           9.908
              93           8.577           9.612
              94           24.64           9.357
              95           29.11           10.46
              96           -56.9           10.51
              97          -11.83           9.615
              98           14.52           11.11
              99           24.34           10.62
             100          -44.61           10.14
             101           7.657             9.7
             102           16.32            10.5
             103           12.22           9.842
             104          -16.89           10.28
             105          -4.267            9.79
             106           36.27           10.58
             107           23.58           10.65
             108           -15.9           9.989
             109           22.73           9.968
             110           14.09            10.3
             111           14.16           10.45
             112          -45.15           10.41
             113          -13.32           9.682
             114           11.78           9.733
             115           9.108           9.538
             116          -37.75           10.17
             117           7.273           9.163
             118           35.23           9.537
             119          -4.313           9.261
             120          -35.44           10.03
             121          -4.101           9.154
             122           22.91           9.418
             123           13.24           9.805
             124          -24.61           9.862
             125           7.678            9.96
             126           12.39           9.281
             127          -19.58           11.83
APV              146               4              18               1
               0            78.7            43.4
               1          -6.557           34.93
               2           -7.52           20.06
               3          -56.88           16.52
               4          -72.73           11.26
               5          -50.26           10.32
               6          -15.22              11
               7           7.653           9.766
               8          -24.94           9.936
               9           -10.8           9.926
              10         -0.7238           9.552
              11           31.06            10.1
              12          -25.78           9.877
              13           -12.7           9.462
              14           6.759           9.891
              15           30.12           10.25
              16           3.733           9.951
              17          -35.65           9.809
              18          -19.49           10.97
              19           22.11           9.803
              20          -24.08           9.897
              21           -28.8           9.716
              22          -13.78           9.451
              23           19.98           9.364
              24          -18.71           9.907
              25          -15.45           9.482
              26           8.708            9.16
              27           36.88           9.982
              28          -27.99           9.499
              29          -12.94           9.518
              30          -7.483           9.287
              31           40.75           9.972
              32          -12.82           10.15
              33          -35.72           10.29
              34           1.063           10.22
              35           5.429              10
              36          -36.36           9.968
              37          -25.98           9.917
              38           9.545           9.999
              39           45.04           10.16
              40           8.349           10.17
              41           2.526            9.75
              42           20.49           10.38
              43           29.46           10.23
              44          -55.56           10.06
              45          -19.93           9.883
              46           17.17              10
              47           56.47           10.61
              48          -27.95            10.1
              49          -15.54           9.451
              50          -8.938           10.05
              51         -0.5348           9.152
              52          -11.42           9.637
              53          -19.95           9.438
              54           13.57           9.482
              55           37.68           9.648
              56          -29.32           9.953
              57           7.563           9.355
              58           22.42           9.448
              59           38.54           9.831
              60          -7.461           9.163
              61          -36.25           9.732
              62            18.9           9.495
              63           54.78           10.33
              64          -19.65           10.02
              65          -25.06           9.594
              66          -12.65           10.49
              67           13.76           9.858
              68          -3.464           9.687
              69          0.7914           9.392
              70           -16.5           10.15
              71           12.87            9.52
              72          -21.99           10.05
              73          -3.011           9.331
              74          -8.652           9.624
              75           38.45           10.01
              76          -5.504           9.364
              77          -37.85           9.557
              78           16.43           9.729
              79           70.25           10.07
              80          -14.29           9.884
              81          -1.377           9.181
              82          -5.652           9.377
              83           14.47           9.304
              84          -7.012           9.936
              85          -6.432            9.17
              86           18.41           9.385
              87           34.05           9.586
              88           -19.6           9.988
              89          -3.616           9.377
              90           3.073           8.751
              91           53.84           10.03
              92          -35.04           9.536
              93          -24.96           9.645
              94           16.36           9.201
              95           53.39            9.93
              96          -9.304           9.971
              97           2.044           9.623
              98           4.703           10.36
              99           25.09           10.53
             100           -33.4           9.939
             101          -17.87           9.754
             102          -4.212             9.9
             103           28.42            9.86
             104          -32.77           10.23
             105          -6.569           9.727
             106           25.46           10.12
             107           38.78           10.31
             108          -22.19           9.695
             109          -14.32           9.799
             110           25.09            10.2
             111           84.64           10.44
             112          -21.78           10.06
             113          -4.327           9.103
             114           11.69           9.575
             115           36.86           9.767
             116          -15.18           9.452
             117           8.456           9.019
             118           18.67           9.088
             119           20.49           9.365
             120          -7.817           9.511
             121          -16.95           9.341
             122           6.077           9.047
             123           49.39           10.09
             124          -6.276           9.133
             125           13.28           9.905
             126           25.07           9.328
             127           39.32           12.15
APV              146               4              18               2
               0           41.49           41.78
               1          -25.03           33.32
               2          -10.71           19.16
               3          -54.99           15.74
               4          -102.9           11.47
               5          -31.41           9.858
               6           -5.49            10.6
               7           3.118            9.29
               8          -63.01           10.02
               9          -24.35            9.84
              10          -1.954           9.655
              11           24.15           10.14
              12             -44           10.09
              13          -8.655           9.322
              14           20.65           9.914
              15           73.27           10.03
              16          -3.777           9.686
              17          -15.56           9.423
              18           11.28           10.21
              19           15.53           9.343
              20          -49.39           9.924
              21          -18.37           9.274
              22          -8.292           8.912
              23           35.16           9.362
              24          -40.29           9.789
              25          -4.067           9.347
              26           35.01           9.463
              27           40.93           9.935
              28          -30.76           9.351
              29          -4.517           8.913
              30           13.09           9.122
              31           52.28           9.554
              32          -39.24           10.24
              33          -40.23           9.962
              34           3.724           9.756
              35          -5.763           9.777
              36          -48.86           9.927
              37           6.108           9.225
              38          -3.268           9.697
              39           23.09           9.899
              40          -38.13           10.39
              41           -24.7           9.865
              42          0.0458            10.3
              43           26.63           10.09
              44           -24.4           9.812
              45           -6.19           9.381
              46           20.15           9.848
              47           67.52           10.25
              48           -35.3           10.17
              49          -23.72            9.41
              50         -0.3012           9.761
              51           20.46           9.428
              52          -55.34           9.609
              53          -25.37            9.21
              54          -2.121            8.84
              55           29.07           9.368
              56          -57.78           9.601
              57          -30.82           9.442
              58           11.76           9.339
              59           41.03           9.554
              60          -7.444           8.942
              61           -1.57           9.023
              62            23.7           9.123
              63           57.67           9.718
              64          -28.83           11.46
              65          -9.426             9.3
              66           6.698           10.06
              67           29.17           9.709
              68             -42           9.893
              69           -29.9           9.468
              70           12.82           9.724
              71           31.03           9.709
              72          -43.74           9.899
              73           3.643           9.163
              74           22.86           10.05
              75           50.29           9.995
              76          -13.62           9.645
              77           8.615           8.931
              78           36.53           9.715
              79           75.53           10.07
              80          -35.29           11.26
              81          -17.63           9.411
              82           7.576           9.241
              83           15.93           9.061
              84          -30.22           9.925
              85           2.547           8.801
              86          0.5934           8.384
              87           23.79           9.163
              88          -31.05           9.857
              89          -17.66           9.325
              90           20.87           9.117
              91           44.44           9.678
              92          -20.53           9.381
              93           22.27           9.353
              94           43.65           9.021
              95            86.5           9.864
              96          -44.33           10.05
              97          -18.86           9.439
              98           5.317           10.08
              99           33.78           10.04
             100          -55.35            9.96
             101          -1.197           8.978
             102           23.08           9.795
             103           46.22           9.807
             104           -52.3           9.879
             105          -7.311           9.661
             106           21.69           9.887
             107           52.24           9.947
             108           13.01           9.581
             109           16.16           9.504
             110           28.99           9.912
             111           79.59            10.1
             112           -45.8           10.05
             113          -38.56           9.351
             114          -14.34           9.395
             115           10.02           9.184
             116          -47.45            9.64
             117          -12.28            8.77
             118           27.14           8.905
             119           48.91            9.39
             120          -33.54           9.525
             121          -25.83           9.314
             122            24.5           9.147
             123           55.61           9.699
             124          -14.37           9.261
             125           2.935            9.21
             126           54.16           9.229
             127           42.23           12.09
APV              146               3              17               0
               0           93.28           53.48
               1          -17.19           43.92
               2          -15.87           24.89
               3          -55.85           20.06
               4          -79.52           13.41
               5           -51.9           11.65
               6          -24.94           12.69
               7           8.454           11.43
               8          -44.41           11.77
               9          -39.25           11.36
              10           21.59           11.22
              11              30           11.71
              12          -27.08           11.79
              13          -32.46           11.37
              14           9.986           11.43
              15           58.06           12.39
              16          -15.06           11.31
              17          -32.58            11.1
              18           2.389           12.12
              19           30.35           11.14
              20          -27.71            11.4
              21          -28.13           10.96
              22          -8.137           10.72
              23           11.63           10.71
              24          -32.92            11.5
              25          -33.22           10.93
              26          -16.04           10.73
              27           40.65           11.54
              28          -36.06           10.95
              29          -25.14           10.77
              30           9.074           10.64
              31            66.7           11.55
              32          -24.44           11.54
              33          -33.67           11.77
              34          -17.34           11.61
              35           19.23           11.49
              36          -34.92           11.76
              37          -31.13           11.27
              38           14.47           11.73
              39           41.57           11.87
              40          -16.58           11.77
              41          -3.546           11.17
              42           17.55           11.79
              43           57.07           12.26
              44          -33.19           11.45
              45          -32.34           11.61
              46           13.73           11.25
              47           48.19           12.74
              48          -32.94           11.48
              49          -36.35           10.84
              50           7.131           11.47
              51           11.87           11.04
              52          -26.69           11.02
              53          -37.26           10.55
              54          -6.509           10.64
              55           28.45              11
              56           -31.6           11.09
              57          -40.08           11.08
              58          -3.023           10.73
              59           39.08           11.67
              60          -27.12           10.64
              61           -15.5           11.14
              62           6.705           10.49
              63           60.11           12.21
              64          -33.52           11.47
              65          -36.73           11.38
              66           44.03           12.35
              67           19.26           11.58
              68          -21.83           11.35
              69          -20.53           11.04
              70           12.99           11.56
              71           33.05           11.56
              72          -5.725           11.28
              73           15.71           11.18
              74           10.93           11.16
              75           55.17              12
              76          -26.09           11.07
              77           11.44           10.93
              78           32.47           11.27
              79           79.16           12.34
              80           4.075           11.17
              81          -13.83            10.8
              82           4.936            10.7
              83           34.37           11.04
              84          -20.63           11.35
              85           -14.5           10.68
              86            25.7           10.75
              87           28.02           10.85
              88          -55.07           11.43
              89          -6.435            10.8
              90           37.52           10.79
              91           37.25           11.61
              92          -56.31           10.84
              93           2.918           10.55
              94           33.46           10.82
              95           71.16           12.17
              96          -32.09           11.34
              97          -4.724           10.93
              98           18.05           12.12
              99           27.46           11.77
             100          -21.99           11.21
             101          -22.79            11.2
             102           20.42           11.53
             103           47.97           11.61
             104          -27.58           11.67
             105          -18.47           11.87
             106            24.2           11.63
             107           50.62           12.18
             108          -21.11           11.06
             109           9.481           11.12
             110           36.59           11.45
             111           83.84            12.5
             112          -31.06           11.61
             113          -25.19           10.72
             114           13.05           10.74
             115           18.55           10.87
             116          -21.36           11.01
             117          -36.66           10.53
             118            32.9           10.65
             119           39.73           10.74
             120          -5.629           10.77
             121          -3.387           10.59
             122            35.7           10.83
             123           64.36           11.69
             124          -35.97            10.7
             125          -14.23            11.3
             126            17.1           10.63
             127             120           12.71
APV              146               3              17               1
               0           112.1           51.13
               1          -33.22           42.14
               2          -27.75           23.69
               3          -65.07           19.64
               4          -115.3           13.47
               5          -56.96           11.43
               6          -8.565           11.58
               7           0.061           11.22
               8          -53.86           11.37
               9          -33.86           11.12
              10          -21.67           11.07
              11           27.37           12.08
              12          -39.34            11.4
              13          -3.837           10.84
              14           28.83           11.36
              15           63.19           12.02
              16          -33.54            11.3
              17           -34.3           10.82
              18          -16.18           11.98
              19          0.0512            10.5
              20          -41.54            11.4
              21           -22.3           10.43
              22          -2.711           10.34
              23           33.92            10.8
              24          -37.95           11.33
              25           -7.95            10.4
              26           33.74           10.83
              27           48.43           11.68
              28          -32.19           10.48
              29          -2.648           10.45
              30            27.9           10.63
              31           49.65            11.6
              32          -9.284           11.18
              33          -17.67           11.23
              34           9.469           10.99
              35            9.86            11.2
              36          -46.39            11.4
              37          -38.62           10.95
              38           15.73           11.15
              39           17.72           11.57
              40          -33.74           12.01
              41          -15.01           11.07
              42           20.84           11.43
              43            38.7           12.13
              44          -51.41           11.24
              45          -16.78            11.1
              46           39.06           11.31
              47           51.95            12.2
              48          -24.89           11.14
              49          -30.74           11.15
              50          -10.44           11.14
              51          -14.57           10.58
              52             -51           10.85
              53          -38.61           10.36
              54          -9.207           10.28
              55           21.52           10.76
              56          -43.98           11.12
              57          -17.66           10.52
              58           5.733           10.39
              59           24.17           11.52
              60          -48.74           10.47
              61          -23.59           11.01
              62           23.94           10.43
              63            48.9           11.85
              64          -7.344           11.02
              65           7.583           10.53
              66           34.65           11.75
              67            11.4           10.94
              68          -23.35           11.39
              69          -5.685           10.47
              70           17.19           11.11
              71           19.01           11.11
              72          -29.65           11.42
              73          -9.762           10.66
              74           5.925           10.72
              75           42.74           11.48
              76          -22.03           11.99
              77           4.452           10.63
              78           38.65           10.79
              79           89.24           12.04
              80          -15.09           11.18
              81          -24.24           10.73
              82           22.84           11.25
              83           22.16            10.6
              84          -22.86           11.28
              85          -13.77           10.46
              86           15.31            10.2
              87           12.83           10.56
              88          -25.88           10.95
              89          -4.392            10.4
              90           21.82           10.38
              91           41.45           11.47
              92           -7.71           11.59
              93         -0.5874           10.53
              94           21.68           10.23
              95           71.24           11.78
              96          -40.62           11.48
              97          -7.743           10.85
              98           29.91           11.92
              99           16.18           11.37
             100          -23.34           11.41
             101          -16.14           10.65
             102           31.66           11.19
             103           26.61           11.31
             104          -28.83           11.49
             105           -11.3           11.23
             106           26.35            11.1
             107           52.02           11.91
             108          -19.76           10.88
             109          -10.61           10.98
             110           34.18           10.88
             111           70.92           11.95
             112          -31.81           11.08
             113           -15.9           10.55
             114           28.49           11.02
             115           4.344           10.15
             116          -43.64           11.09
             117          -8.569           10.34
             118           38.74           10.26
             119           34.05           11.11
             120          -34.05           10.82
             121          -3.645           10.33
             122           14.46           10.05
             123           63.92           11.56
             124          -25.05           10.67
             125            19.2           11.33
             126           47.68           10.45
             127           103.4            12.1
APV              146               3              17               2
               0           90.16           51.28
               1           3.098           42.38
               2          -6.324           24.15
               3          -44.96           20.32
               4          -111.1           13.48
               5          -52.49           11.38
               6          -16.14           12.55
               7            9.77           11.69
               8          -32.27           11.49
               9           8.013           11.17
              10             5.8           11.42
              11            36.3           12.14
              12          -31.49           11.46
              13           1.669           10.91
              14          0.5096           10.99
              15           51.91           12.21
              16          -3.727           11.19
              17          -2.901           10.65
              18          -25.75           12.77
              19           12.87           11.37
              20          -36.75           11.54
              21          -3.342           10.62
              22           7.502           10.84
              23           24.31           11.07
              24          -22.84           11.33
              25          -10.02           10.91
              26           -7.98           10.63
              27           54.73           11.71
              28          -21.05           10.83
              29           -28.7           10.86
              30          -18.83           10.77
              31           43.91           11.82
              32          -21.23           11.92
              33          -6.058           11.34
              34            16.5           11.76
              35           19.37           12.07
              36          -13.35           11.69
              37          -14.85           11.11
              38          -15.74           11.76
              39           17.68           11.61
              40          -16.23           11.73
              41          -22.49           11.65
              42           8.117           11.83
              43           16.78           11.79
              44          -10.16           11.39
              45          -14.45           11.27
              46           8.302           11.21
              47           52.39           12.32
              48          -3.014           11.07
              49          -19.74           11.04
              50            -9.1           11.61
              51           13.83           11.05
              52          -41.11           11.29
              53          -16.18           10.78
              54           -13.7           10.98
              55           23.01            11.4
              56          -22.14           11.25
              57          -19.06           10.92
              58           23.68            11.1
              59           30.23           11.72
              60          -1.545           10.57
              61           -19.6           11.06
              62           4.625           10.14
              63           54.31           12.21
              64          -15.21           11.53
              65          -10.28            11.2
              66           6.389           11.91
              67           23.16           11.77
              68          -28.15           11.68
              69          -6.592           11.05
              70          -3.405           11.46
              71           13.88           11.54
              72          -18.79           11.34
              73          -14.81           10.96
              74           14.16            11.3
              75           55.78            12.3
              76          -1.889           10.86
              77          -26.13           10.98
              78           2.549            11.1
              79           76.98           14.64
              80          -11.38           11.59
              81          -6.405           10.77
              82           15.34           11.24
              83           26.34           11.02
              84          -20.65           11.28
              85          -11.26           10.74
              86            12.9           10.52
              87           44.43           11.31
              88          -26.44           11.31
              89          -32.56           10.94
              90          -13.17           10.81
              91           42.44            14.5
              92           3.349           10.61
              93          -15.51           11.04
              94           14.98           10.64
              95           75.01           12.07
              96          -34.46           11.54
              97           5.207           11.08
              98          -6.804           11.93
              99           30.64           12.07
             100          -21.07           11.56
             101         -0.6402           10.83
             102          -3.069           11.24
             103           40.36           11.82
             104          -17.77           11.57
             105          -11.23           11.37
             106           41.23              12
             107           38.95           12.04
             108          -4.806           10.94
             109          -10.69           11.27
             110          -3.986           11.35
             111           110.3           12.31
             112          -27.23           11.41
             113          -6.809           10.44
             114           5.255           10.95
             115           15.41           10.89
             116          -9.829           11.01
             117           -21.6           10.55
             118           11.79           10.29
             119           36.17           10.99
             120           -37.3           11.31
             121           2.603            10.5
             122           6.871           10.17
             123           51.95           11.63
             124           -13.3            10.5
             125          -11.32           11.13
             126           8.731           10.32
             127           100.8           14.67
APV              146               2              16               0
               0           102.1           53.36
               1           27.34           44.38
               2          -9.932           23.27
               3          -38.07           20.09
               4          -100.9           12.71
               5          -23.43           11.31
               6          -46.08           12.14
               7           -14.6           11.23
               8          -28.64           11.17
               9          -24.14           11.55
              10          -13.48           10.73
              11          -7.338           11.24
              12           -22.8           11.17
              13          -11.83           10.77
              14           13.34              11
              15           39.58           11.74
              16          -6.652           10.98
              17           4.091           10.53
              18           -10.2            11.6
              19           8.076           10.69
              20           -5.93           10.95
              21          -19.34            10.7
              22           1.452           10.32
              23          -2.146           10.15
              24          -12.45           10.97
              25           0.232           10.61
              26          -4.857           10.34
              27           25.55           11.23
              28           4.111           10.27
              29         -0.2752           10.22
              30          -15.99           10.39
              31           43.68           11.53
              32           2.369           11.13
              33          -3.924           11.21
              34          -8.662            11.3
              35           4.954           11.13
              36          -28.85           11.12
              37          -3.045           10.85
              38           9.925           11.02
              39           6.952           11.11
              40          -4.818           11.42
              41          -13.25            11.3
              42           9.197           11.11
              43           24.34           11.69
              44           -20.1           11.14
              45          -14.35           11.68
              46           8.043           10.83
              47           35.15           12.39
              48          -1.505           10.49
              49           1.828           10.48
              50          -16.47            11.3
              51          -20.01           10.75
              52          -40.58            10.9
              53          -16.39           10.56
              54           3.449           10.18
              55           34.44           10.73
              56           2.788           10.67
              57          -17.05           10.85
              58          -16.86           10.65
              59           43.35           11.35
              60           20.11            10.6
              61          -20.71           10.92
              62           10.02           10.28
              63           73.69           11.94
              64          -9.343           10.92
              65           1.278           10.44
              66           13.56            11.1
              67           15.37           10.93
              68          -10.72           11.03
              69           1.608           10.73
              70          -14.09           10.95
              71           12.33            10.8
              72          -2.742            10.7
              73          -6.346            10.7
              74           2.127           10.58
              75           35.62           11.42
              76           9.099           10.74
              77            11.2           10.84
              78            2.77           10.31
              79           76.72           11.88
              80           5.661           11.26
              81           20.78            10.8
              82           5.804           10.23
              83            7.81           10.34
              84          -18.43           10.87
              85          -12.35           10.45
              86           14.48           10.08
              87            25.8           10.59
              88          -25.76           11.14
              89           14.68           10.64
              90          -10.94           10.29
              91           39.09           11.03
              92          -13.35           10.39
              93          -19.28           10.56
              94           4.791           9.981
              95           56.71           11.46
              96          -26.46           11.35
              97          -21.92           11.07
              98          -18.68           11.49
              99           4.442           10.96
             100          -33.08           10.98
             101          -5.028           10.76
             102           2.057           10.48
             103           28.54           11.15
             104          -12.23           11.06
             105           31.26           11.51
             106           8.435           10.84
             107           48.83           11.59
             108          -10.56           10.75
             109           8.016           10.95
             110          -13.97           10.51
             111           64.42           11.96
             112          -2.811           10.65
             113           7.801           10.45
             114           19.62           10.47
             115          -5.728           10.08
             116          -24.99           10.66
             117          -1.508           9.938
             118           9.421           9.981
             119           6.997           10.16
             120          -31.11           10.62
             121          -16.11           10.56
             122          -12.38           10.04
             123           30.07           11.32
             124          -19.55           10.32
             125          -1.044           10.68
             126          -6.241           9.789
             127           91.61           11.82
APV              146               2              16               1
               0           45.31           52.01
               1          -44.47           43.68
               2          -10.19           22.53
               3            10.2           19.35
               4          -130.5           12.83
               5          -55.91           11.62
               6          -24.35           12.83
               7           54.52           11.83
               8           -65.8           11.36
               9          -33.37            11.7
              10           31.62           11.61
              11           97.47           12.01
              12          -76.42           11.76
              13          -26.73           11.31
              14           37.43           11.85
              15           133.6            12.3
              16          -46.52           11.38
              17           -37.6           11.47
              18          -12.47           11.94
              19           49.91           11.23
              20          -59.38           11.42
              21          -35.68           11.23
              22           15.18            10.9
              23           62.63           10.79
              24          -63.76           11.34
              25          -22.84           11.34
              26            21.9           10.97
              27           87.84           11.81
              28             -58              11
              29          -28.36           11.09
              30           34.03           11.01
              31           109.3           11.83
              32          -49.61           11.94
              33          -26.89           11.81
              34          -0.387           11.38
              35            38.4           11.73
              36          -73.52           11.75
              37          -38.94           11.59
              38           18.96           11.84
              39           75.34           11.87
              40          -35.09           12.14
              41          -32.94           11.95
              42           17.39           11.98
              43           98.82           12.23
              44           -54.1           11.46
              45          -9.717           11.94
              46           58.22           11.67
              47           112.8           12.31
              48          -46.75           11.64
              49          -35.39           10.94
              50          -4.556           11.28
              51           48.73           11.18
              52          -70.52           11.38
              53          -1.162           10.48
              54           -3.84           10.69
              55           77.92           11.05
              56          -66.32           11.24
              57          -28.72           11.19
              58            15.8           10.85
              59           90.37            11.6
              60          -54.97           10.97
              61          -36.43           11.38
              62           65.74           10.79
              63             124           12.32
              64           -57.9           11.94
              65          -38.57           11.14
              66          -10.51           11.93
              67           56.25           11.27
              68          -62.93           11.49
              69          -52.69           11.05
              70            -1.8           11.42
              71           88.64           11.72
              72          -61.76           11.49
              73          -6.885           10.88
              74           25.06           11.74
              75           102.2           12.13
              76          -51.73           11.33
              77          -2.464           10.64
              78           51.97           11.51
              79           116.8           12.21
              80          -47.47           11.48
              81          -25.52           11.04
              82          -18.86           10.86
              83           51.46           10.89
              84          -47.03           11.62
              85          -39.58              11
              86           8.224           10.24
              87           65.68           10.84
              88          -62.21            11.2
              89          -30.72            11.1
              90           31.35           10.81
              91             108           11.55
              92          -25.12           10.71
              93          -26.85           11.15
              94           55.89           10.91
              95           125.3           12.17
              96          -69.25           11.55
              97          -37.92           11.34
              98          -3.852           11.86
              99            58.7           11.95
             100          -47.69           11.44
             101             -24           11.21
             102           16.62           11.72
             103           83.04           11.67
             104          -43.45           11.57
             105          -15.44           11.54
             106           38.44           12.03
             107           98.45           12.21
             108          -28.64           11.16
             109          -40.47           11.93
             110           66.84            11.6
             111           148.4            12.6
             112           -59.9           12.16
             113          -21.59           10.96
             114           2.291           10.38
             115           54.99           10.79
             116          -74.09           11.07
             117          -12.14           10.59
             118           6.219           10.18
             119           83.97            10.9
             120          -46.14           11.01
             121           -33.1           11.05
             122           22.76           10.83
             123           109.8           11.77
             124          -40.08           10.56
             125           -38.4           11.18
             126           55.28           10.77
             127           157.3           12.32
APV              146               2              16               2
               0           90.14           47.69
               1          -28.47           39.21
               2          -19.31           22.85
               3           -7.22           18.94
               4           -76.7           13.26
               5          -56.73           11.71
               6          -35.58           13.75
               7           23.26           12.33
               8          -49.33           11.58
               9          -34.19           11.69
              10          -26.85           11.95
              11           57.76            12.9
              12          -25.99           11.94
              13          -33.95           11.59
              14           17.23           11.89
              15           83.73           12.49
              16           9.399           11.38
              17          -17.56           11.29
              18          -5.668           13.16
              19           17.27           11.22
              20           4.735           11.43
              21          -9.107              11
              22          -10.74           11.09
              23           51.42            11.4
              24          -21.61           11.37
              25          -23.32           11.21
              26          -11.18           10.77
              27           49.05           11.99
              28          -11.85           10.89
              29           -33.6           11.21
              30           1.556            10.5
              31           77.81           12.62
              32           14.92           12.06
              33          -30.26           12.06
              34          -9.326           12.35
              35           31.86           12.33
              36          -19.47           11.66
              37          -18.15           11.39
              38          -9.793           12.06
              39           54.13           12.78
              40          -19.94           12.27
              41          -18.02           11.87
              42         -0.1846           12.14
              43           61.92           12.89
              44          -31.28           11.65
              45          -23.36           11.85
              46           26.86           11.75
              47           86.26           14.38
              48          -3.056           11.37
              49          -22.39           11.02
              50          -19.53            12.2
              51           16.59           10.86
              52          -23.96           11.07
              53          -21.06           10.95
              54          -9.884           10.98
              55           59.18           11.45
              56          -11.08           11.03
              57          -37.06           11.24
              58          -9.246           10.64
              59           53.53           11.82
              60          -18.23           10.66
              61          -48.34           11.66
              62           5.276           10.38
              63           96.86           12.39
              64           19.09           13.84
              65          -21.24           11.67
              66          -1.093           12.36
              67           57.76           12.46
              68          -31.16            11.9
              69          -35.55            11.2
              70          -15.67           12.22
              71           48.66            12.2
              72          -29.67           11.89
              73          -13.23           11.29
              74          -5.564           11.68
              75           64.18           12.33
              76          -20.61           11.59
              77          -15.25           11.07
              78           33.46            11.7
              79           92.12           12.89
              80           16.52           11.89
              81          -10.95           11.09
              82          -1.949           13.68
              83           39.51           11.39
              84          -21.21           11.55
              85          -30.78           11.07
              86          0.4896           10.25
              87           54.26           11.14
              88          -24.96           11.35
              89          -32.65           11.12
              90          -1.958           10.18
              91           56.83           11.57
              92          -24.89              11
              93          -26.87           11.23
              94              26           10.67
              95           116.5           14.32
              96           5.719           11.54
              97          -24.39           11.54
              98          0.6922           12.38
              99           9.529           12.28
             100          -24.07           13.17
             101          -25.52           11.38
             102          -3.526            11.6
             103           52.55            12.2
             104          -16.06           11.66
             105          -29.72           11.88
             106           24.11           11.99
             107           73.31           12.25
             108          -30.84           11.27
             109          -15.16           11.41
             110           29.23           12.03
             111           116.6           13.03
             112           -13.2           13.24
             113          -28.65           11.08
             114          -23.96           10.78
             115           45.98           11.32
             116          -38.85           11.24
             117          -17.94           13.14
             118           2.188            10.3
             119           63.98            11.4
             120          -33.67           11.29
             121          -14.65           10.86
             122            17.2           10.45
             123           85.16           11.86
             124          -17.75           10.91
             125          -23.22            11.3
             126           46.18           10.85
             127           108.7           13.12
APV              146              19              15               0
               0           60.45           55.62
               1          -22.91           47.53
               2          -19.03           24.88
               3            9.94           21.31
               4          -118.1           13.63
               5          -47.46           15.95
               6          -27.23           14.99
               7           30.07           13.05
               8           -34.9           12.16
               9          -12.16           15.49
              10          -11.85           13.29
              11           54.95           13.11
              12           -32.9           13.06
              13          -16.82           15.53
              14           22.72           13.29
              15           82.18           13.48
              16          -54.93            12.6
              17          -25.47           15.64
              18          -13.21            12.9
              19           35.97           12.12
              20          -64.43           12.25
              21          -24.87           15.99
              22           -10.5           11.33
              23           65.32           11.73
              24           -59.3           12.33
              25          -9.678           15.79
              26          -18.18           11.25
              27           98.14           12.82
              28           -34.9           12.79
              29          -8.267           16.05
              30           35.82           11.59
              31           102.8            13.4
              32          -36.58           12.61
              33          -21.67           15.92
              34          -15.57           13.21
              35           36.26            13.8
              36          -47.63           12.39
              37          -27.44           15.85
              38          -27.81           13.62
              39           59.83           13.28
              40          -40.15           12.81
              41          -3.992            15.6
              42          -7.172           13.77
              43           70.19            13.8
              44           -25.9           14.38
              45           5.757           15.68
              46           31.03           12.93
              47           105.6           14.06
              48          -31.25           12.44
              49          -8.655           15.46
              50          -9.011           11.66
              51           33.55            11.8
              52          -64.02           11.75
              53          -9.776           15.76
              54             7.1           11.09
              55           76.22           11.83
              56          -22.22           12.18
              57          -15.78           15.96
              58           8.724            11.5
              59           86.74           12.79
              60          -26.86           13.92
              61           -15.6           15.85
              62           31.35           11.39
              63           117.1           13.79
              64           -21.8           12.65
              65           -16.8           11.99
              66          -19.37            14.9
              67           41.13           13.88
              68          -30.29           12.66
              69          -2.169           11.47
              70          -13.99           13.88
              71           63.43           13.35
              72          -21.85           12.29
              73          -20.14           12.02
              74            14.3           13.13
              75           87.79           13.49
              76          -27.11           11.97
              77           5.889           11.33
              78           35.71              13
              79           113.6           14.39
              80          -43.96           12.91
              81          -28.49           12.05
              82          -27.71           11.81
              83           45.38           12.12
              84          -56.33           12.51
              85          -17.39           11.44
              86           12.24           10.94
              87           73.13           12.14
              88          -44.55           12.19
              89          -26.19           11.92
              90          -2.589           10.89
              91           104.7           13.18
              92          -22.65           11.66
              93           -25.2           11.92
              94           39.68           11.54
              95           121.1           13.95
              96          -51.88           12.75
              97          -20.44           12.25
              98          -30.56           14.62
              99           43.56            14.3
             100          -72.68           12.41
             101          -10.04           11.73
             102          0.9798            12.9
             103           70.12           13.22
             104          -29.43           12.41
             105           3.257           12.02
             106           22.63            13.4
             107           76.51           13.99
             108          -39.12            11.9
             109          -5.372           12.03
             110           26.49           13.51
             111           100.4           14.37
             112          -67.95           12.77
             113          -28.41           11.96
             114          -30.39           11.72
             115           46.76            12.3
             116          -56.19           12.11
             117          -24.15           11.31
             118           8.529           10.74
             119           86.09           12.31
             120          -48.48           12.13
             121          -24.96           11.85
             122           4.819           10.73
             123            89.3           13.29
             124           -26.8           11.59
             125          -9.358           11.97
             126           30.44           11.22
             127           129.3           14.39
APV              146              19              15               1
               0           95.28           55.84
               1           26.01           46.29
               2           8.864           24.29
               3           -33.9           20.56
               4          -108.6           13.29
               5          -2.567           11.42
               6          -17.55           12.44
               7           3.818           11.13
               8          -33.31           11.52
               9           5.198           11.41
              10           5.366           11.17
              11         -0.1744           11.35
              12           -26.4           11.85
              13           8.418           10.92
              14           21.27           11.52
              15         -0.7136           11.76
              16          -14.41           12.22
              17          -21.52           11.51
              18          -3.895           13.85
              19          -11.85           10.95
              20          -46.15           12.19
              21          -5.595           11.02
              22           3.954            10.8
              23           33.69            10.9
              24          -32.34           11.84
              25           18.91            11.5
              26           13.07            10.6
              27           9.804           10.95
              28          -29.04            11.3
              29           17.62           11.83
              30         -0.1402           10.15
              31            18.1            11.7
              32           -36.4           12.44
              33          -7.563           11.68
              34          -8.803           11.43
              35           8.626           11.77
              36          -55.94           12.03
              37          -9.166            11.4
              38           17.05            11.4
              39           24.02           11.78
              40          -3.935           11.81
              41           40.37           12.15
              42           13.84           11.78
              43            14.7           11.96
              44           -21.3           12.15
              45           15.07           11.38
              46           11.02           11.01
              47           46.16           12.66
              48          -30.98           12.36
              49           1.585           10.93
              50            32.3           12.89
              51           8.079           10.62
              52          -9.002            11.4
              53          -7.949           10.81
              54           10.28           10.66
              55           1.965           10.35
              56          -26.49            11.5
              57           11.66           11.31
              58         -0.5194           10.38
              59           2.659            10.8
              60          -32.35           11.25
              61           4.364           11.55
              62           7.442           10.39
              63           21.26           12.08
              64          -24.12           12.23
              65          -7.959           10.87
              66           7.048           12.09
              67         -0.6344           11.63
              68          -40.86           12.16
              69           14.68            11.1
              70          -8.658           11.65
              71           10.32           11.18
              72          -21.93           11.73
              73            23.7           11.45
              74          -13.26           11.38
              75           32.48           12.21
              76          -22.12           11.35
              77           7.008            10.7
              78          -23.91           10.94
              79           33.05           12.47
              80          -47.16            12.3
              81          -11.13           11.06
              82           -5.99           11.14
              83           17.98           10.92
              84          -28.31           12.07
              85           6.142           10.68
              86           31.21            10.6
              87           15.41           10.78
              88          -36.96           11.51
              89          -10.56           11.27
              90           12.01           10.36
              91           4.935           11.21
              92          -10.72           10.88
              93           5.961           11.45
              94          -4.597           10.18
              95           25.12           12.05
              96          -35.51           12.03
              97            4.04           11.22
              98          -0.989           11.97
              99           5.282           11.73
             100          -26.71           12.05
             101         -0.8388           10.92
             102           7.552           11.24
             103           12.42           11.39
             104          -29.91           11.96
             105           24.17           11.31
             106           18.68           11.75
             107           21.58           12.34
             108          -13.01           11.25
             109           30.01            11.2
             110           1.029           11.22
             111           54.84           12.73
             112          -40.35           12.15
             113          -4.683           10.74
             114          0.3748           10.95
             115           9.678           10.84
             116          -48.99           11.71
             117           30.88           10.87
             118          -5.285           10.29
             119          -2.581           10.59
             120          -14.73           11.09
             121           13.68           11.12
             122           6.736           10.08
             123           12.21           11.51
             124           5.089            10.6
             125           23.53           12.52
             126          -18.22           10.33
             127           80.84           12.71
APV              146              19              15               2
               0           97.55           51.18
               1           22.71           42.44
               2          -32.91           23.69
               3          -15.89           19.93
               4          -101.1           13.83
               5           4.737           12.48
               6          -22.87           14.61
               7         -0.9976            12.6
               8          -22.68           12.34
               9           12.18           12.68
              10          -16.15           12.63
              11         -0.0112           12.22
              12           5.742           12.24
              13          -44.55            12.8
              14           -13.5            12.5
              15           11.59           12.65
              16           5.004           12.62
              17           27.82           12.24
              18          -12.02            15.7
              19           15.43           11.78
              20          -6.936           12.05
              21           14.41           11.85
              22           -1.85           11.56
              23           15.52           11.43
              24         -0.1112           11.99
              25          -5.648           11.77
              26          0.5202           11.27
              27            22.9           12.38
              28           15.83           11.98
              29          -39.92           12.68
              30          -13.08            11.1
              31          -2.673           11.89
              32           12.62           12.84
              33           25.16           13.18
              34          0.6786           12.68
              35           12.97           12.52
              36          -21.12           12.42
              37           5.342           12.39
              38            3.51           12.55
              39           29.92           12.94
              40           -3.43           12.32
              41          -8.872           12.28
              42          -3.764           12.83
              43           16.16           13.03
              44           10.05           12.81
              45          -37.66           12.35
              46         -0.8886            11.8
              47           1.426           12.76
              48          -16.37           12.67
              49           20.17            11.9
              50          -19.35           13.78
              51           17.27            11.4
              52          -41.73           12.48
              53           9.475           11.55
              54          0.9928           11.51
              55           27.52            11.7
              56           20.12           12.28
              57          -3.985           12.08
              58           2.376           11.26
              59           14.86           12.15
              60           16.37           11.53
              61          -30.14           13.13
              62          -11.49           11.07
              63           18.34           12.41
              64           -13.5           12.33
              65           41.39            12.6
              66           -5.58           13.45
              67           14.04            12.5
              68          -14.81            12.3
              69          -8.438           11.85
              70           2.721           12.58
              71          -11.16           12.24
              72          -15.93           12.21
              73          -11.17           12.14
              74          -5.213           12.06
              75         -0.4936           12.39
              76           20.58           12.44
              77           -19.3           11.55
              78           14.63           11.91
              79           25.33           12.73
              80          -30.01           13.01
              81            17.6           12.02
              82          -9.758           12.25
              83           9.719           11.19
              84          -24.23            12.8
              85          -4.318           11.45
              86           -9.39           11.58
              87           1.538           11.27
              88           1.003           11.85
              89          -34.43           12.07
              90          -0.915           10.94
              91           22.86           12.33
              92            30.3           12.01
              93          -41.41           12.99
              94           15.13           10.97
              95           26.15           12.47
              96          -13.66           12.38
              97            16.6           12.51
              98          -10.19            13.5
              99           18.22            13.1
             100          -7.293           12.26
             101          -23.83           12.45
             102          -23.39           12.66
             103           24.07           12.59
             104           1.524           12.18
             105          -20.14           12.24
             106          -3.643           12.31
             107           27.98           12.83
             108           2.155           11.86
             109          -14.61           11.75
             110           4.316           12.15
             111            19.9           13.03
             112          -28.03           12.93
             113           20.37              12
             114          -24.45            12.4
             115          -12.85           11.29
             116          -16.32           12.01
             117          -22.51           11.38
             118          -3.893           11.05
             119           5.373           11.33
             120          -5.099            11.5
             121          -20.79           12.23
             122           7.017           10.98
             123           22.91            12.6
             124           29.56           11.74
             125          -33.44           14.27
             126           17.56            11.2
             127           41.29           12.81
APV              146              18              14               0
               0           138.2           47.46
               1          -53.13            38.9
               2          -11.63           21.67
               3            4.05           18.03
               4          -120.2            13.4
               5          -102.7           11.77
               6          -12.42            11.8
               7              54           11.87
               8          -57.48           11.93
               9           -35.4           11.81
              10           5.379           11.23
              11            82.6            12.3
              12          -61.42           11.86
              13          -32.99           11.35
              14            48.3           11.81
              15           123.9           12.21
              16           41.52           13.67
              17          -63.65            11.9
              18           2.098           12.79
              19           61.02            11.5
              20          -27.73           12.77
              21          -63.05           11.32
              22          -6.002           11.07
              23           61.42           11.42
              24           -61.2           12.33
              25          -49.11           11.37
              26           22.73           11.39
              27           97.15           12.12
              28          -64.27           11.47
              29          -19.48           11.42
              30           53.02           11.36
              31           115.6           12.08
              32           9.737           13.15
              33          -63.36           11.91
              34          -17.41           11.69
              35           55.68           11.68
              36          -52.31           12.39
              37          -70.65           11.65
              38           27.23           11.81
              39           69.73           11.58
              40          -50.82            12.3
              41          -49.52           11.97
              42           31.79           11.99
              43           94.67           12.55
              44          -65.23           11.76
              45          -12.71           12.38
              46           69.31           11.84
              47           145.8           12.83
              48          -23.96           13.74
              49          -68.52           11.56
              50          -3.636           11.91
              51           59.57           11.36
              52          -57.91           12.12
              53          -55.75           11.23
              54           10.26           11.18
              55           70.69           25.46
              56          -73.65           12.14
              57          -50.97           11.11
              58           31.62           11.57
              59           97.73           12.23
              60           -86.2           11.26
              61           -39.7           11.87
              62            55.1           11.19
              63           145.6           12.62
              64            1.37           12.84
              65           -76.5           11.25
              66           8.483           11.43
              67           71.89           11.67
              68          -41.69            12.4
              69          -69.58           11.63
              70           22.63           11.43
              71           55.26           11.97
              72          -62.55           11.85
              73          -50.03           11.72
              74           15.26           11.36
              75           108.9           12.59
              76          -71.99           11.44
              77          -9.762           11.75
              78           42.34           11.58
              79           141.6              13
              80          -29.52           13.77
              81          -86.15           11.47
              82          -0.048           11.23
              83           63.99           11.46
              84          -78.14           12.65
              85          -59.58            11.1
              86           0.056           10.75
              87           85.62           18.87
              88          -57.44           11.94
              89          -34.32           10.98
              90           41.71           11.35
              91           95.94           12.22
              92          -71.82            11.1
              93          -21.06           11.75
              94           55.25           11.33
              95           145.3           12.66
              96          -29.82           13.04
              97          -59.46           11.64
              98           17.27           11.67
              99            75.3           11.99
             100             -69           12.35
             101          -64.29           11.42
             102           15.67           11.65
             103           85.01           11.95
             104          -73.42           11.97
             105          -33.04              13
             106           52.43           11.46
             107           128.1           12.72
             108          -61.23           11.31
             109          -30.66           12.47
             110           70.73           11.51
             111           186.6           13.08
             112          -32.48           13.54
             113          -59.39           11.49
             114           18.02           11.58
             115           57.34           11.47
             116          -72.42           12.31
             117          -58.84           10.76
             118           26.98           11.03
             119             103           11.79
             120          -75.72           11.46
             121           -29.7           11.05
             122           65.91           11.02
             123           123.5           12.68
             124          -84.35            11.3
             125          -23.72           11.96
             126           80.62           11.34
             127           159.7           13.02
APV              146              18              14               1
               0           60.68           44.94
               1          -16.43           36.49
               2           -27.5           21.42
               3          -23.17           18.67
               4          -100.7           13.17
               5          -48.52           11.66
               6          -20.45           13.94
               7           36.93           12.24
               8          -52.67           11.43
               9          -41.19           11.53
              10           19.84           11.86
              11           82.57           12.17
              12          -35.54           11.71
              13          -22.34           11.47
              14           13.61           11.87
              15           91.84           12.62
              16          -23.21           12.29
              17          -44.63           11.25
              18          -15.64           15.69
              19           36.31           11.09
              20          -48.64           11.89
              21          -39.05           10.97
              22          -7.176           11.12
              23           43.24           10.82
              24          -52.94           11.51
              25          -32.35           11.29
              26          -1.259           10.58
              27           68.24           11.78
              28          -31.31           11.07
              29          0.8844           11.55
              30           15.84           10.52
              31           89.82           11.97
              32          -22.58            12.2
              33          -24.93           11.91
              34          -18.67           11.98
              35           32.53           12.66
              36           -38.8           11.76
              37          -9.971           11.53
              38           19.37           12.06
              39           66.86            11.9
              40          -39.98            11.7
              41          -25.11           11.52
              42           3.696           12.33
              43           81.27           12.66
              44          -42.99           12.07
              45          -15.42            11.5
              46           35.73           11.73
              47           81.51           12.68
              48          -57.65           12.33
              49          -10.62           10.98
              50             -20           13.52
              51           45.12           11.03
              52          -47.68           11.81
              53          -5.021           10.64
              54           27.75           11.28
              55           65.34           11.13
              56          -28.83           11.34
              57          -33.48           11.47
              58           5.972           10.66
              59            80.2           11.71
              60          -38.04           10.84
              61           -25.9           12.27
              62           22.69           10.69
              63           86.19           12.06
              64          -42.11           12.24
              65          -39.34           10.94
              66           8.562           13.69
              67           39.92           12.75
              68          -41.47           12.05
              69          -17.04           10.64
              70           10.91           12.64
              71           47.79           11.87
              72          -29.86           11.34
              73          -8.021           10.97
              74            11.8           11.96
              75           57.81           12.37
              76          -34.28           11.35
              77          -28.64           11.04
              78            33.7            11.8
              79           105.6           12.61
              80          -39.06           12.66
              81          -19.26           10.75
              82           14.22           11.83
              83              31           10.72
              84          -43.25           12.14
              85          -7.491           10.62
              86           11.63           10.49
              87           59.69           10.78
              88          -49.52            11.7
              89          -4.181           10.89
              90           22.56           10.46
              91           62.13           11.68
              92          -33.97           10.72
              93          -21.78           12.18
              94           15.95           10.42
              95             104           12.34
              96          -38.34           11.92
              97          -29.31           11.54
              98           5.218           13.17
              99           36.67           12.65
             100          -40.95           11.66
             101          -23.95            11.2
             102           33.91           12.42
             103           63.22           11.66
             104          -30.72           11.58
             105          -15.06           11.21
             106           9.688           11.63
             107           85.66           12.44
             108          -22.36           11.05
             109          -4.466           10.89
             110           37.43           12.35
             111           113.4           12.71
             112          -43.51           12.45
             113          -18.49           10.81
             114          -8.265           11.57
             115           42.14           10.85
             116          -51.08           11.67
             117          -23.39            10.6
             118          -1.135           10.17
             119            59.1           11.01
             120          -33.64           11.33
             121          -13.15           11.09
             122           26.16           10.44
             123           103.9           12.02
             124          -26.52           10.52
             125          -4.534           13.05
             126           20.23           10.63
             127           116.6           12.82
APV              146              18              14               2
               0           48.14           44.81
               1           20.02           36.41
               2          -9.244            20.8
               3           -54.5           18.39
               4          -128.1           13.15
               5          -6.141            11.6
               6          -26.41           14.13
               7           11.74           11.94
               8          -53.47           11.97
               9           10.71           11.61
              10          -23.28           12.16
              11           60.98           12.53
              12          -36.15           11.92
              13           7.829           11.67
              14          -0.718           11.92
              15           61.97           12.21
              16          -43.55           12.84
              17          -6.797           11.27
              18          -27.88           16.13
              19           7.116           10.69
              20          -72.13           12.52
              21           11.87           11.19
              22          -19.75           11.81
              23           36.68           11.11
              24          -31.71           12.02
              25           15.41           11.23
              26          -2.564           10.96
              27           48.05           11.63
              28          -44.83           11.44
              29           6.717           11.69
              30          -12.43           10.68
              31           47.31           11.92
              32          -71.29           12.97
              33           11.17           12.03
              34           5.464           11.67
              35           18.59           12.15
              36          -58.55           12.22
              37            16.6           11.54
              38          -0.974           12.13
              39           28.09           12.09
              40          -48.53           12.27
              41           24.66           11.98
              42          -11.82           12.77
              43           20.86           12.25
              44           -23.8           12.16
              45         -0.6322            11.3
              46          -0.235           11.59
              47           65.11           12.53
              48          -50.42           12.99
              49           1.904           11.13
              50          -9.391           13.57
              51           23.32           11.02
              52          -72.65            12.1
              53         -0.4328           11.03
              54          -21.16           11.37
              55            40.7            11.1
              56          -36.69           11.96
              57           12.69           11.39
              58           5.656           10.73
              59           60.62           11.84
              60          -17.83           11.14
              61            7.34           12.65
              62            11.8           10.43
              63           45.03           11.88
              64          -63.09           12.82
              65           7.764           11.22
              66           -27.1           13.43
              67           20.14           12.51
              68          -48.53           12.17
              69           17.75           11.38
              70          -23.16           12.86
              71           31.82           12.02
              72          -36.76           11.81
              73           9.242           11.33
              74          -8.291           12.12
              75           54.46           12.27
              76          -35.25            11.6
              77           11.64           10.93
              78            22.4           11.82
              79           67.19           12.61
              80          -62.73           13.04
              81           6.099           11.07
              82          -7.432           12.33
              83           6.452           10.73
              84          -57.28           12.42
              85            6.07            10.7
              86          -13.43           11.05
              87           35.42            11.1
              88          -42.77            11.7
              89           14.43           11.41
              90            4.51           10.81
              91           67.83           11.71
              92          -9.905           11.15
              93           21.22           12.51
              94           25.46           10.78
              95           82.12            12.4
              96          -56.87            12.5
              97           9.394           11.42
              98          -8.795           13.05
              99           10.66           12.35
             100          -48.56           11.96
             101           15.05           11.51
             102           -16.5           12.16
             103           54.17           12.26
             104          -51.68           11.86
             105          -10.22           11.65
             106          -1.726           12.19
             107           65.55           12.62
             108          -24.37            11.4
             109           1.793            11.3
             110           36.96           12.54
             111           76.42           12.72
             112           -54.9           12.88
             113           8.172           10.95
             114          -14.28           11.99
             115           25.06           11.11
             116          -60.12            11.9
             117           4.542           10.58
             118           -24.4           10.88
             119           40.45           11.11
             120          -34.47           11.58
             121           6.075           11.12
             122           5.157           10.31
             123           66.76            11.9
             124          -30.43           11.16
             125           8.075           13.34
             126           21.65           10.79
             127           61.24           12.61
APV              146              17              13               0
               0           58.87           42.06
               1          -12.81           32.47
               2          -18.47           18.91
               3          -62.41           15.04
               4          -57.21           10.71
               5          -27.94           8.666
               6           0.131           10.98
               7           15.16           8.998
               8          -36.96           8.901
               9           -21.5           9.106
              10          -2.525            9.26
              11            41.5           9.191
              12           2.147           8.643
              13          -8.813           8.866
              14           27.59           9.574
              15           70.53           9.213
              16          -10.01           10.01
              17          -32.14           8.918
              18          -14.48           14.03
              19           21.47           9.782
              20          -16.65           9.407
              21          -26.76           8.628
              22          -12.95           9.882
              23           14.58             8.6
              24           -27.4           9.412
              25          -15.53           8.813
              26           13.97             9.6
              27           42.33           8.966
              28          -14.37            8.69
              29          -26.19           9.397
              30           4.782           8.976
              31           53.44           8.821
              32          0.3254           9.335
              33          -13.69           8.821
              34          -16.53           9.678
              35           16.68           9.435
              36          -42.71           9.253
              37          -30.54           8.851
              38          -9.948           9.518
              39           12.01            9.07
              40          -14.97           9.216
              41          -14.13           8.821
              42          0.3948           9.875
              43           45.48           9.499
              44          -14.67           9.012
              45          -8.552           8.947
              46           38.16           9.812
              47           72.42           9.587
              48          -6.091           9.905
              49          -5.979           8.404
              50          -7.827           11.81
              51           15.42           9.147
              52          -34.03           9.212
              53          -36.08           8.553
              54          -8.464           9.498
              55           22.36           8.682
              56          -33.05           9.217
              57          -46.31           9.081
              58          -5.885           9.361
              59           44.19           9.175
              60          -17.36           8.448
              61          -12.06           9.876
              62           45.61           9.764
              63           86.51           9.439
              64          -4.854           9.298
              65          -12.63           8.429
              66           6.354           11.07
              67           20.95           9.471
              68          -8.456           8.847
              69          -14.62           8.299
              70          -1.961           10.16
              71           49.85           8.822
              72          -18.53           8.834
              73          -29.27           8.642
              74           21.88           9.792
              75           59.19           9.142
              76           -10.3           8.447
              77          -4.784           8.144
              78           55.95           9.639
              79           81.03           9.446
              80          -8.384           9.927
              81          -11.71           8.354
              82          -6.214           9.747
              83           23.67           8.636
              84          -15.53           9.516
              85           -17.9           8.464
              86           8.407           8.504
              87            34.3           8.324
              88             -25           8.973
              89          -15.59           8.728
              90            7.96           8.731
              91           32.52           9.003
              92          -20.79           8.547
              93          -14.19           9.379
              94           35.93            9.22
              95           77.87           9.222
              96          -15.68           9.261
              97          -6.441           8.527
              98           13.12            10.9
              99           12.04           9.632
             100          -43.27           9.039
             101           -29.8           8.714
             102           12.66           10.11
             103           50.33           8.906
             104          -14.56           8.851
             105          -13.22            8.95
             106           24.59           9.942
             107           52.25           9.462
             108          -25.52           8.588
             109          -16.13           8.997
             110           37.57           10.03
             111            88.9           9.812
             112          -3.241           9.611
             113          -3.305           8.124
             114           9.721           9.577
             115           19.61           8.628
             116          -24.31           9.141
             117          -21.69             8.1
             118          -5.209           8.335
             119           36.94           8.493
             120          -16.74           8.647
             121          -24.49           8.654
             122           16.12           8.636
             123           38.11           8.892
             124          -30.49           8.358
             125          -29.46           10.45
             126           50.47           8.988
             127          -41.78           10.21
APV              146              16              12               0
               0           85.84              48
               1           4.604           41.52
               2          -30.79           20.61
               3          -9.065           17.02
               4          -73.79           22.94
               5          -49.75           16.92
               6          -29.61           10.59
               7           43.58           10.17
               8          -21.48           10.47
               9          -34.97           17.65
              10           1.129           9.599
              11           48.69           10.49
              12          -39.26           10.49
              13          -29.43           17.27
              14           28.41           9.932
              15           69.37           10.46
              16          -14.41           11.31
              17          -14.32           17.24
              18          -38.17           10.86
              19           23.67           9.986
              20          -33.15           11.41
              21          -37.85           17.66
              22          -12.67            9.76
              23           66.98           10.08
              24          -22.57           10.78
              25          -34.69           17.76
              26           3.804           9.332
              27            58.9           10.43
              28            1.84           9.734
              29          -18.77           17.93
              30           14.83            9.59
              31           48.57           10.31
              32          -14.91           10.25
              33          -21.78           18.16
              34          -9.008           10.02
              35           37.72           10.08
              36          -27.36           11.03
              37          -40.71           17.49
              38           2.973           9.868
              39           64.63           10.59
              40          -27.14           11.04
              41          -39.52           17.58
              42          -14.72           10.19
              43           54.47           10.86
              44          -37.62           10.71
              45         -0.9868           17.08
              46           43.31           10.07
              47           113.1           11.51
              48          -21.53           9.744
              49          -21.36           17.71
              50           2.828           9.832
              51           34.91            9.64
              52          -70.66           10.31
              53          -24.44           17.31
              54          -2.594           9.223
              55           50.84           9.949
              56          -19.59            10.4
              57         -0.8168           17.46
              58           22.17            9.56
              59           60.95           10.36
              60          -22.99           9.934
              61          -11.75           17.47
              62           46.69           9.553
              63           68.14           10.83
              64          -23.17           10.22
              65          -16.59           10.05
              66           1.989           9.865
              67           58.03           10.12
              68          -42.99           11.22
              69          -30.65           10.29
              70           2.519           9.856
              71           56.57           10.16
              72           -22.5           15.14
              73          -37.47           9.857
              74           10.18           9.989
              75           42.88           10.62
              76          -31.95           10.21
              77          -13.18           10.79
              78            31.1            10.1
              79           73.77            11.2
              80          -25.99           12.24
              81          -51.74           10.35
              82          -22.81           9.806
              83            40.2           10.33
              84          -39.37           11.48
              85          -31.65           10.32
              86           4.115           9.111
              87           64.08           10.01
              88          -14.89           10.76
              89          -52.05           9.977
              90           6.196           9.618
              91           77.13            10.7
              92          -28.46            10.4
              93          -43.28           9.463
              94           37.65           9.489
              95           92.99           11.19
              96          -21.15            11.7
              97          -24.29           10.25
              98           3.819           10.17
              99           43.22           10.97
             100          -46.93           11.27
             101          -61.22           10.34
             102          -18.88           10.06
             103           48.72           10.56
             104          -47.98           11.04
             105          -13.14           11.94
             106           33.39           10.72
             107           89.55           11.34
             108          -26.94           10.13
             109          -15.22           11.39
             110           62.11           9.945
             111             106           11.37
             112          -59.15           12.07
             113          -20.31           10.15
             114           6.516           9.432
             115           66.73           10.13
             116          -35.89           11.05
             117          -47.92           9.657
             118           10.85           9.222
             119           51.66           9.863
             120           -32.9           10.82
             121          -18.49            9.64
             122           30.49           9.702
             123           70.02           10.76
             124          -29.44           10.01
             125          -20.72           9.352
             126           15.98           9.411
             127           134.2           11.44
APV              146              16              12               1
               0            12.7           47.54
               1          -30.17           39.89
               2          -21.43           21.51
               3           14.75           18.58
               4          -149.7           12.99
               5           -55.1            12.9
               6          -14.16           12.84
               7           44.85           12.12
               8          -64.15           11.37
               9          -21.95           12.61
              10           29.03           11.53
              11           78.75           12.18
              12          -43.67           11.33
              13          -39.58           12.67
              14           32.68           11.72
              15           78.02           12.26
              16          -82.79           11.94
              17          -42.67            12.4
              18          -19.08           15.98
              19           40.52            10.9
              20          -77.63           11.82
              21           -41.5            12.7
              22           -20.1           11.48
              23           58.76           10.89
              24          -38.81            11.4
              25          -10.34           12.36
              26           39.06           11.06
              27           85.33           11.89
              28          -54.22           10.89
              29          -20.98           13.41
              30           41.45           10.72
              31           83.27           11.98
              32          -59.73           12.14
              33          -24.82           13.04
              34           3.075           11.02
              35           48.95           11.82
              36          -78.57           11.72
              37          -30.27           13.15
              38           12.96           11.53
              39           83.14           12.09
              40          -51.21           12.09
              41          -34.02           12.71
              42           38.42           12.35
              43            65.3            12.5
              44          -45.85           11.43
              45          -36.81           12.65
              46           50.75           11.32
              47           85.23           13.14
              48          -56.72           12.18
              49           -36.3           12.35
              50          -13.51            13.3
              51           48.53           10.63
              52          -58.13           11.31
              53          -27.76           12.53
              54           13.96           11.12
              55           75.33           11.07
              56          -65.14           11.16
              57           -48.1           12.99
              58           35.31           11.17
              59           78.41           11.74
              60          -46.89            10.8
              61          -41.14           14.06
              62           39.82           10.47
              63           101.3           12.14
              64          -57.73            12.7
              65          -21.02           11.07
              66          -17.37           13.59
              67           57.65           13.13
              68          -47.09           12.04
              69          -1.222           10.56
              70           17.49           12.96
              71           73.51           12.39
              72          -55.73           11.59
              73          -37.26           11.24
              74           33.79           12.75
              75           61.09           12.58
              76          -36.07           10.89
              77          -14.72            10.5
              78           63.04           12.06
              79           92.02           13.13
              80          -48.46           12.94
              81             -22           10.87
              82           -1.94           11.48
              83           59.66           11.04
              84          -62.46           11.82
              85          -35.16           10.49
              86           31.89           10.81
              87           63.34           10.93
              88           -49.3            11.3
              89          -38.74           11.03
              90           45.96           10.92
              91           75.79           12.14
              92          -63.88           10.98
              93          -17.35           11.84
              94           48.66            10.7
              95           68.27            12.6
              96          -72.75           11.94
              97          -23.76           11.19
              98          -13.31           13.49
              99           75.14           13.23
             100          -58.01           11.57
             101          -16.86           10.98
             102           22.12           12.78
             103           74.31           12.23
             104          -71.34           11.45
             105          -39.98           11.57
             106           45.75           12.64
             107           96.19           12.77
             108          -30.52           10.71
             109          -22.94           11.35
             110              66           12.81
             111           101.2           13.53
             112          -71.14           12.33
             113          -26.89           10.92
             114           1.091           10.96
             115            49.5           10.98
             116          -50.79           11.33
             117          -18.15           10.43
             118           15.26           10.27
             119           63.87           11.05
             120          -47.85           11.12
             121          -22.42              11
             122           39.08           10.68
             123           79.15           12.22
             124          -26.14           10.56
             125          -41.75           12.69
             126           65.07           10.84
             127           79.45           12.93
APV              146              16              12               2
               0           64.86           45.09
               1          -26.55           37.27
               2          -18.51           20.96
               3          -40.56           19.07
               4          -91.63           13.32
               5          -35.28           12.17
               6          -10.24           14.65
               7           14.08            12.7
               8          -39.09           12.03
               9          -3.363           11.86
              10            10.2           12.28
              11            10.5           12.48
              12          -54.85           12.12
              13          -3.139           11.41
              14           3.248           12.23
              15           39.64            12.9
              16         -0.5252           12.65
              17          -22.96           11.82
              18          -11.83           16.91
              19          -1.938           11.22
              20          -44.77           12.55
              21          -23.47           11.54
              22         -0.1046           11.89
              23            15.9           11.12
              24           -37.8           12.13
              25          -6.901           11.45
              26           29.81           11.75
              27           10.83              12
              28          -21.56           11.42
              29          -2.866           11.46
              30           14.44           11.23
              31           54.88           12.35
              32          -9.796           12.44
              33          -30.16           12.41
              34           6.682           12.33
              35           16.96           13.13
              36          -44.06           12.29
              37          -43.66           12.15
              38         -0.6362           12.27
              39            32.4           12.81
              40          -38.62           12.78
              41           9.343           11.95
              42           15.06           13.32
              43           35.87           12.84
              44          -24.72           12.46
              45           1.162           11.55
              46           18.28            12.1
              47           56.25           13.05
              48          -7.438           12.27
              49          -19.29           11.36
              50           2.811           14.59
              51           3.963           11.03
              52          -28.53           11.95
              53          -15.89           10.97
              54           18.61           12.29
              55           6.827           10.92
              56          -44.95           11.85
              57          -6.117           11.46
              58            34.1           11.82
              59           42.21           12.12
              60          -28.88           11.24
              61          -5.322            12.3
              62           3.431           10.58
              63           64.87           12.51
              64          -8.898           12.43
              65          -3.258           11.57
              66          -4.926            15.1
              67           18.65           13.52
              68          -25.27           12.44
              69          -0.404           11.49
              70           23.07           14.51
              71           31.55           12.56
              72          -21.11           12.17
              73           3.757           11.79
              74           33.94           13.59
              75           26.89           12.73
              76          -31.54           12.11
              77          -9.883           11.33
              78           14.95           12.65
              79           76.97           13.72
              80          -22.06            12.7
              81          -11.16           11.42
              82          -2.051           12.49
              83           8.441           11.07
              84          -41.52           12.17
              85          -6.313           11.09
              86           16.87           11.22
              87           25.03           11.27
              88          -55.95           11.89
              89           17.03            12.1
              90            18.6            11.2
              91           42.05           12.47
              92          -25.15           11.46
              93          0.5376           12.48
              94           20.11           10.95
              95           80.72           13.12
              96          -25.78            12.7
              97           -31.8              12
              98           8.718           14.39
              99         -0.0476           13.21
             100          -41.78           12.29
             101          -4.964           11.86
             102           6.194           13.35
             103           20.24           12.63
             104          -22.25           12.22
             105          -3.015           11.62
             106           21.67           13.21
             107           47.29           13.32
             108          -22.84           11.92
             109          -3.116           11.52
             110           28.72           13.45
             111           74.18           14.16
             112          -36.36           12.57
             113          -39.15           11.44
             114          -2.487           12.25
             115            31.6           11.42
             116          -53.95           11.75
             117          -7.082           11.01
             118           9.907           11.07
             119           43.24           11.41
             120          -26.91           11.71
             121          -2.919           11.38
             122           10.99            10.9
             123           50.99           12.64
             124          -32.98           11.32
             125           4.352           13.91
             126           28.21            10.9
             127           79.53           13.54
APV              146              15              11               0
               0           25.25           49.41
               1          -34.04           41.12
               2          -13.09           22.12
               3          -18.43           19.21
               4          -136.3           13.14
               5          -69.86           19.95
               6             -20           13.19
               7           58.12           12.09
               8          -66.11           11.65
               9          -15.87            11.8
              10           40.96           12.89
              11           66.66           12.87
              12          -74.53           11.73
              13           -15.8           11.41
              14           46.33           12.07
              15           99.38           12.73
              16          -55.07           12.28
              17          -55.47           11.58
              18          -13.78           14.39
              19            28.8           11.24
              20          -62.65           11.98
              21          -56.81           11.11
              22             8.8           11.17
              23           43.51           11.17
              24          -56.64           11.65
              25          -24.77           11.22
              26           24.44           11.59
              27           56.01           11.82
              28          -40.14           11.42
              29           -16.5           11.33
              30           31.87           11.15
              31           86.64           12.42
              32          -46.67           12.46
              33          -48.79            12.4
              34          -7.299           11.48
              35           49.15           12.48
              36          -81.42           11.91
              37          -55.24           11.83
              38           18.98            11.9
              39           63.81           12.47
              40          -53.19           12.28
              41          -6.392           11.54
              42           23.44           12.42
              43           102.6           12.99
              44          -34.95           12.02
              45          -3.022           11.23
              46           55.93           11.81
              47           93.79           13.41
              48          -76.12           11.96
              49          -31.34           11.25
              50           1.036           12.69
              51           58.45           11.36
              52          -62.12            11.7
              53          -31.52           10.94
              54           -4.36           10.81
              55           48.06           11.37
              56          -58.18           11.45
              57          -16.35           11.05
              58           20.43           11.17
              59           72.23           12.01
              60          -37.55           11.08
              61          -15.65           11.54
              62           35.22           10.96
              63           87.19           12.75
              64          -68.66           12.65
              65          -27.69           11.39
              66           3.738           13.07
              67           61.77           12.64
              68          -32.88           11.97
              69           -45.4           15.17
              70           11.17            12.2
              71           52.65           12.35
              72          -74.66           11.92
              73          -14.47           11.35
              74            9.06           12.12
              75           77.91           13.35
              76          -30.34           11.24
              77          -3.263           10.82
              78           65.48            12.3
              79           72.28           13.15
              80          -58.85           12.48
              81          -59.07           11.27
              82           -4.81           11.51
              83           61.48           11.26
              84          -61.31            12.2
              85          -59.42           11.27
              86           25.39              11
              87           67.34           11.31
              88          -54.22            11.4
              89          -29.16           11.34
              90           19.55           10.73
              91           61.59           12.58
              92          -47.38           11.02
              93          -16.26           11.75
              94           43.88           10.71
              95           79.52           13.03
              96          -69.53           12.33
              97          -48.13           11.78
              98           26.44           13.23
              99           52.07           12.87
             100          -48.07           11.92
             101          -25.25           11.65
             102           22.88            12.2
             103           62.23           12.53
             104          -62.75           11.62
             105          -23.64           11.52
             106           27.98           12.17
             107           83.88           13.61
             108             -36           11.29
             109           11.06           12.02
             110           57.12           12.34
             111           89.53           13.38
             112          -56.28           12.05
             113          -39.94           11.23
             114         -0.2224           11.21
             115           60.47           11.49
             116           -65.4           11.55
             117          -14.77           10.85
             118           25.16           10.68
             119           77.87           11.66
             120          -61.39           11.42
             121           5.146           10.78
             122           45.29           10.91
             123           82.11           12.74
             124          -39.16           10.85
             125           5.509           12.35
             126           51.02           10.88
             127           107.6           13.32
APV              146              15              11               1
               0           79.06           51.65
               1          -39.08           42.81
               2          -13.33           23.75
               3          -22.14           20.16
               4          -96.97           14.21
               5          -71.08           12.32
               6          -6.251           12.94
               7           41.65           12.78
               8          -44.78           12.67
               9          -24.98           12.77
              10            46.3           12.64
              11           81.16            13.3
              12          -46.08           12.77
              13           -22.8           12.29
              14           40.14           12.35
              15           79.79            13.1
              16          -48.64           13.68
              17           -49.1           12.33
              18          -2.745           14.94
              19           29.21              12
              20          -70.82           13.16
              21          -31.61           11.82
              22           26.55           15.69
              23           38.53           11.65
              24          -37.84           12.67
              25          -29.09           12.37
              26           30.93           12.02
              27           43.64           12.52
              28          -76.18           12.12
              29          -30.31           12.04
              30           25.08           11.66
              31           73.43           12.83
              32          -40.91           13.73
              33          -23.38           12.69
              34           17.34           12.46
              35           58.67           13.28
              36          -40.44           13.18
              37          -34.03           12.41
              38           28.32           12.74
              39           61.51           12.76
              40          -63.31           13.18
              41          -22.91           12.82
              42           35.37           13.15
              43           49.86           13.47
              44          -47.26           12.85
              45          -21.44           12.39
              46           44.22           12.25
              47           82.63           14.83
              48          -63.03           13.65
              49          -19.33            11.9
              50           5.743           13.71
              51           49.21           12.13
              52          -52.49           12.67
              53          -8.745           11.28
              54           31.03           15.82
              55           65.32           12.04
              56          -46.76           12.63
              57          -28.22              12
              58           44.73           12.13
              59           70.11           12.84
              60          -30.96           11.82
              61          -31.02           12.12
              62           37.31           11.53
              63           68.36           13.21
              64          -64.86           13.16
              65          -46.34           12.42
              66           2.955           12.75
              67           46.08           13.51
              68          -70.99           12.94
              69          -7.664           12.01
              70           26.24           13.18
              71           31.91           12.66
              72          -38.09           12.65
              73          -15.58           12.11
              74           35.78           12.92
              75           64.27           13.32
              76          -60.86           12.57
              77          -17.07           12.14
              78            24.6           12.42
              79           55.32           13.61
              80          -39.06           13.53
              81          -40.47           12.06
              82          0.1262           12.36
              83           32.75           11.78
              84           -53.4           13.31
              85          -46.99           11.89
              86           12.88           11.32
              87           45.34           11.89
              88          -49.77           12.45
              89          -38.15           11.96
              90           18.13           11.36
              91           52.16           12.99
              92          -55.39           12.06
              93             -12           12.28
              94           26.94           11.29
              95           87.06           13.44
              96          -47.11            13.2
              97          -17.94           12.31
              98          -2.919           13.42
              99            42.8           13.45
             100          -41.58           13.22
             101          -26.26           12.12
             102            24.5           12.91
             103              53           12.98
             104          -35.51           12.76
             105          -35.38           12.42
             106           28.24            12.8
             107           37.05           13.35
             108          -37.64           12.43
             109          -28.51           12.37
             110           50.13           12.71
             111           94.26              14
             112          -55.27           13.24
             113          -30.94           12.15
             114           12.02           11.72
             115           38.47           11.97
             116          -31.11            12.4
             117          -12.24           11.29
             118           22.63           11.39
             119           50.06           12.15
             120          -62.82           12.22
             121          -43.96           12.19
             122           37.05           11.33
             123           70.85           12.98
             124          -32.34           11.82
             125           7.257           12.73
             126           61.23           11.64
             127           112.1           14.18
APV              146              14              10               0
               0           98.43           53.38
               1           -16.3           43.86
               2           1.449            23.4
               3          -19.31           19.93
               4          -119.5           13.59
               5          -38.18           12.41
               6          -5.825           12.21
               7           6.172           11.42
               8          -56.23           11.99
               9          -11.96           12.13
              10           3.773           11.84
              11            2.29           11.82
              12          -31.08           12.56
              13           22.07           12.49
              14           9.788           11.55
              15           24.71            12.3
              16          -8.417           12.29
              17          -39.62           11.59
              18           31.22           12.61
              19           39.42           11.56
              20          -69.45           11.99
              21          -5.805           11.32
              22           11.46           11.19
              23           28.85           11.18
              24          -68.11           12.03
              25           15.57           11.96
              26           4.769           11.06
              27           19.93           11.68
              28          -43.23           11.77
              29           10.16           12.44
              30           4.865           10.83
              31           16.54           11.74
              32          -38.99           12.14
              33          -26.28           12.17
              34           15.35           11.79
              35           11.81           11.84
              36          -68.63           12.16
              37           4.886           11.36
              38           13.46           11.71
              39           17.34           11.95
              40          -21.28           12.52
              41           39.67           12.99
              42           14.55           12.14
              43           7.544           12.13
              44          -54.86           12.13
              45            10.9           13.47
              46           35.43              12
              47            37.4           12.58
              48           -43.1           12.09
              49          -18.82           11.61
              50           14.39           11.86
              51           12.73           11.09
              52          -64.54           11.86
              53          -7.763           11.24
              54           1.552           11.02
              55           13.45           11.11
              56          -39.87           11.78
              57           3.569           11.86
              58            7.57           11.26
              59           6.377           11.44
              60           -32.2           11.31
              61           6.068           13.46
              62           6.043           10.68
              63           23.31           12.41
              64          -35.79           12.43
              65          -12.54           11.47
              66           2.483           11.87
              67           17.16           11.77
              68          -63.16           12.39
              69          -10.65           11.48
              70           20.35           11.73
              71           30.66           11.75
              72          -32.62              12
              73           34.96           11.76
              74          -5.706           11.26
              75           33.52           12.36
              76          -28.95           11.48
              77           19.63           11.34
              78          -1.156           11.28
              79           20.42           12.38
              80          -58.02           12.31
              81           -10.2           11.39
              82          -3.974           10.93
              83           29.84           11.41
              84          -41.83           12.17
              85           4.209           11.07
              86            7.57           10.98
              87           5.551           10.77
              88          -42.85           11.85
              89           19.64           11.65
              90           9.746           10.94
              91            16.4           11.87
              92           -11.6           10.99
              93          -5.113           10.98
              94          -16.43           10.89
              95           60.14           12.34
              96          -42.95           12.22
              97           -7.73           11.22
              98           2.504           12.05
              99           30.86           12.41
             100           -45.8           12.05
             101           17.02            11.3
             102           10.67           11.62
             103           7.141            11.7
             104           -46.5           12.25
             105           39.29           12.32
             106           24.74           12.06
             107           38.26           12.55
             108          -40.35           11.52
             109            6.41           11.63
             110           10.91           11.42
             111           66.23           12.88
             112           -41.1           12.07
             113          -6.907           11.22
             114           26.18           11.74
             115           30.36           11.36
             116          -37.77           11.72
             117           10.63           10.93
             118           0.386           10.54
             119           22.11           11.35
             120          -29.55           11.78
             121           25.56            11.3
             122           24.09           11.22
             123              21           11.83
             124           -19.3           11.13
             125           -7.54           11.46
             126          -7.006           10.46
             127           114.6           12.78
APV              146              14              10               1
               0           38.81            53.7
               1           -50.8           44.81
               2           16.44           24.05
               3           30.76           20.39
               4          -165.7           12.93
               5          -69.31           11.63
               6           34.62           12.91
               7           51.89           12.29
               8          -85.79           11.64
               9          -51.03           11.36
              10           28.51           11.77
              11            70.2           12.41
              12          -105.4           11.47
              13          -20.03           11.25
              14           43.14           11.76
              15           83.74           12.45
              16          -82.67            11.7
              17          -56.93           11.14
              18         -0.5808           12.18
              19           61.78           11.34
              20          -124.8           11.66
              21           -57.3           11.16
              22           20.39           11.07
              23            70.2           11.61
              24          -87.37           11.56
              25           -17.2           11.23
              26           48.19           11.19
              27           64.63           11.66
              28             -96              11
              29          -28.72           11.05
              30           58.93           10.93
              31           61.15           11.76
              32          -67.27            11.7
              33          -62.69           12.14
              34           6.806           11.68
              35           59.53           12.14
              36          -102.1           11.86
              37          -62.38           11.51
              38            46.5           12.09
              39           60.08           12.37
              40          -105.1           12.03
              41          -23.67            11.7
              42           51.93           12.35
              43           79.52           12.77
              44          -98.27           11.63
              45          -5.443           11.63
              46           64.82           11.64
              47           76.76           12.73
              48          -85.44           11.58
              49          -70.78           11.17
              50           8.699           11.84
              51           40.46           11.22
              52          -74.34           11.25
              53           -52.8           10.87
              54           25.51           10.99
              55           80.02           11.68
              56            -112           11.21
              57          -25.36           11.03
              58           16.75           10.96
              59           79.94            11.8
              60          -59.43           11.01
              61           -10.2            10.6
              62           48.12           10.86
              63           79.46           12.12
              64          -78.85           11.82
              65          -47.86           11.19
              66           35.28           12.26
              67           52.62           11.71
              68          -77.23           11.47
              69          -16.89           10.87
              70           55.13           11.98
              71            70.6           11.82
              72           -87.3           11.59
              73          -15.86           11.09
              74           45.64            11.8
              75           74.23            12.2
              76             -82           11.36
              77          -11.06           10.76
              78           52.11           11.42
              79           86.71           12.56
              80          -83.44           11.71
              81          -55.01           11.07
              82           13.36           11.18
              83           64.75           11.27
              84          -67.96           11.68
              85          -29.06           10.92
              86           48.39           10.84
              87           65.24           11.03
              88          -90.62           11.45
              89          -18.03           10.96
              90           34.54           10.84
              91           70.83           11.56
              92          -88.56           10.95
              93          -7.876            10.8
              94           52.76           10.62
              95           100.5           12.55
              96          -102.7           11.92
              97          -51.06            11.6
              98            45.6           12.39
              99           55.05           12.08
             100          -87.49            11.8
             101          -35.88           11.44
             102           47.66           11.84
             103           84.86           11.97
             104          -91.06            11.7
             105           2.086           11.18
             106           59.72           11.91
             107           68.53           12.26
             108          -63.38            11.2
             109           6.058           11.22
             110           67.82           11.76
             111           106.9           12.65
             112          -86.56           11.43
             113          -25.93           11.12
             114           35.98           11.25
             115           43.74           11.19
             116          -104.7           11.41
             117          -33.95           10.72
             118           10.59           10.51
             119           84.71           11.26
             120          -102.5            11.3
             121          -15.76           10.76
             122           44.05           10.88
             123           58.59           11.47
             124          -58.09           10.87
             125          -5.761           11.02
             126           47.97           10.54
             127           121.3           12.69
APV              146              14              10               2
               0           66.14           47.09
               1          -24.81           38.94
               2          -22.74            21.2
               3          -3.498            17.9
               4          -107.2           12.34
               5          -45.81           10.88
               6          -10.59           11.86
               7           53.62           11.29
               8          -43.65           10.96
               9          -34.09           11.12
              10         -0.7616           10.63
              11           61.75           11.52
              12          -39.89           11.38
              13           -22.3           10.83
              14           30.38            10.8
              15           59.43           11.06
              16          -33.14           11.09
              17          -25.32           10.52
              18           -6.57           11.45
              19           40.09            10.5
              20          -24.25           10.95
              21          -21.77           10.37
              22           -5.98           10.19
              23           42.02           10.37
              24          -43.39           10.72
              25          -43.52           10.33
              26           2.063            10.3
              27           59.24           11.09
              28          -42.08           10.43
              29           -41.5           10.36
              30           21.89           10.22
              31           87.99           10.87
              32          -38.14           11.31
              33           -47.8            11.2
              34          -5.545            10.8
              35           59.95           11.23
              36          -53.21           11.24
              37          -18.33           10.77
              38          -14.18           10.84
              39           76.11           11.33
              40          -37.94           11.32
              41          -36.29           11.05
              42           18.37           11.61
              43           73.73           11.75
              44          -33.22           11.26
              45          -30.24           11.25
              46           33.72           10.95
              47           83.86           11.72
              48          -46.29           11.08
              49          -14.27           10.39
              50         -0.9846           10.69
              51           52.97           10.68
              52          -37.89           10.67
              53          -38.41           10.29
              54           2.574           10.09
              55           54.17           10.25
              56          -58.02           10.55
              57          -41.44           10.64
              58           1.441           10.16
              59           74.62           11.07
              60          -27.48           10.35
              61          -38.79           10.88
              62           13.75           9.893
              63           110.8           11.51
              64          -22.65           11.19
              65          -19.71           10.66
              66           1.696           11.07
              67           72.94           10.99
              68           -48.5           11.13
              69          -29.26            10.5
              70          -2.487           10.81
              71           67.25           11.01
              72          -33.34           10.96
              73          -14.14           10.71
              74            7.11           10.68
              75           86.96           11.46
              76          -23.18           10.78
              77          -17.69           10.39
              78            40.2           10.75
              79           96.62            11.4
              80          -25.32            11.2
              81          -25.94           10.69
              82           12.99           10.54
              83           55.49           10.51
              84          -46.46           10.93
              85          -20.29           10.15
              86           25.16           10.04
              87           49.17           10.23
              88          -18.82           10.62
              89          -41.61           10.45
              90           22.62           10.36
              91           65.43           10.87
              92           -27.8           10.35
              93          -35.02           10.21
              94           47.94           9.865
              95           112.8           11.31
              96           -21.4           11.11
              97          -21.01           10.86
              98          -2.839           11.33
              99           36.79           11.45
             100          -46.15           11.21
             101          -20.37           10.42
             102           12.41           10.86
             103           74.41           10.98
             104          -35.91           11.06
             105          -8.195            10.9
             106           34.58           10.89
             107           81.48           11.29
             108          -25.46           10.71
             109          -5.748           10.45
             110           39.57            10.7
             111             114            11.9
             112          -28.47           10.84
             113          -19.95           10.32
             114          -7.528           10.27
             115           56.91           10.21
             116          -55.77           10.51
             117          -21.61           9.943
             118           9.483            9.76
             119           74.53           10.38
             120          -37.97           10.61
             121          -27.68           10.46
             122           19.44           10.05
             123           67.42           10.87
             124          -21.99           10.09
             125          -24.85           10.59
             126           45.18            9.89
             127           114.5           11.61
APV              146              13               9               0
               0           83.82           53.21
               1          -30.95            43.4
               2          -5.284           22.81
               3          -9.037           18.87
               4          -127.5           12.44
               5          -64.84           10.76
               6          -20.23           11.77
               7           28.19           11.04
               8          -28.76           10.78
               9          -36.27           10.71
              10          -1.046           10.44
              11           52.36           11.18
              12          -33.07            10.9
              13          -29.12           10.57
              14           8.456           10.57
              15           76.87           11.25
              16          -21.33           10.82
              17          -23.33           10.38
              18          -13.42            11.2
              19           49.46           10.48
              20          -52.18           10.79
              21           -41.4           10.27
              22          -4.721           10.07
              23           62.33           10.57
              24          -33.52           10.58
              25          -50.24           10.35
              26           14.43           10.12
              27           50.66           11.12
              28           -33.6           10.16
              29           -32.2           10.23
              30           27.31           10.17
              31           58.03           10.97
              32          -35.34           11.04
              33          -28.42           10.96
              34           6.783           10.85
              35           28.22           10.93
              36          -12.83           10.85
              37          -41.34           10.54
              38           5.414           10.55
              39           44.01           11.09
              40          -45.11           11.22
              41          -22.85           10.75
              42           24.94           11.47
              43           60.47           11.56
              44          -47.29           10.48
              45          -27.32           10.98
              46           33.61           10.84
              47           67.06           11.48
              48          -43.85            10.5
              49           -41.3           10.39
              50           2.551           10.39
              51           56.63           10.37
              52          -27.64           10.57
              53          -26.84           10.16
              54           17.04           10.17
              55           60.76            10.3
              56          -56.42           10.47
              57          -30.43           10.29
              58           15.35           10.41
              59            69.5           10.84
              60          -27.77           10.08
              61          -18.17           10.22
              62           34.56           10.29
              63           94.42           11.16
              64          -7.564           10.91
              65          -22.97           10.63
              66           5.486            10.7
              67           51.79           10.87
              68          -15.13           10.73
              69          -32.02            10.3
              70           13.02           10.81
              71           54.48           10.96
              72          -34.92            10.7
              73          -12.44           10.32
              74           20.94            10.9
              75           69.94           11.12
              76          -36.14           10.66
              77          -31.77           10.38
              78           33.44           10.78
              79           87.24           11.39
              80           -39.2           10.89
              81          -9.192           9.961
              82          -6.237           10.09
              83           17.41           10.11
              84          -36.21           10.86
              85          -46.04           9.942
              86          -11.56           9.915
              87           71.87           10.28
              88          -19.39            10.5
              89          -9.514           10.03
              90           24.15           9.916
              91            54.1           10.76
              92          -51.15           10.16
              93          -24.86           10.24
              94           26.84           10.04
              95           100.3           11.23
              96          -23.26           10.93
              97          -9.651           10.46
              98            8.37           11.06
              99            46.5            11.4
             100             -27           10.92
             101          -23.59           10.35
             102            8.78           10.45
             103           69.66           10.92
             104           -35.5           10.93
             105          -16.58           10.89
             106           33.33           11.04
             107           68.59           11.38
             108          -34.96           10.43
             109           -11.1           10.44
             110           45.06           10.66
             111           109.7           11.67
             112          -12.16            10.8
             113          -40.07           10.33
             114           -2.14           9.942
             115           20.77           10.28
             116          -31.71           10.35
             117          -36.86            10.1
             118           8.989           9.669
             119           67.34           10.55
             120          -28.01           10.47
             121          -24.49            10.3
             122           38.92           9.889
             123           66.06           11.01
             124          -31.71           10.04
             125           -20.7           10.14
             126            42.3           9.944
             127           136.6           11.64
APV              146              13               9               1
               0           75.96           53.52
               1           -20.5           43.86
               2           1.901           22.77
               3          -2.085            19.4
               4          -129.5           12.09
               5          -45.16           10.89
               6          -30.73            11.7
               7           16.67           11.03
               8          -54.06           10.72
               9          -43.98            10.8
              10           11.96           10.82
              11           44.35           11.28
              12          -68.24           10.78
              13          -38.94           10.82
              14            26.5            10.9
              15           82.93           11.35
              16          -26.16           10.96
              17          -26.96            10.6
              18           1.752           10.67
              19           22.24           10.63
              20          -42.33           10.62
              21           -36.9           10.28
              22          -12.93           10.16
              23           63.17           10.82
              24          -68.19           10.72
              25          -27.84           10.29
              26           38.84           10.27
              27           103.9            11.1
              28          -50.95           9.953
              29          -25.86           10.44
              30           21.22           10.25
              31           84.71           10.98
              32          -28.01            10.9
              33          -58.67           11.04
              34           4.248           10.74
              35           37.42            11.3
              36          -45.49           11.02
              37          -37.54           10.44
              38           11.75           10.63
              39           75.88           11.52
              40          -39.56           11.23
              41          -30.09           10.99
              42           1.225           10.89
              43            84.6           11.75
              44          -68.35           10.77
              45          -16.84           11.15
              46           36.88           10.76
              47             100           11.83
              48           -43.3           10.53
              49          -19.44            10.4
              50          -2.937           10.37
              51           45.02           10.66
              52          -64.48           10.23
              53          -67.12           10.25
              54           15.56           10.12
              55           64.83            10.6
              56          -72.49           10.46
              57          -13.76           10.32
              58           31.42           10.32
              59            72.3            10.9
              60          -51.41           10.03
              61          -11.55           10.39
              62           30.94              10
              63           97.13           10.99
              64          -34.91           10.71
              65          -22.02           10.37
              66           10.42           10.82
              67           60.03              11
              68          -54.21           11.01
              69             -12           10.38
              70           -5.23           10.38
              71           63.31           10.99
              72          -56.95           10.86
              73          -10.95           10.34
              74            13.6           10.44
              75           78.69           11.41
              76          -53.38           10.44
              77            2.72           10.07
              78           40.12           10.67
              79           112.2           11.71
              80          -23.03           10.79
              81          -41.14           10.38
              82          -5.389           10.06
              83           51.12           10.44
              84          -32.14           10.83
              85          -24.75           10.14
              86           7.471           9.605
              87            56.6           10.34
              88          -35.57           10.51
              89          -13.15           10.13
              90           9.987           9.518
              91           68.92           10.88
              92          -32.96           10.18
              93          -13.33            10.3
              94           42.56           9.921
              95           121.5           11.46
              96          -39.28           11.06
              97          -52.29           10.64
              98           6.483           10.93
              99           65.02           11.37
             100          -54.76           10.68
             101          -30.89           10.65
             102           30.97           10.85
             103           72.92           11.01
             104          -42.37           10.58
             105          -14.52           11.15
             106           40.93           10.69
             107           112.2            11.6
             108          -62.04           10.31
             109           -6.44           10.36
             110           45.37           10.62
             111           129.4           11.77
             112          -51.97           10.62
             113          -27.49           10.24
             114           25.97           10.49
             115           63.31           10.28
             116          -60.98           10.41
             117          -30.85           10.04
             118           15.51             9.8
             119           55.86           9.991
             120          -54.62           10.48
             121          -3.182           10.02
             122           43.07           9.842
             123           106.5           10.91
             124          -52.09           9.873
             125          -3.451           10.15
             126           29.49           9.999
             127             151           11.64
APV              146              13               9               2
               0           70.27           46.88
               1           28.66           38.53
               2           13.52           21.07
               3          -44.71            18.1
               4           -96.3           12.63
               5          -12.26           10.88
               6          -8.213           11.54
               7          -8.817            11.2
               8          -38.61            11.1
               9           8.794           10.75
              10           -13.5           10.78
              11           23.77           11.48
              12          -18.38            11.1
              13           7.524           10.36
              14           7.055           10.85
              15           33.29           11.68
              16          -42.02           11.18
              17          -4.067           10.39
              18           16.49            11.5
              19          -8.145           10.44
              20          -30.33           11.29
              21           3.954           10.28
              22           -25.8           10.39
              23           10.45           10.44
              24          -12.17           10.79
              25           19.87           10.99
              26          -9.541           10.05
              27           4.277           10.81
              28          -30.55           10.72
              29          -9.565           10.48
              30          -13.67           10.32
              31            52.1           11.49
              32          -9.993           11.13
              33          -17.39           11.23
              34          -6.826           10.85
              35          -5.901           10.95
              36          -15.16           11.13
              37          -7.372           10.62
              38          0.1722           10.67
              39          -10.12           11.19
              40          -28.38           11.74
              41           9.947           11.04
              42          -3.028            11.1
              43           19.49            11.6
              44          -20.76            11.3
              45          -5.819           11.14
              46           10.55           10.96
              47           50.62           11.82
              48          -20.04           11.03
              49          -5.324           10.36
              50          -1.954           10.75
              51          -21.83           10.53
              52          -18.48           10.77
              53          -12.62            10.2
              54          -11.72           9.942
              55           9.936           10.44
              56          -15.61           10.59
              57          0.8674           10.16
              58          0.8236           9.909
              59           25.93           10.91
              60          -18.11           10.31
              61          -9.732           10.53
              62           1.624           9.908
              63           57.87           11.55
              64             -20           11.37
              65             4.2            10.6
              66           5.702           11.11
              67           28.24            11.3
              68          -15.83           11.13
              69          -7.708           10.38
              70           1.395           10.86
              71            25.1            11.2
              72          -4.483           10.87
              73           16.79           10.89
              74            -6.5           10.62
              75           56.61           11.59
              76          -21.78           10.71
              77           5.182           10.23
              78            5.68           10.35
              79           71.76           11.63
              80          -17.22           11.27
              81           9.967            10.5
              82           2.588           10.24
              83           10.99           10.39
              84          -15.38           10.94
              85          -9.977           10.37
              86          0.4816            9.84
              87           26.63           10.47
              88          -24.38           10.85
              89           1.236           10.25
              90           4.112           9.715
              91           29.03           11.15
              92          -12.85           10.25
              93          -23.73           10.55
              94           30.06           10.31
              95           71.76           11.45
              96          -22.87           11.25
              97           1.842           10.94
              98          -13.67           11.18
              99           8.921           11.16
             100          -27.47           11.23
             101          -2.175            10.3
             102          0.8248           10.56
             103            34.5            11.2
             104          -21.19            11.3
             105          -6.357           10.73
             106           7.643           10.88
             107           52.07           11.49
             108          -20.98           10.86
             109           13.53            10.8
             110           21.83           10.91
             111           74.01           11.88
             112          0.0032           10.76
             113          -6.898           10.31
             114           16.63           10.57
             115           11.19           10.33
             116          -28.34           10.81
             117          -8.793           9.927
             118          -6.608            9.76
             119           36.61           10.58
             120          -22.98           10.78
             121             -12           10.28
             122           1.829           9.803
             123            43.1           11.22
             124           5.847           10.23
             125          -2.451           10.47
             126           27.83           10.23
             127           84.91            11.8
APV              146              10               8               0
               0             134           49.63
               1          0.0662           40.81
               2          -34.46           22.98
               3          -37.24            20.1
               4          -65.97           13.37
               5           -60.8           12.35
               6          -48.42            13.4
               7           12.87           12.67
               8          -31.11           12.02
               9           -19.7           12.22
              10          -8.312           11.99
              11            42.6           12.45
              12          -22.39           12.35
              13          -54.27           11.92
              14           10.23           12.15
              15           44.87           12.91
              16            23.2           12.32
              17          -9.147           11.68
              18          -12.37           12.43
              19           2.637           11.62
              20           5.755           11.89
              21          -9.945            11.6
              22          -34.53            11.8
              23           3.107           11.16
              24          -2.602           11.71
              25          -22.17           11.94
              26          -20.84            11.6
              27           44.03           11.92
              28          -12.84           11.58
              29           -24.7           11.83
              30          -15.82           11.54
              31           40.38           12.69
              32           4.768           11.96
              33          -17.39           12.35
              34          -11.01           12.09
              35         -0.1534           12.27
              36           8.221           11.69
              37          -7.664           11.66
              38          -7.133           12.05
              39           8.574           12.25
              40          -9.046           12.37
              41          -18.88           12.43
              42           -24.7           12.66
              43           47.96           12.76
              44         -0.9192           11.89
              45           -26.6           12.54
              46          -5.299           11.68
              47           58.17           13.33
              48          -1.711           11.57
              49          -17.02           11.66
              50          -26.11           12.17
              51           28.82           11.53
              52          -22.44           11.74
              53          -14.01            11.3
              54          -14.77            11.5
              55           14.34            11.1
              56          -4.223           11.11
              57          -34.98           12.06
              58           11.27           11.77
              59           28.09              12
              60          -18.22           11.75
              61           -47.8           12.03
              62           27.71           11.48
              63            69.9           12.93
              64           11.26           12.17
              65           3.701           11.71
              66           11.43           12.47
              67           13.97           12.22
              68           -22.4           12.03
              69             4.1           11.38
              70           12.79           12.39
              71           46.36           12.39
              72          -2.919           12.09
              73          -8.321           11.88
              74          -7.334           12.01
              75           26.95            12.6
              76          -14.72           11.57
              77          -18.65           11.65
              78           19.24           11.97
              79           58.16           13.17
              80          -6.335           11.74
              81          -10.97           11.56
              82          -13.71           11.73
              83           20.91           11.63
              84           3.221           11.94
              85           -26.8           11.66
              86           1.122           11.15
              87            30.1           11.66
              88           -11.5           11.64
              89           -7.51           11.68
              90           22.91            11.4
              91           27.39           12.29
              92          -23.98            11.4
              93          -17.22            11.8
              94           20.48           11.21
              95           75.05           12.71
              96           2.383           11.83
              97          -37.58           12.24
              98          -6.148            12.4
              99           10.22           12.39
             100          -10.71           11.79
             101           2.242           11.67
             102          -6.674           11.94
             103            43.8            12.7
             104           1.047            11.9
             105           -10.3           12.17
             106           19.47            12.1
             107           36.68           12.59
             108          -8.253           11.66
             109           2.449           11.88
             110           14.66           12.32
             111           87.41           13.15
             112          -2.543            11.4
             113          -40.22           11.78
             114           7.745           11.47
             115           6.074           11.41
             116          -13.51           11.75
             117          -2.922           10.85
             118           6.701           10.87
             119           42.11           11.89
             120          -16.45            11.6
             121          -23.56           11.96
             122           6.086           11.14
             123           41.31           12.37
             124          -23.64           11.45
             125          -24.39           12.03
             126           46.34           11.67
             127           111.1           13.14
APV              146              10               8               1
               0           91.11           49.47
               1          -46.93           43.19
               2          -22.33           22.47
               3          -2.896           19.13
               4          -77.87           13.02
               5          -59.81           11.71
               6          -18.07            12.5
               7           21.83           12.37
               8          -33.37           11.72
               9          -41.38           11.75
              10           14.85           11.64
              11           71.14           12.44
              12          -31.56           12.12
              13          -30.22           11.48
              14           33.69           12.05
              15            72.3           12.19
              16           0.342           11.53
              17          -72.05           11.74
              18          -13.52           12.25
              19           65.08           11.67
              20          -35.59            11.6
              21          -69.16           11.06
              22          -21.75           11.08
              23           45.72           11.09
              24          -33.93           11.64
              25          -49.78           11.37
              26           7.881            10.8
              27           58.88           11.88
              28          -63.46           11.45
              29          -28.03           11.27
              30            32.6           11.24
              31           56.26           11.81
              32          -43.74           12.12
              33          -47.22           11.81
              34           19.46           11.87
              35           23.37           12.14
              36          -52.04           12.05
              37          -54.55            11.4
              38          -1.871           11.54
              39           64.23           12.08
              40          -38.16           12.24
              41           -23.4           11.87
              42           30.95           12.53
              43           69.82           12.58
              44          -46.46           12.01
              45          -28.49           11.85
              46           50.74           11.96
              47           91.09            12.6
              48           -36.9           11.78
              49          -29.42           11.47
              50          -7.723           11.68
              51           16.95           11.19
              52           -32.6           11.71
              53          -33.48           11.18
              54           7.759           10.88
              55           57.13           11.26
              56          -52.44           11.38
              57           -18.3           11.31
              58           35.64           11.08
              59           47.72           11.91
              60          -39.74           11.79
              61          -30.13           11.43
              62           17.38           10.61
              63           94.89           11.88
              64            3.73           11.77
              65          -23.42           11.32
              66           24.46           12.15
              67           57.13           12.11
              68          -20.41           11.48
              69          -36.69           11.24
              70           1.644           11.61
              71           48.99           12.01
              72          -20.32           11.76
              73          -26.27           11.28
              74           16.32           11.77
              75           79.26           12.16
              76          -27.46           11.42
              77          -45.08           11.25
              78           37.94           11.59
              79           81.14           12.41
              80          -36.34           11.98
              81          -49.48           11.28
              82           21.31           11.49
              83           49.29           11.02
              84          -31.78           11.69
              85          -34.39           11.29
              86           32.03           10.77
              87           43.07           11.19
              88          -29.73           11.56
              89          -37.38           11.36
              90               5           10.69
              91           81.03           11.84
              92          -23.46           11.07
              93          -54.54           11.43
              94           37.94           11.14
              95           98.65           12.19
              96           -14.1           11.71
              97          -18.22           11.42
              98            7.37           11.92
              99           63.71           12.51
             100           -38.3           12.02
             101          -27.19           11.27
             102           15.53           11.74
             103           79.79            12.1
             104          -43.27           12.06
             105          -33.54           11.84
             106           60.97           12.04
             107           66.55            12.4
             108          -22.56           11.38
             109           7.183           11.61
             110           57.75           11.98
             111             132           12.88
             112          -33.22           11.57
             113          -31.85           11.02
             114             2.6           10.93
             115           40.04           11.05
             116          -52.71           11.75
             117          -33.26           10.95
             118          -13.38           10.61
             119           58.05           11.26
             120          -36.39           11.53
             121          -25.05           11.19
             122           30.04           10.86
             123           53.14           11.67
             124          -8.416           10.82
             125          -0.757           11.18
             126           25.95           10.97
             127           150.7           12.32
APV              146              10               8               2
               0           58.33           45.84
               1          -27.33           38.04
               2          -35.75           21.53
               3           10.87           18.35
               4          -122.9           13.01
               5           -71.3              12
               6          -14.44            12.8
               7            54.4           12.41
               8          -60.04           11.94
               9          -26.97              12
              10           19.85           12.28
              11              90           12.69
              12          -55.03           12.24
              13          -31.51           11.79
              14           11.63           11.75
              15           92.88           12.64
              16          -44.37           12.34
              17           -42.8           11.67
              18           2.342           12.22
              19           42.08           11.81
              20          -68.67           12.16
              21          -51.15           11.55
              22          -2.212           11.12
              23           45.53            11.3
              24          -48.59           11.85
              25          -57.73            11.7
              26           8.752           11.09
              27            76.3           11.94
              28          -55.24           11.59
              29           -20.2           11.28
              30           42.29           11.39
              31           116.4           12.28
              32          -43.26           12.13
              33          -51.74           12.34
              34          -11.83           12.32
              35           70.14           12.67
              36          -73.41           12.12
              37          -51.01           11.77
              38           16.95           12.16
              39           82.79           12.85
              40           -61.1           12.51
              41          -29.37           12.06
              42           13.99           12.34
              43           96.03           12.89
              44          -58.28           12.06
              45         -0.0008           11.64
              46           43.27           11.93
              47           122.7           13.03
              48          -69.18           11.85
              49          -55.85           11.51
              50          -25.29            12.2
              51           61.44           11.55
              52          -59.03           11.56
              53          -53.22              11
              54          0.3388           10.87
              55           62.34           11.76
              56          -64.45           11.52
              57           -40.1           11.42
              58           31.58            11.5
              59           89.37           12.31
              60          -67.22           11.48
              61          -25.84           11.56
              62           54.47           11.34
              63           100.3           12.45
              64           -36.7           11.99
              65          -20.17           11.49
              66          -5.118           12.28
              67           52.55           12.22
              68          -50.45           12.08
              69          -28.98           11.54
              70           10.88            12.1
              71           79.92           12.25
              72          -51.52           11.82
              73           1.718           11.27
              74           19.53           12.31
              75           101.3           12.23
              76          -30.26           11.69
              77          -9.559            11.2
              78           45.05           11.82
              79           117.9           12.92
              80          -52.17           12.14
              81          -34.49           11.33
              82          -8.497           11.33
              83           69.18           11.43
              84          -63.95           12.27
              85          -20.11           11.31
              86           13.44           10.84
              87           89.47           11.48
              88          -30.34           11.79
              89          -46.28           11.82
              90           25.17           11.21
              91           95.09           11.86
              92          -49.75           11.45
              93          -14.37           11.49
              94           48.28           10.94
              95           161.1           12.62
              96          -64.06           12.09
              97           -45.8           11.97
              98           28.96           12.63
              99           64.49           12.57
             100          -34.38           12.17
             101          -31.04           11.65
             102           26.86           12.09
             103           90.61           12.53
             104          -60.57           12.26
             105          -20.41           12.01
             106           55.73           12.18
             107           116.1           12.74
             108          -56.37           11.63
             109          -5.598           11.52
             110            65.4           12.27
             111           153.9           12.84
             112          -38.78           11.71
             113          -38.76           11.35
             114           6.421           11.31
             115           63.13           11.65
             116          -71.46           11.68
             117          -35.62           11.01
             118           25.01           12.88
             119           98.69           11.46
             120          -30.29           11.74
             121          -27.08           11.53
             122           43.66           11.27
             123           109.8           11.93
             124          -54.76           11.19
             125          -34.56           11.65
             126           56.32           11.15
             127           182.3           12.79
APV              146               9               7               0
               0           108.9           44.08
               1          -6.864           27.29
               2          -38.13           19.52
               3          -93.52           14.36
               4          -49.88           12.13
               5          -20.79           11.46
               6           -31.7           12.33
               7           39.96           11.61
               8           -3.16           10.96
               9           5.805           11.37
              10          -0.736           11.18
              11           12.64           11.34
              12          -20.76            11.4
              13          -23.18           11.31
              14           6.891              11
              15           22.35           11.67
              16          0.9078           11.18
              17          -4.026           10.87
              18          -21.62           12.06
              19           10.96           10.85
              20          -16.35           11.25
              21          -27.33           10.93
              22          -10.31           10.69
              23           33.79           10.97
              24           3.513           11.14
              25          -10.57           11.05
              26          -13.42           10.88
              27           22.78           11.47
              28          -39.42           11.09
              29          -22.41           11.09
              30           12.72            10.5
              31           47.32           11.39
              32           19.55           11.51
              33           -8.38            11.4
              34          -1.222           11.26
              35           37.77           11.73
              36          -1.775            11.3
              37           9.003           11.16
              38         -0.3786           11.35
              39           27.53           11.77
              40          -10.18           11.55
              41          -21.84           11.71
              42           7.065           11.75
              43           29.34           11.89
              44           -20.1           11.45
              45          -25.38           11.65
              46           4.187           10.94
              47           38.75           12.18
              48          -18.07            11.4
              49          -13.74           10.84
              50          -30.05            11.5
              51           7.572           10.77
              52          -7.883            10.9
              53          -7.428           10.62
              54          -8.532           10.41
              55           35.01           11.13
              56          -26.14           11.17
              57           -12.5           10.68
              58          -2.526           10.75
              59           12.88           11.06
              60          -9.821           10.57
              61          -2.974           10.52
              62           18.18           10.58
              63           52.98           12.02
              64           -17.2           11.74
              65           17.62           11.38
              66           6.936           12.16
              67           24.81           11.52
              68          -17.55            11.4
              69          -4.592           10.78
              70           2.667           11.42
              71           32.66           11.61
              72          -13.49           11.42
              73          -12.42           11.11
              74          -1.686           11.31
              75           16.74           11.33
              76          -5.918           10.72
              77          -47.02           11.23
              78          -8.525            11.2
              79           40.08           12.05
              80          -14.97           11.71
              81          -16.45           11.29
              82          -20.61           11.02
              83           33.68           11.04
              84           -7.16           11.04
              85          -3.541           10.46
              86          -11.63           10.53
              87           11.19           10.89
              88          -14.93           11.22
              89          -22.79           11.18
              90           9.846           10.55
              91           28.46           11.29
              92          -11.47           10.93
              93          -20.95           10.74
              94           12.17           10.74
              95           57.52           11.65
              96          -16.24           11.52
              97          -15.99            11.3
              98          -6.138           11.85
              99           29.92           12.15
             100          -33.88            11.6
             101          -1.409           11.03
             102            3.55           11.07
             103           33.75           11.51
             104           -6.24           11.31
             105          -10.47           11.71
             106            20.9           11.52
             107           38.47            11.9
             108          -8.592           10.75
             109          -13.08           11.41
             110           3.724           11.12
             111           54.56           12.25
             112           10.22           11.31
             113          -9.641           10.91
             114          -8.584           10.73
             115           25.84           11.03
             116          -15.69           10.85
             117           4.858           10.45
             118           4.988           10.28
             119           39.14           10.95
             120          -23.83           11.24
             121          -9.452            10.9
             122          -4.197            10.2
             123           27.11           11.38
             124          -7.461            10.6
             125          -13.54           10.84
             126           17.36           10.76
             127           39.33           12.32
APV              146               9               7               1
               0           52.13           47.52
               1          -8.503           28.88
               2          -6.755           20.33
               3          -77.98           14.18
               4          -78.35           12.24
               5          -38.94           11.68
               6           14.74           12.08
               7           49.36           11.83
               8          -50.65           11.52
               9          -19.86           11.84
              10           15.95           11.75
              11           25.35            12.1
              12          -16.37           11.64
              13          -6.055           11.27
              14           33.86           11.88
              15           35.04           12.09
              16          -29.95           12.12
              17          -28.57           11.48
              18          -4.885           11.88
              19           31.53           11.55
              20          -62.99           11.75
              21          -33.59           11.06
              22           8.262            10.9
              23           37.61           11.14
              24          -61.46           11.85
              25          -36.51           11.46
              26           10.76           10.76
              27           31.63            11.8
              28          -42.59            11.4
              29          -7.522           11.01
              30           27.92           11.26
              31           33.26           11.77
              32          -59.91              12
              33          -27.12           11.79
              34          -3.598           11.44
              35           30.88           11.85
              36          -63.94           11.64
              37           -32.9            11.5
              38           13.94           11.44
              39           35.95           11.72
              40          -25.65           12.14
              41          -11.81           11.76
              42           44.61           12.24
              43           36.33           12.25
              44          -37.63           11.94
              45           5.717           11.73
              46           72.37            11.8
              47           60.22           12.26
              48          -63.88           11.81
              49          -31.46           11.44
              50           18.99           11.71
              51           30.98           11.22
              52          -54.01           11.23
              53          -43.38           11.03
              54           15.88           11.16
              55            32.7            11.2
              56          -53.47           11.56
              57          -22.48           10.93
              58           14.33           11.31
              59           34.37            11.7
              60           -38.9           11.23
              61          -39.61           11.31
              62            33.9           11.15
              63           59.96            11.8
              64          -35.39            12.2
              65          -18.66           11.64
              66           6.777           11.47
              67           9.605           11.13
              68           -45.5            11.5
              69          -10.56           10.94
              70           33.66           11.87
              71           26.64           11.52
              72          -23.59           11.54
              73           -9.45           11.47
              74            31.6           11.79
              75           47.15           11.75
              76          -29.29           11.45
              77          -16.44           11.15
              78           43.87           11.48
              79              65           12.05
              80          -42.36              12
              81          -45.21            11.5
              82           23.51           11.45
              83           13.31            11.3
              84          -58.05           11.82
              85          -33.41           10.92
              86           1.006           10.62
              87           25.14           11.16
              88          -25.81           11.51
              89           -1.91           10.73
              90           35.09           11.27
              91            42.8           11.69
              92          -7.348           10.86
              93          -21.98           11.25
              94           44.17              11
              95           63.84           12.06
              96          -34.02           12.12
              97           -19.4           11.45
              98           17.25            11.6
              99          -3.287           11.38
             100           -32.3              12
             101          -8.475           10.96
             102           28.67           11.87
             103           22.46           11.57
             104          -20.88           11.66
             105          -15.44           11.58
             106           20.43           11.82
             107           48.29           12.14
             108          -29.44           11.48
             109          -12.83           11.52
             110           54.66           11.69
             111           78.47           12.19
             112          -45.36           11.99
             113          -7.359           11.15
             114           19.02           11.28
             115           28.78            11.5
             116          -43.67           11.64
             117          -24.63           10.87
             118           39.44           11.07
             119           45.28            11.2
             120          -39.06           11.42
             121          -25.88           11.16
             122           22.69           11.05
             123           32.75           11.69
             124          -20.53           11.07
             125           4.525           11.25
             126           56.01           10.94
             127            67.9              12
APV              146               9               7               2
               0           83.29           48.34
               1          -13.23           28.37
               2          -25.97           20.27
               3          -66.74           13.66
               4          -50.02           12.29
               5          -58.44           11.28
               6          -3.108           11.31
               7           38.39           11.17
               8          -25.08            11.5
               9          -50.69           11.36
              10           13.32           10.83
              11           22.07           11.07
              12          -52.17           11.42
              13          -8.794            10.8
              14           29.96           11.32
              15           54.18           11.34
              16          -16.77           11.71
              17          -58.46           11.22
              18          -8.297           11.36
              19           36.08           10.81
              20          -35.22           11.33
              21             -50           10.76
              22          -2.946            10.3
              23           30.31            10.5
              24          -25.86           11.15
              25          -11.23            10.8
              26           31.09           10.72
              27           46.08           10.95
              28          -43.88           11.03
              29          -44.48           10.76
              30           31.17           10.54
              31           32.81           11.05
              32          -3.191           11.39
              33          -39.91           11.65
              34          -17.88           11.14
              35           44.69            11.1
              36          -38.84           11.67
              37          -26.44           11.06
              38           29.31           11.32
              39           46.91           11.31
              40          -37.03           12.18
              41           -21.9           11.67
              42           31.31           11.63
              43           60.91           11.45
              44          -40.07           11.47
              45          -19.22           11.59
              46           36.79            10.9
              47           59.27            11.5
              48           -28.4           11.26
              49           -39.7           10.94
              50          -17.33              11
              51           55.81            10.9
              52          -33.36            10.9
              53          -30.28           10.65
              54           11.59           10.42
              55           49.05           10.43
              56          -46.34           11.12
              57          -14.52            10.8
              58           30.68           10.78
              59           45.88           10.75
              60           -48.4           10.74
              61          -38.05           10.91
              62           46.79           10.47
              63           67.81           11.17
              64          -24.43            11.6
              65          -11.46           10.79
              66          -4.229           11.11
              67           57.87           11.05
              68           -32.4           11.02
              69          -37.45           10.61
              70           23.57           11.04
              71           65.96           11.02
              72          -36.46           11.33
              73          -24.77           10.78
              74           42.82           11.55
              75           58.13           11.24
              76          -29.53           10.99
              77          -20.93           10.71
              78           32.67           10.84
              79           60.34           11.19
              80          -24.07           11.37
              81           -24.5           10.79
              82           9.932           10.47
              83           48.35            10.7
              84          -29.49           11.03
              85          -27.64           10.75
              86           2.741           9.916
              87           43.75            10.5
              88          -32.78           11.04
              89          -15.83            10.5
              90           39.74           10.52
              91           39.21           11.07
              92          -43.54           10.66
              93          -26.01           10.44
              94           55.38           10.61
              95           72.82           11.11
              96          -39.26           11.63
              97          -24.63           10.97
              98          -3.194           11.35
              99           59.76           11.54
             100           -28.7           11.38
             101          -25.19            10.8
             102           34.48           11.01
             103           64.19           11.14
             104          -23.49            11.3
             105          -31.89            11.3
             106           31.63           11.28
             107           81.76           11.41
             108          -33.85           10.79
             109           -6.56           10.79
             110           49.02           11.12
             111           78.55           11.41
             112          -34.12           11.43
             113           -31.4           10.63
             114          -21.74           10.72
             115            31.6           10.59
             116          -55.02           10.81
             117          -41.15            10.5
             118           37.08           10.32
             119           33.98           10.37
             120          -38.78           10.78
             121          -5.893           10.24
             122           30.73           10.36
             123           43.15            10.7
             124          -54.29            10.6
             125          -37.04           10.86
             126           32.85           10.43
             127           59.47           11.46
APV              146               8               6               0
               0           107.6           38.41
               1           15.93           26.72
               2          -13.31           18.37
               3          -78.83           14.58
               4          -36.65           12.27
               5             -28           11.34
               6          -20.87           12.74
               7           43.36           11.68
               8          -18.62            11.5
               9          -15.64           11.36
              10          -8.768           11.62
              11           35.06           11.87
              12          -2.116            10.7
              13          -9.371           10.87
              14           21.12           11.61
              15            31.3           11.65
              16           34.04           11.83
              17          -20.24            11.1
              18          -37.91           11.89
              19           32.42           11.26
              20          -11.08           11.02
              21          -17.97           10.71
              22          -20.52           10.91
              23            27.5           11.01
              24           -18.3           11.42
              25          -7.288           10.46
              26           8.074           10.95
              27           51.29            11.5
              28          -7.296            10.5
              29          -9.751           10.54
              30           18.19           10.91
              31           26.52           11.47
              32           8.135           11.37
              33          -22.51           11.73
              34           -6.98           11.75
              35           22.13            11.8
              36          -19.81           11.41
              37          -13.54           11.07
              38          -2.873           11.43
              39           42.52           11.97
              40           2.401           11.51
              41           5.605           11.17
              42           12.77           12.17
              43           50.34           12.26
              44          -21.51           11.39
              45          -16.87           11.93
              46           10.56           11.24
              47           56.31            12.4
              48          -2.393           11.12
              49          -23.04           11.17
              50          -17.23           11.44
              51           24.45           11.15
              52          -5.677           10.65
              53          -2.636           10.52
              54          -9.649           10.74
              55           30.19           11.06
              56          -11.46           11.16
              57          -18.81           10.76
              58          -17.33           11.06
              59           30.77           11.46
              60          -23.08           10.61
              61          -11.23           10.81
              62           20.57           10.64
              63           52.13           11.84
              64           -15.3           11.74
              65          -34.13           11.08
              66          -19.06           11.69
              67           3.949           10.92
              68          -26.49           11.46
              69          -3.619           10.77
              70          -15.91           11.26
              71           65.36           11.52
              72          -8.602           11.39
              73          -13.01           11.07
              74           9.049              11
              75            27.9            11.7
              76          -7.702           10.86
              77          -25.12           10.96
              78           24.07           11.23
              79           38.07           11.94
              80          -5.999            11.1
              81          -16.89           10.78
              82          -37.03           11.04
              83           14.26           10.67
              84          -15.52           11.33
              85          -20.56           10.79
              86          -21.82           10.39
              87           27.22           10.71
              88          0.3206            10.9
              89          -18.59           10.79
              90          -4.422           10.19
              91           44.74            11.4
              92          -11.93           10.73
              93          -31.54           10.97
              94            28.8           10.51
              95           81.01           11.77
              96           11.19           11.37
              97           -0.72           10.57
              98          -18.87           11.44
              99           24.91           11.41
             100          -10.43            10.9
             101          -26.05            11.1
             102          -25.68            11.3
             103           28.57           11.31
             104          -3.504           11.31
             105         -0.3264           11.05
             106          -1.274           10.96
             107           51.31           11.78
             108           -11.1           10.64
             109          -40.33           11.54
             110           16.57           11.28
             111            85.4           12.38
             112           18.88           11.37
             113          -3.117           10.22
             114          -28.14           10.83
             115           27.06            10.9
             116          -6.949           10.34
             117          -30.74           10.36
             118          -4.362           9.917
             119           45.81           10.66
             120          -26.59           11.01
             121          -36.77           10.75
             122          -3.963            10.1
             123           36.17           11.56
             124          -17.01           10.37
             125          -21.61           11.03
             126           3.645              10
             127           83.95           12.28
APV              146               8               6               1
               0           62.68           40.17
               1          -43.61           27.12
               2          -20.25           18.52
               3          -45.83           14.37
               4          -91.07           12.59
               5          -28.88           11.75
               6          -7.862           11.88
               7           35.37           11.81
               8          -77.08           11.69
               9          -27.47           11.88
              10          -6.274           11.57
              11           57.66            12.2
              12          -61.04           11.73
              13          -22.86           11.59
              14            5.41           11.37
              15           74.11           11.87
              16           -18.1           11.97
              17          -17.92           11.32
              18          -27.84           12.14
              19           13.02           10.98
              20          -68.26           11.97
              21          -39.59           11.24
              22           6.542           10.99
              23           61.33           11.33
              24          -44.48           11.59
              25          -31.18           11.18
              26           11.56           11.12
              27           70.18           11.74
              28          -55.93           11.12
              29          -10.14           10.84
              30           27.79           11.17
              31           85.23           11.42
              32          -13.22           12.05
              33          -10.73           11.89
              34          -10.47           11.64
              35           47.58           12.01
              36          -32.17            11.8
              37          0.1246           11.27
              38           3.391           11.38
              39           46.29           11.94
              40          -51.21            12.2
              41          -30.77           11.58
              42           12.25            11.9
              43           36.25           12.19
              44          -41.48           11.67
              45          -0.432           11.47
              46           15.16            11.3
              47           105.5           12.28
              48          -7.833           11.55
              49          -27.88           11.45
              50          -2.408           11.44
              51           41.08           11.21
              52           -55.7            11.6
              53          -35.74           11.13
              54           6.281           10.95
              55           39.31           11.18
              56          -36.35           11.45
              57          -10.49           11.03
              58            28.8           11.03
              59           79.04           11.81
              60          -55.45            10.8
              61          -9.484           11.28
              62           22.29            10.8
              63           98.33           11.87
              64          -30.58           12.19
              65           -16.5            11.4
              66           13.85           11.94
              67            55.4           12.24
              68          -37.68            11.9
              69          -8.958           11.11
              70           5.263           11.42
              71           64.89           11.67
              72          -17.16           11.66
              73          -14.57            11.6
              74            14.5           11.58
              75           55.98           11.76
              76          -39.02           11.14
              77          -12.39            11.1
              78           21.18            11.4
              79           107.8           12.26
              80          -31.18           11.88
              81          -34.96           11.26
              82         -0.0638           10.98
              83           34.46           11.25
              84           -38.6           11.99
              85          -33.05           11.17
              86          0.1048           10.53
              87           48.55           11.17
              88          -26.79           11.41
              89          -5.675           11.24
              90            30.3           10.95
              91           78.55           11.87
              92          -33.31           11.08
              93          -5.715           10.83
              94           36.51           11.04
              95           121.6           11.94
              96          -52.65            11.9
              97          -36.17           11.71
              98          -4.904           11.84
              99           46.86           12.08
             100          -62.86           11.89
             101           7.927           11.18
             102           10.46           11.59
             103           66.39           11.87
             104           -51.2           11.84
             105          -18.89           12.09
             106           20.94            11.8
             107           52.47           11.97
             108          -49.12           11.47
             109          -5.105           11.18
             110           23.28           11.67
             111           130.6           12.34
             112          -40.38           11.94
             113          -35.83           11.12
             114            10.4           11.16
             115           57.28           11.14
             116          -38.26            11.5
             117          -7.733           10.69
             118           10.61           10.66
             119           55.56           11.06
             120          -53.45           11.46
             121          -3.487           11.28
             122           19.22           10.73
             123           95.46           11.79
             124          -58.32           10.71
             125          0.6426           11.03
             126           43.75           10.74
             127           182.7           12.17
APV              146               8               6               2
               0           56.98           39.23
               1           -34.9           25.22
               2          -3.595           17.29
               3           -43.1           13.33
               4           -78.6           11.76
               5          -29.84           10.76
               6          -1.935           11.16
               7           63.17           11.15
               8          -57.87           10.78
               9           -34.4           10.97
              10           7.462           10.44
              11           49.94           11.61
              12           -67.4              11
              13          -25.52           10.44
              14           27.44           10.67
              15           31.37           11.26
              16          -32.78           11.04
              17          -42.66           10.86
              18          -3.748           11.12
              19           46.54           10.77
              20          -39.56           11.06
              21           -25.2           10.39
              22           15.96           10.09
              23           30.76           10.38
              24          -60.76           10.74
              25          -19.59           10.44
              26           18.59           10.27
              27           55.32           10.95
              28          -31.97           10.62
              29          -25.69           10.36
              30           38.84           10.35
              31           54.74           11.06
              32          -42.83           11.62
              33          -33.23           11.31
              34          -2.688           10.61
              35           45.66           11.41
              36          -50.67           11.07
              37          -46.94           10.67
              38           28.44           10.82
              39           44.24           11.14
              40          -54.84           11.45
              41           -14.4           10.84
              42           11.48           10.96
              43           77.56            11.6
              44          -51.77            11.1
              45           4.292           10.59
              46           25.59            10.9
              47           74.34           11.75
              48          -46.56           11.05
              49          -52.23           10.75
              50            13.6           10.67
              51           56.08           10.83
              52          -54.01            10.6
              53          -17.67           10.09
              54            15.3           10.11
              55           38.08           10.45
              56          -43.96           10.49
              57          -14.32           10.25
              58           23.72           10.26
              59            51.6           10.87
              60          -38.21           10.36
              61         -0.7284           10.06
              62            25.6           9.838
              63           63.19           11.29
              64           -58.8           11.35
              65          -36.03           10.72
              66           17.03           11.07
              67           42.49           11.02
              68          -59.97           10.94
              69          -24.71           10.58
              70           19.67           10.96
              71            36.3           11.01
              72          -59.41           10.98
              73          -6.719           10.26
              74           13.97           10.81
              75           64.73           11.25
              76          -38.06           10.82
              77           9.125           10.26
              78           43.06           10.55
              79           99.08           11.69
              80           -56.5           10.97
              81          -33.12            10.9
              82           17.37           10.49
              83           43.28           10.64
              84           -50.4              11
              85          -36.12            10.5
              86           19.54           10.06
              87           53.13           10.45
              88          -45.95           10.67
              89          -7.203           10.14
              90           29.38           10.35
              91           66.26           10.91
              92          -29.66           10.56
              93          -11.31           10.27
              94           43.12           10.31
              95           64.51           11.27
              96          -72.54            11.3
              97          -57.93           10.79
              98           26.54           11.33
              99           41.82           11.47
             100          -44.39           10.87
             101          -6.267           9.973
             102           31.61              11
             103           49.96           11.02
             104          -46.53           10.86
             105          -24.16           10.99
             106           15.14           10.69
             107           60.63            11.4
             108          -50.59           10.47
             109           1.412           10.22
             110           34.84           10.69
             111           81.93           11.67
             112          -59.52           10.96
             113          -25.98           10.49
             114           4.671           10.11
             115           51.32           10.39
             116          -66.12           10.63
             117          -22.16           10.14
             118           17.21           10.03
             119           71.73           10.71
             120          -52.78           10.65
             121          -3.874           10.01
             122           17.75            9.91
             123            67.7           11.18
             124          -47.98           10.38
             125          -2.361           10.05
             126           40.89           10.11
             127           98.12           11.48
APV              146               7               5               0
               0          -3.162           47.32
               1          -52.25           39.66
               2          -25.51           21.89
               3          -4.335           18.44
               4          -146.1           12.69
               5          -48.69           11.65
               6          -13.91           12.63
               7           71.39           12.04
               8          -85.73           11.33
               9          -18.18           11.47
              10           35.38           11.75
              11           57.71           12.23
              12          -71.73           11.37
              13          -15.22           11.01
              14           33.27           11.76
              15           92.21           12.16
              16          -88.61           11.48
              17           -43.1           11.14
              18           1.339           11.57
              19           61.86           11.22
              20          -91.62           11.57
              21          -44.34           10.98
              22           -4.03           10.62
              23           63.66           11.12
              24          -59.73           11.36
              25          -8.475           10.74
              26           35.97           11.18
              27           68.82           11.89
              28          -56.49           10.91
              29          -11.91           10.63
              30           38.37           11.04
              31           99.85           11.69
              32          -93.51           11.79
              33          -50.82           11.67
              34          -12.15           11.02
              35           41.09           12.04
              36          -75.96           11.66
              37          -44.38           11.43
              38           10.34           11.44
              39            64.6           11.96
              40          -76.29           11.57
              41           -26.3           11.68
              42           23.44           12.05
              43           76.82           12.42
              44          -63.91           11.37
              45          -2.172            11.2
              46           72.11           11.74
              47           96.46           12.29
              48          -89.88           11.42
              49          -38.66           10.82
              50          -3.181           11.17
              51            71.4           11.28
              52          -86.45           11.42
              53          -36.12            10.9
              54           32.49           10.91
              55           61.32           11.01
              56          -92.39           10.92
              57          -46.85           11.03
              58           31.15           11.07
              59           77.84           11.73
              60           -65.5           10.63
              61          -6.883            10.6
              62           38.12           10.68
              63           112.9           11.95
              64          -58.36           11.75
              65          -13.04           11.16
              66           5.875            11.9
              67           45.79              12
              68            -104           11.13
              69          -17.05           11.02
              70           13.54           11.62
              71           68.29           11.85
              72          -65.06           11.68
              73           -9.04           10.84
              74           30.34           11.46
              75           86.31           11.85
              76           -38.4            11.1
              77           -14.4           10.82
              78           66.85           11.49
              79           126.8           12.57
              80          -81.38           11.53
              81          -23.09           11.02
              82          -5.666           10.83
              83            59.9           11.11
              84          -86.96           11.56
              85          -26.09           10.93
              86            20.1           10.71
              87           59.95           10.85
              88          -72.55           11.17
              89          -9.574           10.64
              90           31.49           10.61
              91           98.18           12.02
              92          -60.97           10.84
              93          -5.832           10.81
              94           58.11           10.65
              95             134           11.99
              96          -85.24           11.46
              97           -28.2            11.3
              98           15.21           12.21
              99           43.79            12.3
             100          -73.23           11.34
             101           -4.25           10.83
             102           18.39           11.62
             103           91.01           10.26
             104          -74.44           11.48
             105           3.136           11.28
             106           57.62           11.77
             107           83.19            12.1
             108          -48.06           11.06
             109           7.213           11.14
             110           42.01           11.66
             111           138.7           12.93
             112          -77.69           11.57
             113          -44.23           10.77
             114          0.1994           10.85
             115           44.85            11.1
             116          -91.87           11.15
             117          -17.38           10.41
             118           18.41           10.41
             119           67.13           11.22
             120          -76.92           11.14
             121          -26.96           10.96
             122           44.66           10.74
             123           80.34           11.87
             124          -54.87           10.57
             125          -3.067           10.95
             126           59.55           10.59
             127           134.9           12.37
APV              146               7               5               1
               0           102.9           46.68
               1          -11.87           38.39
               2          -20.54           21.45
               3          -30.67           17.97
               4           -80.5           12.87
               5          -52.92           11.47
               6          -4.727           11.42
               7           25.62           16.01
               8          -39.79           11.74
               9          -37.54           11.46
              10          -7.029           10.96
              11           64.47           12.09
              12          -29.33            11.5
              13          -16.36           10.97
              14           30.41           11.32
              15           94.47           12.25
              16           7.814           11.36
              17          -50.02           11.35
              18           -4.29            10.7
              19           35.86           11.27
              20          -52.18           11.29
              21          -59.04           10.99
              22          -5.278           10.29
              23           26.47           17.75
              24           -38.7           11.48
              25           -30.3           11.11
              26          -3.338           10.72
              27            74.4           11.97
              28          -32.16           11.15
              29          -14.96           10.66
              30           25.73           10.98
              31           101.3           11.96
              32           -4.62           11.45
              33          -32.87           11.58
              34          -12.42           11.08
              35           33.47           11.32
              36          -35.38           11.51
              37          -25.55           11.17
              38          -11.48            10.9
              39           65.06           11.86
              40           -33.4           12.02
              41          -34.87           11.88
              42           -6.74           11.25
              43           90.96           12.38
              44          -15.04           11.21
              45           6.447            11.4
              46           37.61           11.36
              47             107           13.03
              48          -13.71           11.21
              49          -42.39            11.3
              50          -3.912           10.55
              51           29.66           10.94
              52           -29.2           11.16
              53          -50.31           10.88
              54          -2.792           10.15
              55           55.82           11.13
              56          -25.89           11.29
              57           -15.3           10.84
              58           14.04           10.92
              59           70.25           12.04
              60          -26.06           10.87
              61          -3.631           10.52
              62            34.4           10.63
              63           121.2           12.21
              64           9.087           11.66
              65          -36.16           10.95
              66          -11.52           10.88
              67           31.45           18.53
              68          -30.69           11.73
              69          -34.56           10.85
              70           27.69           11.51
              71           53.26           11.44
              72           -25.8            11.6
              73          -15.46           11.05
              74           18.23           11.18
              75           89.57           12.06
              76          -15.16           10.64
              77         -0.5978           10.81
              78           26.75           11.25
              79           113.5           12.46
              80          -21.73           11.62
              81           -18.5           11.02
              82          -7.667           10.23
              83           28.27           18.19
              84          -38.05           11.74
              85          -42.54           11.03
              86           3.172           10.43
              87           53.93            11.4
              88          -33.45           11.27
              89          -23.89           10.94
              90           17.04           10.65
              91           73.18           11.63
              92          -16.06           10.67
              93          -11.53           10.59
              94           27.79           10.72
              95           109.3           12.16
              96          -17.01           11.77
              97          -38.81           11.45
              98          -16.44           11.08
              99           33.49           15.34
             100          -27.83           11.49
             101          -40.36           11.12
             102           9.168           11.02
             103           60.85           11.78
             104          -23.29           11.64
             105          -11.64           11.67
             106           23.04           11.36
             107           85.85           12.36
             108          -29.45           10.89
             109          -1.759           10.89
             110           25.84           11.11
             111           131.5           12.52
             112          -16.57           11.49
             113          -30.04           10.96
             114          -24.12           10.64
             115           35.52           17.57
             116          -23.88           11.13
             117          -21.03           10.26
             118           -9.52            10.2
             119           88.15            11.3
             120          -47.88           11.12
             121          -17.87           10.66
             122           26.63           10.66
             123           93.15           12.13
             124          -39.58            10.7
             125             -34           10.34
             126           25.04           10.83
             127           120.5           12.52
APV              146               7               5               2
               0           76.48            43.6
               1          -6.914           35.09
               2           12.19           20.75
               3          -60.65           17.28
               4          -84.02           12.51
               5          -37.85           11.01
               6          -11.01              12
               7          -12.75           10.89
               8           -20.2           11.01
               9          -7.713           10.55
              10          -14.66           10.99
              11          -2.441           10.93
              12           -18.4           10.98
              13         -0.7572           10.23
              14           12.59           10.78
              15           29.15           11.56
              16           1.241           10.89
              17          -10.07           10.53
              18           2.962           11.12
              19          -6.064           10.12
              20          -18.79            11.1
              21            18.2           10.56
              22           1.863           9.937
              23            11.9              10
              24          -25.07           11.11
              25          -16.65           10.55
              26           2.766           10.09
              27           30.81           11.06
              28          -24.21           10.56
              29          -7.183            10.1
              30          -4.446           9.725
              31           9.685           10.82
              32          -27.21           11.75
              33          -42.34           11.22
              34            6.68           11.04
              35            6.02           11.26
              36          -18.87           11.27
              37           11.04           10.58
              38            21.2           11.17
              39           19.14           11.07
              40          -28.06            11.6
              41          -12.88           10.81
              42          -17.58           11.44
              43           22.38           11.57
              44          -47.67           10.94
              45          -9.453           11.08
              46           14.06            10.7
              47           22.08           11.88
              48          -9.895           10.92
              49           -13.5           10.57
              50           6.074           10.59
              51          0.8224           10.05
              52          -20.16           10.86
              53          -14.27           10.47
              54            -3.4           9.853
              55           25.33            10.4
              56          -20.81           10.58
              57          -12.46            10.5
              58         -0.5494           10.01
              59           -9.67            10.6
              60          -36.27           10.45
              61           11.88           10.66
              62          -14.49           9.752
              63           40.34           11.47
              64           -18.9            11.7
              65          -9.135           10.44
              66           19.61           11.59
              67           35.52            11.3
              68          -4.287              11
              69           8.629           10.36
              70           -18.9           11.05
              71            26.2           10.76
              72          -22.05           11.25
              73         -0.3388           10.26
              74           17.21           10.77
              75           8.927           10.74
              76          -17.65            10.5
              77           11.55           10.28
              78           22.74           10.59
              79           43.69           11.54
              80          -27.69           11.32
              81          -39.95            10.8
              82           12.39           10.23
              83            14.2           10.33
              84          -24.18           11.19
              85          -7.991           10.36
              86           12.86           10.01
              87           21.08           10.06
              88          0.0184           10.36
              89           6.434           10.21
              90          -14.46           10.05
              91           24.15           10.76
              92          -25.73           10.31
              93           29.12           10.54
              94           14.51           9.724
              95           50.72           11.18
              96          -9.119           11.08
              97          -13.17            10.7
              98           14.58           11.44
              99           24.45           11.17
             100          -31.17           11.29
             101          -24.88           10.57
             102           16.93              11
             103           33.22              11
             104          -6.707           10.84
             105           11.32           10.93
             106            38.7           11.32
             107           43.95           12.61
             108           -26.3           10.57
             109           15.35           11.03
             110           29.47           10.92
             111           52.75           11.82
             112          -26.77           11.38
             113          -20.11           10.58
             114           2.932           10.17
             115           35.38           10.45
             116          -24.89           10.85
             117          -7.991           10.06
             118           3.167           9.447
             119           18.04           10.19
             120          -20.85           10.52
             121           8.726           10.23
             122            17.7           9.728
             123           26.75           11.82
             124          -33.68           10.46
             125           5.937           10.46
             126           6.927           9.658
             127           41.99           11.88
APV              146               6               4               0
               0           82.62           48.84
               1          -11.52           40.47
               2           -8.57           21.37
               3          -34.31           18.59
               4          -96.02           11.77
               5          -56.04            10.6
               6           22.58           11.87
               7           42.42           10.95
               8           -53.8            10.6
               9          -18.26           10.81
              10          -10.73           10.78
              11           56.33           11.38
              12          -46.32           10.98
              13          -17.86           10.81
              14           37.16           10.98
              15           74.64           11.06
              16          -21.99           10.76
              17          -16.96           10.41
              18          -13.07           11.11
              19           11.84           10.47
              20          -52.32           10.59
              21          -2.352            9.99
              22          -3.452           10.02
              23           47.94           10.64
              24          -53.14           10.59
              25          -3.952           10.29
              26           21.76           10.65
              27            67.8           11.18
              28          -45.17           10.43
              29          -28.83           10.09
              30           35.62           10.29
              31           60.25           10.58
              32          -17.71           10.97
              33          -28.61           10.82
              34           4.799           10.63
              35           12.62           10.81
              36          -70.41           10.78
              37          -11.68           10.66
              38           29.27           11.08
              39           41.43           10.99
              40           -33.1           11.28
              41          -13.09           10.88
              42           16.51           11.31
              43           61.79            11.6
              44          -30.53           10.69
              45          -10.98           10.84
              46           31.49           10.88
              47            86.4           11.63
              48          -39.24           10.45
              49          -7.166           10.26
              50            15.2           10.87
              51           14.34           10.42
              52          -43.57           10.38
              53          -21.71           10.27
              54           16.58           10.15
              55           31.57           10.49
              56           -32.4           10.39
              57          -26.17           10.28
              58           23.67           10.69
              59           46.37           10.88
              60          -59.99           9.934
              61          -30.73           10.53
              62           27.99           10.16
              63           75.28           11.32
              64          -35.39           10.94
              65          -47.46           10.49
              66           27.87           11.33
              67           10.81           10.46
              68          -48.15           10.47
              69          -28.87           10.32
              70           22.81           10.92
              71           52.44           10.85
              72           -62.9            10.7
              73           1.734           10.27
              74           41.84           10.88
              75           58.96           11.17
              76          -44.05           10.13
              77           -4.55           10.11
              78           34.35           10.65
              79           79.25           11.27
              80          -32.92           10.74
              81          -47.03           10.36
              82           11.99           10.23
              83           25.94           10.48
              84          -53.36            10.6
              85          -30.81           9.976
              86          -0.481           9.701
              87           36.68           10.29
              88          -46.31           10.54
              89          -18.27           10.35
              90           38.97           9.945
              91           42.54            10.9
              92          -47.65           10.04
              93          -19.11           10.03
              94           32.05           9.993
              95           106.8           11.34
              96           -25.9           10.79
              97          -23.69           10.53
              98           11.66           11.04
              99            23.4           11.03
             100          -81.26           10.66
             101           -29.5           10.37
             102           5.123           10.24
             103            59.6           10.81
             104          -74.16           10.85
             105          -27.95           11.07
             106           16.33            10.6
             107           50.67           10.76
             108          -69.54           10.22
             109            14.2           10.55
             110           41.47           10.54
             111           107.9           11.71
             112          -46.57           10.51
             113          -31.05           10.14
             114          -6.851           10.03
             115           7.932           9.867
             116           -48.1           10.22
             117          -14.62           9.935
             118           13.98           9.859
             119              72           10.56
             120          -36.57           10.37
             121           2.067           9.988
             122           42.16           10.09
             123           67.51           11.04
             124           -37.1           10.18
             125           6.519           10.24
             126           35.43           10.15
             127           99.34           11.61
APV              146               6               4               1
               0           74.75           53.14
               1          -16.97           44.32
               2           11.22           23.47
               3          -7.603           19.78
               4          -143.4           13.09
               5          -47.75           11.94
               6          -9.442           12.02
               7           37.66           12.14
               8           -67.2           11.56
               9           -18.5           11.85
              10           14.89            11.6
              11           52.43           12.23
              12          -65.68           11.87
              13           -14.6           11.56
              14           6.261           11.31
              15            82.9           12.54
              16          -47.73           11.84
              17           -31.1           11.39
              18          -25.36           12.31
              19           39.93           11.79
              20          -43.73           11.77
              21          -33.93           11.16
              22          -16.65           10.99
              23           46.01           11.71
              24           -38.9            11.7
              25          -9.193           11.22
              26          -8.021           10.79
              27           55.43           12.03
              28          -42.44           11.23
              29          -16.17            11.1
              30           9.737              11
              31           88.07            12.1
              32          -43.54           12.02
              33          -37.96           11.88
              34           17.95           11.79
              35           30.28           11.97
              36          -39.53           12.15
              37          -47.76           11.51
              38           7.646           11.42
              39           60.96            12.4
              40          -30.95            12.2
              41          -17.12           11.68
              42            28.6            12.3
              43           71.25           12.27
              44          -52.66            11.7
              45           -11.6           12.08
              46            14.6           11.32
              47           104.1           12.99
              48          -33.75           11.66
              49          -22.14           11.19
              50          -8.388           11.27
              51           50.61           11.57
              52           -43.2           11.47
              53           -33.6            10.9
              54           4.252            10.9
              55           56.97           11.42
              56          -20.34           11.74
              57          -18.66           11.29
              58           5.581           10.81
              59           78.22              12
              60           -40.8           11.01
              61          -9.324           11.12
              62           13.25           10.92
              63           78.97           12.47
              64           -34.8           11.92
              65          -33.03           11.32
              66           16.53           12.21
              67           48.56           11.76
              68           -56.9           11.92
              69          -19.49           11.21
              70          -2.758           11.56
              71           76.32           11.99
              72          -24.03           11.76
              73           7.491           11.53
              74           13.97            11.6
              75           70.54           12.19
              76          -48.42           11.27
              77           2.793           11.08
              78           17.66           11.22
              79           97.31           12.35
              80          -37.13           11.88
              81          -26.06           11.24
              82           8.398           11.07
              83           32.22           11.34
              84          -53.16           12.01
              85          -25.16           11.17
              86           12.24           10.87
              87           61.62           11.35
              88          -47.72           11.54
              89          -16.48            11.4
              90           8.202           10.79
              91           59.67           11.81
              92          -41.35           11.15
              93          0.3476           10.94
              94            21.8           10.99
              95             101           12.12
              96          -49.94           12.05
              97          -18.07           11.52
              98           17.11            12.2
              99           45.39            11.9
             100           -51.7           11.79
             101          -6.721           11.13
             102          -2.271           11.32
             103           77.09           12.07
             104          -29.81           11.91
             105          -2.852           11.79
             106           36.52           11.72
             107           71.98           12.12
             108          -26.24           11.34
             109          -6.085           11.55
             110           6.552           10.96
             111           102.5           12.65
             112           -69.3           11.87
             113          -49.76           11.43
             114           -7.07           11.15
             115           52.02              11
             116          -61.15           11.44
             117           6.671           10.74
             118           25.39           10.92
             119           57.77           11.27
             120          -47.24           11.46
             121          -11.54            11.3
             122           14.61           10.76
             123            89.9           11.73
             124          -7.619           10.76
             125          -2.784           11.27
             126            22.4           10.65
             127           142.7           12.59
APV              146               6               4               2
               0           20.58           44.24
               1          -22.48           37.14
               2           13.59           21.06
               3          -49.29           17.92
               4            -117           12.77
               5          -29.56           11.32
               6           6.364           12.06
               7          0.3974           11.31
               8           -55.4            11.5
               9            8.88           11.07
              10           16.76           11.11
              11           33.08           11.85
              12          -47.51           11.49
              13          -12.09           10.65
              14           26.14            11.5
              15           37.31           11.45
              16          -35.91           11.63
              17          -33.44           11.18
              18           0.793           11.64
              19           -3.06            10.3
              20             -62           11.44
              21          -13.54           10.65
              22            11.3           10.82
              23           29.54           10.82
              24           -33.6           11.25
              25           2.501           10.65
              26           18.72           10.92
              27           25.85            11.4
              28          -36.09            10.8
              29           8.377           10.62
              30           27.59            10.5
              31           63.24           11.38
              32           -40.3           11.75
              33          -10.56           11.32
              34           35.43            11.8
              35           6.804            11.1
              36          -37.34           11.71
              37           17.87              11
              38           27.54           11.58
              39           24.07            11.6
              40          -40.14           12.11
              41          -11.66           11.28
              42           35.24           11.93
              43            37.4           11.64
              44           -22.7           11.43
              45           2.117           11.16
              46           17.13           11.29
              47           37.83           12.06
              48          -31.04            11.2
              49           6.228            10.9
              50           32.83           11.54
              51           21.82           10.76
              52          -49.21            11.2
              53         -0.4314           10.46
              54            20.3           10.81
              55           13.14           10.78
              56          -18.01           11.18
              57          -9.058           10.65
              58          -6.299           10.36
              59            46.9           11.33
              60          -38.06           10.63
              61           1.492           10.62
              62           40.42           10.71
              63           32.87           11.68
              64          -50.73           11.79
              65          -30.42           11.13
              66            8.82           11.63
              67           9.465           10.97
              68          -35.35           11.55
              69          -24.12            11.1
              70           32.28           11.53
              71           19.04           11.07
              72           -42.6            11.3
              73           4.951           10.65
              74           27.01           11.37
              75            29.7           11.58
              76          -29.13           11.01
              77           20.76           10.64
              78           31.14              11
              79           49.47           11.88
              80          -37.87           11.63
              81          -10.07           10.77
              82           17.04           10.89
              83           17.14           10.71
              84          -47.53           11.43
              85          -14.33            10.8
              86           13.33           10.25
              87           6.412           10.27
              88          -43.89           10.97
              89          -9.908           10.61
              90          -2.239           10.12
              91           31.09           11.09
              92          -43.66           10.54
              93           6.443           10.93
              94           7.468           10.13
              95           64.59           11.58
              96          -44.47           11.76
              97           -15.2           11.06
              98           29.52           11.99
              99           10.07           11.49
             100          -49.19           11.45
             101          -14.24           10.74
             102           2.405           10.92
             103           24.89           11.39
             104          -43.92           11.33
             105           8.902           11.11
             106           1.139           11.04
             107           47.78           11.85
             108          -35.12           11.01
             109          -9.441           11.01
             110           26.71           11.25
             111           68.03           12.07
             112          -67.51           11.48
             113           -17.2            10.7
             114           21.47           11.08
             115           5.137           10.54
             116          -46.17           10.86
             117          -22.54           10.53
             118         -0.6996           9.924
             119           9.578           10.21
             120          -30.82           10.88
             121            5.41           10.46
             122           23.72           10.45
             123           19.56           10.99
             124          -29.52           10.47
             125           1.194           10.75
             126           11.82           10.08
             127            65.1           12.01
APV              146               5               3               0
               0           100.1           51.27
               1          -14.83           42.47
               2          -34.78           23.52
               3          -27.41           19.48
               4          -71.13           13.22
               5          -37.07           11.44
               6           -17.9           12.65
               7           22.45           12.25
               8          -36.89           11.69
               9          -26.57           11.55
              10           7.321           11.66
              11           53.54           12.31
              12          -43.85           12.17
              13           -30.2            11.4
              14           5.741            11.3
              15           74.56           12.53
              16           3.758           11.61
              17          -48.57           11.65
              18          -9.602           11.61
              19           21.06           11.59
              20          -24.47           11.39
              21          -31.89           11.02
              22           2.216           10.66
              23           52.37           11.35
              24          -26.77            11.7
              25          -36.22           11.28
              26          -17.11           11.09
              27           56.87           12.18
              28          -34.37           11.27
              29          -23.91           11.14
              30           26.64           10.92
              31           107.3           12.33
              32           10.98            11.9
              33           -39.2           11.86
              34          -23.67           11.92
              35           31.37           12.19
              36          -35.68           11.72
              37          -33.15           11.45
              38          -4.595           11.53
              39            51.4           12.32
              40          -20.22           11.85
              41          -37.54           11.77
              42           12.43           12.07
              43           66.06            12.7
              44          -23.63           11.93
              45          -10.14           11.87
              46           31.39           11.68
              47           111.9           13.07
              48          -4.274           11.21
              49          -35.54           11.35
              50          -1.043           11.34
              51           27.46           11.39
              52          -41.18            11.5
              53          -45.26           11.22
              54          -19.18           11.02
              55           51.63           11.39
              56          -29.21           11.74
              57          -38.44           11.15
              58          -2.511           10.94
              59           72.03           12.09
              60          -48.31           11.06
              61          -42.53           11.34
              62           25.09           10.93
              63           129.4           12.56
              64           0.478           11.59
              65          -5.228            11.1
              66          -11.17           12.14
              67           33.61           11.91
              68          -26.93           11.63
              69           -6.88           10.77
              70          -3.236           11.55
              71            67.5           12.08
              72          -40.72           11.77
              73           2.975           10.96
              74          -2.798           11.47
              75           69.98           12.09
              76          -30.18            11.4
              77          -6.355           10.96
              78           20.28           11.47
              79           114.6            12.8
              80          -25.04           11.59
              81          -29.19           11.37
              82          -16.25           11.34
              83           27.84           11.28
              84          -8.601           11.39
              85          -9.175           10.87
              86           14.62           10.83
              87            78.5           11.42
              88          -47.49           11.33
              89          -26.33           11.18
              90           12.27           10.89
              91           102.1           11.82
              92          -28.32           10.93
              93          -33.27            11.2
              94           29.37           11.18
              95           146.8           12.46
              96          -20.93           11.66
              97          -7.659           11.03
              98           3.211           11.89
              99            26.7           12.36
             100          -32.56           11.76
             101          -2.102           11.06
             102          -0.133           11.52
             103            64.7           11.86
             104          -39.16           11.74
             105          -17.36           11.82
             106           27.58           11.84
             107           103.7           12.26
             108           -18.8           11.16
             109            -2.9           11.32
             110           27.33           11.54
             111           147.1           13.08
             112           12.04           11.44
             113          -7.324           10.71
             114          -16.19           11.08
             115           23.71           11.22
             116          -34.55            11.4
             117          -38.33           10.69
             118           6.187           10.46
             119           62.32           11.48
             120          -40.85           11.34
             121          -9.411           10.95
             122           38.29           11.11
             123           89.72           11.95
             124          -23.28           10.92
             125          -28.21           11.42
             126           37.42           11.03
             127           156.4           13.03
APV              146               5               3               1
               0           74.98           46.54
               1           -51.2           38.66
               2          -1.401           21.14
               3          -1.574           17.96
               4          -107.6              12
               5          -82.78           10.83
               6          -7.244           11.21
               7           24.48            10.8
               8          -71.81           10.54
               9          -33.24           10.54
              10           11.57           10.73
              11           58.55           11.51
              12          -53.86           10.68
              13          -34.56           10.32
              14           35.51           11.21
              15           66.94           11.27
              16          -38.93           10.93
              17          -70.71           10.75
              18           4.907           10.97
              19           35.65           10.78
              20          -58.19           10.66
              21          -36.73           10.18
              22            20.4           10.47
              23           62.75           10.49
              24          -69.07           10.72
              25          -26.14           10.38
              26           51.71           10.19
              27              72           11.08
              28          -63.37           10.14
              29           -35.8           10.27
              30           31.36           10.07
              31           101.7           10.97
              32          -41.93           10.89
              33          -34.08           10.92
              34           13.23           10.64
              35           34.04           11.41
              36          -76.23           10.84
              37          -33.75            10.6
              38           14.66           10.79
              39           75.36           11.38
              40          -39.85           11.21
              41           -5.71           10.63
              42           45.74            11.3
              43           62.02           11.49
              44          -53.13            10.8
              45          -20.64           10.73
              46           45.98            10.8
              47           99.85           11.55
              48          -45.34           10.66
              49           -43.3           10.25
              50          -23.08           10.73
              51           59.57           10.78
              52           -41.1           10.29
              53          -43.23           9.888
              54           2.431           9.819
              55            55.5           10.24
              56          -66.76           10.39
              57          -20.98           10.04
              58           29.54           10.29
              59            90.4            11.2
              60          -51.41           10.07
              61          -14.34            10.2
              62            44.2           10.24
              63           85.54           10.91
              64          -29.07           11.03
              65          -36.12           10.14
              66           19.47           11.01
              67           43.84           10.72
              68          -58.49           10.54
              69          -48.84           10.29
              70           42.39           11.11
              71           63.02           10.97
              72          -55.46           10.66
              73          -13.68           10.25
              74           35.62           10.73
              75           77.26           11.04
              76          -54.82           10.23
              77          -4.568           9.773
              78           48.32           10.55
              79           110.4           11.61
              80          -47.72           10.83
              81          -50.36           10.19
              82         -0.4748           9.854
              83           51.85            10.2
              84          -70.88           10.54
              85          -33.83           10.02
              86            39.4           9.982
              87           92.52           10.29
              88          -46.13           10.48
              89          -10.68           10.14
              90           46.12           10.24
              91           88.74            10.8
              92          -52.47           9.903
              93           -46.7            10.1
              94           63.21           10.05
              95           114.6           11.15
              96          -68.46           10.58
              97          -51.32           10.71
              98           13.01           10.99
              99            60.1           11.19
             100          -50.99            10.5
             101          -26.57           10.35
             102           38.02           10.66
             103           96.78           11.04
             104          -78.02           10.73
             105          -44.82           10.63
             106           34.45           11.24
             107           82.28            11.4
             108          -53.97            10.1
             109          -20.52            10.5
             110            48.5           10.53
             111           134.8           11.41
             112          -65.42           10.61
             113          -47.59           10.23
             114           16.54           10.31
             115           47.88           10.25
             116          -66.14           10.18
             117          -42.65           9.688
             118           40.06           9.946
             119           87.37            10.2
             120          -59.88           10.16
             121          -33.02           10.01
             122           41.68           9.981
             123           82.18           10.81
             124          -55.37           10.11
             125          -22.11           10.43
             126           63.08           10.01
             127           128.1           11.54
APV              146               5               3               2
               0           83.16           42.88
               1          -29.36           35.84
               2          -7.642           21.13
               3          -44.17           17.95
               4          -87.08           13.17
               5          -33.42           12.08
               6          -29.77           12.91
               7           6.539           11.43
               8          -44.56           11.96
               9          -42.32           12.12
              10          -6.988           11.72
              11          -4.167              12
              12           -20.1           12.09
              13          -12.45           11.48
              14            23.7           11.85
              15           47.77           12.24
              16           -17.2           12.05
              17           -38.4           11.72
              18           -34.5            12.9
              19          -5.403           11.46
              20          -36.53           12.02
              21          -20.04            11.5
              22           -7.89           10.92
              23           1.384           11.04
              24          -32.58           11.82
              25          -22.67            11.6
              26            17.4           11.35
              27           43.55           12.22
              28          -13.18           11.37
              29          -24.51           11.34
              30           21.11           11.27
              31           63.54           12.02
              32           3.777           11.83
              33          -12.15           12.02
              34           7.982           12.32
              35           5.453           11.86
              36          -30.49           12.15
              37          -26.22           11.68
              38          0.4368           11.73
              39           35.42           12.13
              40          -17.58           12.37
              41          -21.31            11.9
              42           8.696           12.34
              43           36.57           12.51
              44          -24.85           11.87
              45          -1.972           11.85
              46           22.18           11.66
              47            64.9           12.68
              48          -16.73            11.7
              49          -9.418           11.45
              50           16.68           12.04
              51           17.06           11.24
              52          -43.36           11.64
              53          -3.953           10.93
              54          -3.479           10.93
              55           11.06           11.03
              56          -25.46           11.83
              57          -8.481           11.23
              58           17.82           11.37
              59           23.93           11.99
              60          -23.27           11.31
              61          -12.42           11.34
              62           10.37           10.68
              63           50.15            12.2
              64          -15.56           12.12
              65          -9.364            11.3
              66           16.29           12.49
              67           9.994            11.5
              68          -29.15           11.85
              69          -20.66           11.45
              70           7.829           12.12
              71           30.34           12.24
              72          -19.64            11.9
              73            10.5           11.34
              74           5.765           11.58
              75           67.52           12.31
              76          -19.01           11.47
              77          -1.597           11.13
              78           36.56           11.69
              79           63.27           12.47
              80          -25.76           11.99
              81          -36.55           11.77
              82          0.6304           11.11
              83           28.81           11.33
              84           -23.5            11.7
              85          -3.244           10.78
              86           33.35           11.39
              87           21.28           11.24
              88          -22.32           11.92
              89          -15.79           11.43
              90           6.329           11.98
              91           45.29           11.95
              92          -17.88            11.1
              93          -1.832            11.2
              94           25.97           10.93
              95           76.35            12.3
              96          -33.89           12.22
              97          -8.416           11.76
              98          -16.57           12.24
              99           3.989           11.89
             100          -32.99           11.78
             101          -6.856           11.11
             102           25.66           12.14
             103            47.9           12.12
             104           -41.1           12.28
             105           5.433           11.62
             106           25.11            12.9
             107           64.05           12.35
             108          -38.49           11.51
             109           4.636           11.63
             110           38.75           11.74
             111           76.91           12.88
             112          -23.49           12.21
             113          -17.55           11.37
             114         -0.1488           10.92
             115           13.53           11.13
             116          -15.11           11.67
             117          -20.45           10.96
             118           26.75           10.94
             119           52.03           11.49
             120          -36.04           11.51
             121          -7.798           11.07
             122           35.84           10.92
             123           60.47           12.13
             124          -4.717           10.67
             125          -3.516            11.4
             126           12.53            10.8
             127             107           13.12
APV              146              11               2               0
               0               0            5000
               1               0            5000
               2               0            5000
               3               0            5000
               4               0            5000
               5               0            5000
               6               0            5000
               7               0            5000
               8               0            5000
               9               0            5000
              10               0            5000
              11               0            5000
              12               0            5000
              13               0            5000
              14               0            5000
              15               0            5000
              16               0            5000
              17               0            5000
              18               0            5000
              19               0            5000
              20               0            5000
              21               0            5000
              22               0            5000
              23               0            5000
              24               0            5000
              25               0            5000
              26               0            5000
              27               0            5000
              28               0            5000
              29               0            5000
              30               0            5000
              31               0            5000
              32               0            5000
              33               0            5000
              34               0            5000
              35               0            5000
              36               0            5000
              37               0            5000
              38               0            5000
              39               0            5000
              40               0            5000
              41               0            5000
              42               0            5000
              43               0            5000
              44               0            5000
              45               0            5000
              46               0            5000
              47               0            5000
              48               0            5000
              49               0            5000
              50               0            5000
              51               0            5000
              52               0            5000
              53               0            5000
              54               0            5000
              55               0            5000
              56               0            5000
              57               0            5000
              58               0            5000
              59               0            5000
              60               0            5000
              61               0            5000
              62               0            5000
              63               0            5000
              64               0            5000
              65               0            5000
              66               0            5000
              67               0            5000
              68               0            5000
              69               0            5000
              70               0            5000
              71               0            5000
              72               0            5000
              73               0            5000
              74               0            5000
              75               0            5000
              76               0            5000
              77               0            5000
              78               0            5000
              79               0            5000
              80               0            5000
              81               0            5000
              82               0            5000
              83               0            5000
              84               0            5000
              85               0            5000
              86               0            5000
              87               0            5000
              88               0            5000
              89               0            5000
              90               0            5000
              91               0            5000
              92               0            5000
              93               0            5000
              94               0            5000
              95               0            5000
              96               0            5000
              97               0            5000
              98               0            5000
              99               0            5000
             100               0            5000
             101               0            5000
             102               0            5000
             103               0            5000
             104               0            5000
             105               0            5000
             106               0            5000
             107               0            5000
             108               0            5000
             109               0            5000
             110               0            5000
             111               0            5000
             112               0            5000
             113               0            5000
             114               0            5000
             115               0            5000
             116               0            5000
             117               0            5000
             118               0            5000
             119               0            5000
             120               0            5000
             121               0            5000
             122               0            5000
             123               0            5000
             124               0            5000
             125               0            5000
             126               0            5000
             127               0            5000
APV              146              11               2               1
               0               0            5000
               1               0            5000
               2               0            5000
               3               0            5000
               4               0            5000
               5               0            5000
               6               0            5000
               7               0            5000
               8               0            5000
               9               0            5000
              10               0            5000
              11               0            5000
              12               0            5000
              13               0            5000
              14               0            5000
              15               0            5000
              16               0            5000
              17               0            5000
              18               0            5000
              19               0            5000
              20               0            5000
              21               0            5000
              22               0            5000
              23               0            5000
              24               0            5000
              25               0            5000
              26               0            5000
              27               0            5000
              28               0            5000
              29               0            5000
              30               0            5000
              31               0            5000
              32               0            5000
              33               0            5000
              34               0            5000
              35               0            5000
              36               0            5000
              37               0            5000
              38               0            5000
              39               0            5000
              40               0            5000
              41               0            5000
              42               0            5000
              43               0            5000
              44               0            5000
              45               0            5000
              46               0            5000
              47               0            5000
              48               0            5000
              49               0            5000
              50               0            5000
              51               0            5000
              52               0            5000
              53               0            5000
              54               0            5000
              55               0            5000
              56               0            5000
              57               0            5000
              58               0            5000
              59               0            5000
              60               0            5000
              61               0            5000
              62               0            5000
              63               0            5000
              64               0            5000
              65               0            5000
              66               0            5000
              67               0            5000
              68               0            5000
              69               0            5000
              70               0            5000
              71               0            5000
              72               0            5000
              73               0            5000
              74               0            5000
              75               0            5000
              76               0            5000
              77               0            5000
              78               0            5000
              79               0            5000
              80               0            5000
              81               0            5000
              82               0            5000
              83               0            5000
              84               0            5000
              85               0            5000
              86               0            5000
              87               0            5000
              88               0            5000
              89               0            5000
              90               0            5000
              91               0            5000
              92               0            5000
              93               0            5000
              94               0            5000
              95               0            5000
              96               0            5000
              97               0            5000
              98               0            5000
              99               0            5000
             100               0            5000
             101               0            5000
             102               0            5000
             103               0            5000
             104               0            5000
             105               0            5000
             106               0            5000
             107               0            5000
             108               0            5000
             109               0            5000
             110               0            5000
             111               0            5000
             112               0            5000
             113               0            5000
             114               0            5000
             115               0            5000
             116               0            5000
             117               0            5000
             118               0            5000
             119               0            5000
             120               0            5000
             121               0            5000
             122               0            5000
             123               0            5000
             124               0            5000
             125               0            5000
             126               0            5000
             127               0            5000
APV              146              11               2               2
               0               0            5000
               1               0            5000
               2               0            5000
               3               0            5000
               4               0            5000
               5               0            5000
               6               0            5000
               7               0            5000
               8               0            5000
               9               0            5000
              10               0            5000
              11               0            5000
              12               0            5000
              13               0            5000
              14               0            5000
              15               0            5000
              16               0            5000
              17               0            5000
              18               0            5000
              19               0            5000
              20               0            5000
              21               0            5000
              22               0            5000
              23               0            5000
              24               0            5000
              25               0            5000
              26               0            5000
              27               0            5000
              28               0            5000
              29               0            5000
              30               0            5000
              31               0            5000
              32               0            5000
              33               0            5000
              34               0            5000
              35               0            5000
              36               0            5000
              37               0            5000
              38               0            5000
              39               0            5000
              40               0            5000
              41               0            5000
              42               0            5000
              43               0            5000
              44               0            5000
              45               0            5000
              46               0            5000
              47               0            5000
              48               0            5000
              49               0            5000
              50               0            5000
              51               0            5000
              52               0            5000
              53               0            5000
              54               0            5000
              55               0            5000
              56               0            5000
              57               0            5000
              58               0            5000
              59               0            5000
              60               0            5000
              61               0            5000
              62               0            5000
              63               0            5000
              64               0            5000
              65               0            5000
              66               0            5000
              67               0            5000
              68               0            5000
              69               0            5000
              70               0            5000
              71               0            5000
              72               0            5000
              73               0            5000
              74               0            5000
              75               0            5000
              76               0            5000
              77               0            5000
              78               0            5000
              79               0            5000
              80               0            5000
              81               0            5000
              82               0            5000
              83               0            5000
              84               0            5000
              85               0            5000
              86               0            5000
              87               0            5000
              88               0            5000
              89               0            5000
              90               0            5000
              91               0            5000
              92               0            5000
              93               0            5000
              94               0            5000
              95               0            5000
              96               0            5000
              97               0            5000
              98               0            5000
              99               0            5000
             100               0            5000
             101               0            5000
             102               0            5000
             103               0            5000
             104               0            5000
             105               0            5000
             106               0            5000
             107               0            5000
             108               0            5000
             109               0            5000
             110               0            5000
             111               0            5000
             112               0            5000
             113               0            5000
             114               0            5000
             115               0            5000
             116               0            5000
             117               0            5000
             118               0            5000
             119               0            5000
             120               0            5000
             121               0            5000
             122               0            5000
             123               0            5000
             124               0            5000
             125               0            5000
             126               0            5000
             127               0            5000
APV              146               3               1               0
               0           148.4           58.59
               1          -41.45           48.57
               2          -20.59           25.53
               3           14.51           22.08
               4          -92.66           14.21
               5           -64.6           13.02
               6          -32.24           14.22
               7            35.9           13.55
               8          -8.379           12.41
               9          -47.07           15.11
              10           5.048           12.42
              11           83.09           13.44
              12          -9.293           12.47
              13          -37.51            12.6
              14           19.77           12.88
              15           82.45           13.62
              16           6.049           12.48
              17          -39.15           12.26
              18          -24.95           14.18
              19           47.39           12.48
              20          -27.19            13.1
              21          -33.42           12.21
              22          -12.45           12.05
              23           42.91           12.53
              24          -33.56           12.79
              25          -40.19           12.47
              26          -8.143           11.73
              27           100.3           13.22
              28           -6.57           11.85
              29          -24.12            12.3
              30           23.24           11.93
              31           91.81           13.62
              32           4.174           12.85
              33          -33.36           12.78
              34          -17.81           12.81
              35           59.75           13.37
              36           -12.5           12.61
              37           -33.3           12.64
              38          -5.996           12.61
              39           63.83           13.66
              40          -35.14           13.18
              41          -55.57           13.01
              42           23.19           13.55
              43           86.75           13.65
              44          -21.44           12.79
              45          -27.52           12.62
              46           16.38           12.66
              47           99.65           14.48
              48           11.49           12.72
              49          -44.32           11.99
              50          -12.64           12.87
              51           17.63           12.43
              52          -17.22           12.45
              53          -21.25           11.93
              54           3.825            11.8
              55           63.85            12.5
              56          -6.325           12.39
              57          -29.18           12.07
              58           4.118           11.92
              59           98.53            12.9
              60          -22.31           12.12
              61          -42.23           12.63
              62            31.6           11.91
              63           109.8           13.86
              64          -3.303           12.69
              65          -34.62            12.3
              66           -22.9           13.16
              67           55.41            13.1
              68          -34.66           12.76
              69          -57.36           12.24
              70          -3.914           12.82
              71           85.05           13.19
              72          -18.53           12.79
              73          -36.63           12.32
              74           16.61           12.85
              75           104.9           13.68
              76          -8.077           12.06
              77          -12.12           12.06
              78           17.11            12.4
              79           110.6           14.47
              80           2.843           12.57
              81          -58.01           12.15
              82          -29.64           12.56
              83           42.12           12.25
              84           -26.9           12.95
              85          -38.52           12.06
              86           -7.88           11.54
              87           59.15            12.3
              88          -36.04           12.57
              89          -32.63           12.11
              90          0.6602           11.62
              91           74.42           13.16
              92          -49.24           12.17
              93          -27.63           12.42
              94           39.17           11.97
              95           124.2           14.24
              96          -7.983           12.62
              97          -53.13            12.5
              98          -28.01           13.52
              99           58.17            13.5
             100          -49.77           13.02
             101          -33.43           12.02
             102           1.487           12.54
             103           84.47           13.31
             104          -25.85            12.8
             105          -6.402           12.46
             106           14.42           12.66
             107           80.96           13.68
             108          -38.77           12.42
             109          -8.982           12.27
             110           27.04           12.88
             111           144.2           14.57
             112          -12.82           12.65
             113          -35.12           12.05
             114          -19.53           12.35
             115           51.79           12.27
             116          -48.84           12.41
             117          -48.05           11.63
             118           9.637           11.61
             119           69.36           12.44
             120          -28.83           12.61
             121          -45.99           12.28
             122           12.79           11.94
             123           99.38           13.32
             124           -20.5           11.74
             125           -23.1           13.05
             126           17.29           11.82
             127           164.8           13.79
APV              146               3               1               1
               0           69.07           55.28
               1          -49.86           45.29
               2           13.13           24.09
               3          -13.08           20.28
               4          -98.82           13.45
               5             -71           12.17
               6           24.96           13.56
               7           36.99           12.51
               8          -19.65           11.71
               9          -39.25           11.93
              10            13.3            10.7
              11           28.43           12.65
              12          -48.85           12.09
              13          -20.08           11.57
              14           17.79           11.89
              15            45.5           13.38
              16          -40.11           12.41
              17          -56.79           11.69
              18          -4.806            13.2
              19           30.23           11.56
              20          -24.31           11.94
              21           -50.8           11.27
              22           8.144           10.94
              23           24.42           11.51
              24          -23.65           11.78
              25          -34.21            11.3
              26           12.38           10.93
              27            58.8           12.35
              28          -20.19           11.31
              29          -26.47           11.75
              30           28.78           11.17
              31           77.89           12.83
              32           -26.4           12.65
              33          -42.17           12.11
              34           23.81           12.37
              35           15.85           12.54
              36          -27.99           12.43
              37          -24.38           11.66
              38           20.73           12.23
              39           26.23           12.62
              40           -32.6           12.16
              41          -21.78            11.7
              42          -1.681           11.92
              43           59.54           13.28
              44          -28.47           12.16
              45          -10.18           11.66
              46           25.01           11.88
              47           64.45           13.64
              48          -46.81           11.97
              49          -36.76           11.47
              50           4.994           12.31
              51           17.68           11.48
              52          -33.29           11.66
              53          -34.94            11.1
              54           20.43           11.29
              55           29.15           11.71
              56           -22.7           11.75
              57          -49.01            11.4
              58          -2.248           10.74
              59            34.1           12.38
              60          -39.63           11.28
              61          -18.31           11.97
              62           10.09           10.49
              63           47.71           12.93
              64          -18.89            12.2
              65          -35.23           11.55
              66           28.38           12.59
              67           27.25           12.24
              68          -24.64              12
              69          -32.78            11.3
              70            31.9           12.66
              71           26.29              12
              72          -19.79           11.88
              73          -39.55           11.37
              74           18.89           11.79
              75           36.75           12.91
              76          -28.42           11.83
              77          -17.43           10.99
              78           26.91           11.66
              79           47.67           13.29
              80          -40.04           12.31
              81          -29.97           11.48
              82           3.499           11.51
              83           56.32           11.56
              84          -29.15           12.32
              85          -26.95           11.12
              86           17.79           10.99
              87           64.27           11.57
              88          -15.34           11.57
              89          -32.54           11.71
              90           13.07           10.72
              91           50.75           12.65
              92          -23.27           11.23
              93          -10.37           11.45
              94           24.69           11.02
              95           66.27            13.3
              96          -15.55           11.74
              97             -13            11.4
              98           11.33           12.53
              99           45.03           12.87
             100          -37.28           12.07
             101          -32.58           11.27
             102           23.79           12.14
             103           44.74           12.39
             104          -12.44           12.12
             105          -23.11           11.87
             106           24.42           11.88
             107           62.64           13.24
             108          -21.83           11.29
             109           6.691            11.5
             110           51.18           12.37
             111           79.01           13.79
             112           -37.8           12.07
             113          -28.24           11.12
             114           27.13           11.75
             115            22.5           11.31
             116          -4.541           11.52
             117           -30.8           10.93
             118           30.36           10.97
             119           52.04           11.58
             120          -22.91           11.45
             121          -33.23            11.4
             122           16.41           10.66
             123            33.7           12.54
             124          -17.95           11.22
             125          -33.64           12.18
             126           43.47           11.06
             127           84.94           13.83
APV              146               3               1               2
               0           65.17           51.05
               1          -24.18           42.75
               2           25.51           23.18
               3          -7.184           20.07
               4            -125           13.96
               5          -44.03           12.21
               6          -4.443           13.75
               7           17.41            12.8
               8          -61.02           12.09
               9          -39.86           12.18
              10           5.552           12.22
              11           32.25            13.3
              12          -58.46           12.53
              13          -4.589           11.85
              14           21.96           12.53
              15           39.31           12.78
              16          -54.19           12.57
              17          -40.06           11.79
              18           7.751           13.66
              19           50.94           11.84
              20          -40.98           12.58
              21          -39.84           11.75
              22           2.615           10.98
              23            45.6           11.67
              24           -79.1           12.16
              25          -7.081           11.87
              26           32.82           11.63
              27           59.52           12.65
              28          -32.22           11.59
              29          -23.02           11.84
              30           24.24            11.2
              31           57.81           12.51
              32          -36.48           12.75
              33          -23.33           12.75
              34            31.7           12.43
              35           46.55            12.9
              36          -59.25           12.91
              37          -3.562           11.54
              38           39.44           12.72
              39            31.4           13.06
              40          -55.57           12.83
              41           1.134            11.8
              42           22.45              13
              43           41.77           13.33
              44          -23.33           12.46
              45          -0.964           12.08
              46          -3.105            11.9
              47           66.82           13.37
              48          -55.26           12.31
              49          -29.39           11.98
              50          -5.796           12.39
              51           45.53           11.67
              52          -46.65           12.33
              53           -10.5           11.33
              54           37.66           11.51
              55           40.19           11.85
              56          -55.96           12.09
              57          -10.76            11.7
              58           32.72            11.8
              59           48.29           12.91
              60          -39.22           11.52
              61          -16.39           12.05
              62           42.75           11.21
              63           72.92           12.73
              64          -57.12           12.82
              65          -47.55           11.92
              66           18.53           13.28
              67           34.36           12.81
              68          -59.33           12.34
              69          -7.062           11.23
              70           7.915           10.94
              71           30.48            12.5
              72          -45.64           12.14
              73          -28.07           11.64
              74           23.62           12.45
              75           62.44           13.39
              76          -33.26           12.03
              77          -10.17           11.18
              78           4.583           11.46
              79           69.85           13.88
              80          -35.95           12.82
              81          -29.26           11.81
              82           10.12           11.72
              83           42.98           11.55
              84          -42.91           12.53
              85          -23.13           11.43
              86           17.29           11.32
              87           30.51           11.74
              88          -49.04           11.93
              89          -14.03           11.58
              90           20.09           11.15
              91            39.3           12.61
              92          -38.82           11.52
              93           13.45           12.21
              94           28.23           10.98
              95           64.04           13.18
              96          -48.34           12.56
              97          -21.92           12.01
              98           16.92            12.8
              99           46.22           13.43
             100          -51.23           12.56
             101          -13.43           11.61
             102          -6.082           12.21
             103           38.73           12.62
             104           -40.9           12.42
             105          -4.927           11.92
             106           28.01           12.51
             107           76.36            13.3
             108          -27.64           11.73
             109           12.45           11.72
             110            13.2           12.28
             111           94.22           13.68
             112          -51.61           12.52
             113          -18.13           11.82
             114           1.784           11.66
             115           37.81            11.8
             116          -71.58           11.87
             117          -20.21           11.16
             118           26.59           11.24
             119           23.89           11.77
             120          -51.28           11.51
             121          -13.98           11.51
             122            3.49           10.68
             123           30.43           11.68
             124          -26.09            11.4
             125          -1.137           12.16
             126           45.16           11.03
             127            95.5           13.98
APV              146               2               0               0
               0           69.82           42.04
               1          -18.97           34.18
               2          -8.548           19.32
               3          -11.27           16.36
               4            -111           11.07
               5          -38.48           10.05
               6          -3.176           11.18
               7           29.46           10.34
               8          -43.86           9.929
               9          -34.26           10.01
              10           33.65           10.55
              11           40.81           10.13
              12           -54.4           9.995
              13          -35.23           9.564
              14           9.407           10.13
              15           61.76            10.3
              16          -33.61           10.27
              17          -41.61           11.05
              18          -5.726            12.7
              19           25.99           9.582
              20          -33.89            9.97
              21          -38.82           9.435
              22            23.2           9.986
              23           44.17           9.472
              24          -57.36           10.04
              25           -20.2           9.609
              26           23.05           9.678
              27           34.86           9.632
              28          -37.54            9.67
              29          -24.35           9.822
              30           20.73           9.531
              31           48.34           9.769
              32          -34.08           10.42
              33          -38.06            10.2
              34           3.804           9.822
              35           26.14           10.54
              36          -36.53           10.03
              37          -34.55            9.78
              38           28.48           10.21
              39           33.92           10.01
              40          -34.89           10.44
              41          -15.21           10.03
              42           16.41           10.73
              43           46.37           10.55
              44          -44.63           10.02
              45          -9.429           9.635
              46           44.69           10.21
              47           70.88            10.7
              48          -42.46           10.39
              49          -54.18           9.626
              50           1.064           11.08
              51           37.64            9.44
              52          -32.94           9.636
              53           -33.9           9.498
              54           8.348           9.669
              55           45.59           9.322
              56          -43.62           9.691
              57           -29.7           9.567
              58           33.13           9.934
              59           33.94           9.892
              60          -46.93           9.247
              61           -33.1           10.08
              62           13.27           9.365
              63           72.78            10.1
              64          -36.61           10.25
              65          -23.26           9.708
              66           4.678           10.67
              67           35.11           10.35
              68           -17.4           9.662
              69          -33.87           9.414
              70           32.25           10.66
              71           36.96           10.05
              72          -34.87           9.727
              73          -6.855           9.261
              74           51.19           10.45
              75           64.91           9.987
              76          -30.51           9.647
              77          -11.35           9.307
              78            40.6           10.36
              79           78.74           10.31
              80          -20.28           10.33
              81          -31.34           9.342
              82           7.034           9.832
              83            41.7            9.21
              84           -57.3           10.05
              85          -37.61           9.201
              86           15.87           10.63
              87           46.81           9.295
              88          -30.69           9.632
              89          -12.02           9.439
              90           6.184           8.731
              91           43.97           9.297
              92          -33.53           9.289
              93          -10.51           9.835
              94           47.74           8.975
              95           71.79            10.2
              96          -42.01           10.18
              97          -26.72           9.652
              98           19.71           11.03
              99           32.69           10.58
             100          -45.51            9.78
             101          -44.45           9.489
             102           22.82           10.33
             103           34.87           10.09
             104          -56.53           9.705
             105          -9.637           9.687
             106           53.81           10.75
             107           71.84            10.4
             108          -17.36           9.488
             109          -13.92           9.806
             110           55.41           10.64
             111           100.4           10.48
             112          -32.69           10.24
             113          -30.14           9.109
             114          -1.083            9.38
             115           46.87           9.226
             116           -39.7           9.813
             117          -31.46           9.076
             118           26.23           8.987
             119           40.18           9.096
             120          -50.28           9.447
             121          -16.27           9.464
             122           56.22           9.235
             123           74.32           9.688
             124          -29.48           9.182
             125          -20.73           10.66
             126              36           9.005
             127           89.06           10.58
